gene_name,cell_type,is_tf,source,category
LUM,airway_smooth_muscle_cells,False,panglao,muscle
COL1A1,airway_smooth_muscle_cells,False,panglao,muscle
COL5A2,airway_smooth_muscle_cells,False,panglao,muscle
COL5A1,airway_smooth_muscle_cells,False,panglao,muscle
FNDC1,airway_smooth_muscle_cells,False,panglao,muscle
COL12A1,airway_smooth_muscle_cells,False,panglao,muscle
IGFBP5,airway_smooth_muscle_cells,False,panglao,muscle
EHD2,airway_smooth_muscle_cells,False,panglao,muscle
COL6A1,airway_smooth_muscle_cells,False,panglao,muscle
LOX,airway_smooth_muscle_cells,False,panglao,muscle
SNAI2,airway_smooth_muscle_cells,True,panglao,muscle
FBN1,airway_smooth_muscle_cells,False,panglao,muscle
TWIST2,airway_smooth_muscle_cells,True,panglao,muscle
PCDH18,airway_smooth_muscle_cells,False,panglao,muscle
SYDE1,airway_smooth_muscle_cells,False,panglao,muscle
CALD1,airway_smooth_muscle_cells,False,panglao,muscle
SERPINH1,airway_smooth_muscle_cells,False,panglao,muscle
MMP2,airway_smooth_muscle_cells,False,panglao,muscle
COL3A1,airway_smooth_muscle_cells,False,panglao,muscle
LMOD1,airway_smooth_muscle_cells,False,panglao,muscle
CPZ,airway_smooth_muscle_cells,False,panglao,muscle
TIMP3,airway_smooth_muscle_cells,False,panglao,muscle
TBX2,airway_smooth_muscle_cells,True,panglao,muscle
PCOLCE,airway_smooth_muscle_cells,False,panglao,muscle
COL4A1,airway_smooth_muscle_cells,False,panglao,muscle
COL4A2,airway_smooth_muscle_cells,False,panglao,muscle
SRPX,airway_smooth_muscle_cells,False,panglao,muscle
FSTL1,airway_smooth_muscle_cells,False,panglao,muscle
GLI2,airway_smooth_muscle_cells,True,panglao,muscle
EDNRA,airway_smooth_muscle_cells,False,panglao,muscle
ADAMTS1,airway_smooth_muscle_cells,False,panglao,muscle
COL1A2,airway_smooth_muscle_cells,False,panglao,muscle
MYL9,airway_smooth_muscle_cells,False,panglao,muscle
TAGLN,airway_smooth_muscle_cells,False,panglao,muscle
MRGPRF,airway_smooth_muscle_cells,False,panglao,muscle
ADGRL4,airway_smooth_muscle_cells,False,panglao,muscle
FIBIN,airway_smooth_muscle_cells,False,panglao,muscle
BGN,airway_smooth_muscle_cells,False,panglao,muscle
TCF21,airway_smooth_muscle_cells,True,panglao,muscle
RSPO3,airway_smooth_muscle_cells,False,panglao,muscle
PDGFRB,airway_smooth_muscle_cells,False,panglao,muscle
PDGFRA,airway_smooth_muscle_cells,False,panglao,muscle
CXCL12,airway_smooth_muscle_cells,False,panglao,muscle
FBLN5,airway_smooth_muscle_cells,False,panglao,muscle
POSTN,airway_smooth_muscle_cells,False,panglao,muscle
COL6A3,airway_smooth_muscle_cells,False,panglao,muscle
COL6A2,airway_smooth_muscle_cells,False,panglao,muscle
HTRA3,airway_smooth_muscle_cells,False,panglao,muscle
IGFBP7,airway_smooth_muscle_cells,False,panglao,muscle
ACTA2,airway_smooth_muscle_cells,False,panglao,muscle
MFAP4,airway_smooth_muscle_cells,False,panglao,muscle
NNMT,airway_smooth_muscle_cells,False,panglao,muscle
HSPB6,airway_smooth_muscle_cells,False,panglao,muscle
DCN,airway_smooth_muscle_cells,False,panglao,muscle
ADAMTS2,airway_smooth_muscle_cells,False,panglao,muscle
TPM2,airway_smooth_muscle_cells,False,panglao,muscle
DKK3,airway_smooth_muscle_cells,False,panglao,muscle
DES,airway_smooth_muscle_cells,False,panglao,muscle
PMP22,airway_smooth_muscle_cells,False,panglao,muscle
GLT8D2,airway_smooth_muscle_cells,False,panglao,muscle
LOXL1,airway_smooth_muscle_cells,False,panglao,muscle
LOXL2,airway_smooth_muscle_cells,False,panglao,muscle
ADGRA2,airway_smooth_muscle_cells,False,panglao,muscle
BMPER,airway_smooth_muscle_cells,False,panglao,muscle
TPM1,airway_smooth_muscle_cells,False,panglao,muscle
FLNC,airway_smooth_muscle_cells,False,panglao,muscle
FOXF2,airway_smooth_muscle_cells,True,panglao,muscle
FOXF1,airway_smooth_muscle_cells,True,panglao,muscle
IGF2,airway_smooth_muscle_cells,False,panglao,muscle
GDF6,airway_smooth_muscle_cells,False,panglao,muscle
CDH11,airway_smooth_muscle_cells,False,panglao,muscle
COL13A1,airway_smooth_muscle_cells,False,panglao,muscle
GATA6,airway_smooth_muscle_cells,True,panglao,muscle
GATA5,airway_smooth_muscle_cells,True,panglao,muscle
PLAT,airway_smooth_muscle_cells,False,panglao,muscle
ACTG2,airway_smooth_muscle_cells,False,panglao,muscle
CNN1,airway_smooth_muscle_cells,False,panglao,muscle
GNG11,airway_smooth_muscle_cells,False,panglao,muscle
EFEMP2,airway_smooth_muscle_cells,False,panglao,muscle
MYOCD,airway_smooth_muscle_cells,False,panglao,muscle
VEGFC,airway_smooth_muscle_cells,False,panglao,muscle
FOXL1,airway_smooth_muscle_cells,True,panglao,muscle
PXDN,airway_smooth_muscle_cells,False,panglao,muscle
ITGA8,airway_smooth_muscle_cells,False,panglao,muscle
LIMS2,airway_smooth_muscle_cells,False,panglao,muscle
FOXC2,airway_smooth_muscle_cells,True,panglao,muscle
NID1,airway_smooth_muscle_cells,False,panglao,muscle
PTH1R,airway_smooth_muscle_cells,False,panglao,muscle
NID2,airway_smooth_muscle_cells,False,panglao,muscle
EMILIN1,airway_smooth_muscle_cells,False,panglao,muscle
WNT2,airway_smooth_muscle_cells,False,panglao,muscle
NOG,airway_smooth_muscle_cells,False,panglao,muscle
HAND2,airway_smooth_muscle_cells,True,panglao,muscle
MSRB3,airway_smooth_muscle_cells,True,panglao,muscle
TGFB1I1,airway_smooth_muscle_cells,False,panglao,muscle
LAMA4,airway_smooth_muscle_cells,False,panglao,muscle
JPH2,airway_smooth_muscle_cells,False,panglao,muscle
ADAMTSL1,airway_smooth_muscle_cells,False,panglao,muscle
MRC2,airway_smooth_muscle_cells,False,panglao,muscle
SLC5A1,cardiomyocytes,False,panglao,myocyte
LOX,cardiomyocytes,False,panglao,myocyte
LMOD1,cardiomyocytes,False,panglao,myocyte
EDNRA,cardiomyocytes,False,panglao,myocyte
AQP1,cardiomyocytes,False,panglao,myocyte
CRYAB,cardiomyocytes,False,panglao,myocyte
ADIPOQ,cardiomyocytes,False,panglao,myocyte
FABP4,cardiomyocytes,False,panglao,myocyte
FMOD,cardiomyocytes,False,panglao,myocyte
COX7A1,cardiomyocytes,False,panglao,myocyte
HSPB7,cardiomyocytes,False,panglao,myocyte
HSPB6,cardiomyocytes,False,panglao,myocyte
HSPB2,cardiomyocytes,False,panglao,myocyte
LAMA2,cardiomyocytes,False,panglao,myocyte
HSPB2-C11ORF52,cardiomyocytes,False,panglao,myocyte
PNMT,cardiomyocytes,False,panglao,myocyte
DES,cardiomyocytes,False,panglao,myocyte
TPM1,cardiomyocytes,False,panglao,myocyte
FLNC,cardiomyocytes,False,panglao,myocyte
GATA6,cardiomyocytes,True,panglao,myocyte
MYOCD,cardiomyocytes,False,panglao,myocyte
PTH1R,cardiomyocytes,False,panglao,myocyte
HAND2,cardiomyocytes,True,panglao,myocyte
JPH2,cardiomyocytes,False,panglao,myocyte
DUSP26,cardiomyocytes,True,panglao,myocyte
SORBS2,cardiomyocytes,False,panglao,myocyte
KLHL41,cardiomyocytes,False,panglao,myocyte
CD36,cardiomyocytes,False,panglao,myocyte
PRKG1,cardiomyocytes,False,panglao,myocyte
ATP1A2,cardiomyocytes,False,panglao,myocyte
HHATL,cardiomyocytes,False,panglao,myocyte
SORBS1,cardiomyocytes,False,panglao,myocyte
CXCR4,cardiomyocytes,False,panglao,myocyte
MITF,cardiomyocytes,True,panglao,myocyte
CTNNB1,cardiomyocytes,True,panglao,myocyte
BMP4,cardiomyocytes,False,panglao,myocyte
HAMP,cardiomyocytes,False,panglao,myocyte
NKX2-5,cardiomyocytes,True,panglao,myocyte
GATA4,cardiomyocytes,True,panglao,myocyte
MYH6,cardiomyocytes,False,panglao,myocyte
ANKRD1,cardiomyocytes,False,panglao,myocyte
CAP2,cardiomyocytes,False,panglao,myocyte
CKM,cardiomyocytes,False,panglao,myocyte
ACTN2,cardiomyocytes,False,panglao,myocyte
TRPV1,cardiomyocytes,False,panglao,myocyte
MYL7,cardiomyocytes,False,panglao,myocyte
OBSCN,cardiomyocytes,False,panglao,myocyte
FNDC5,cardiomyocytes,False,panglao,myocyte
MYL1,cardiomyocytes,False,panglao,myocyte
SYPL2,cardiomyocytes,False,panglao,myocyte
MYL2,cardiomyocytes,False,panglao,myocyte
PPP1R3C,cardiomyocytes,False,panglao,myocyte
MYL3,cardiomyocytes,False,panglao,myocyte
MYL4,cardiomyocytes,False,panglao,myocyte
MHRT,cardiomyocytes,False,panglao,myocyte
CORO6,cardiomyocytes,False,panglao,myocyte
ASB5,cardiomyocytes,False,panglao,myocyte
ALPK3,cardiomyocytes,False,panglao,myocyte
FILIP1,cardiomyocytes,False,panglao,myocyte
ASB2,cardiomyocytes,False,panglao,myocyte
KLHL38,cardiomyocytes,False,panglao,myocyte
SMPX,cardiomyocytes,True,panglao,myocyte
SYNPO2,cardiomyocytes,False,panglao,myocyte
NEXN,cardiomyocytes,False,panglao,myocyte
PPP1R3A,cardiomyocytes,False,panglao,myocyte
COX6A2,cardiomyocytes,False,panglao,myocyte
KLHL31,cardiomyocytes,False,panglao,myocyte
ASB10,cardiomyocytes,False,panglao,myocyte
SLN,cardiomyocytes,False,panglao,myocyte
NRAP,cardiomyocytes,False,panglao,myocyte
MFN2,cardiomyocytes,False,panglao,myocyte
TBX20,cardiomyocytes,True,panglao,myocyte
CCN2,cardiomyocytes,False,panglao,myocyte
RXRG,cardiomyocytes,True,panglao,myocyte
FGF23,cardiomyocytes,False,panglao,myocyte
MYH7B,cardiomyocytes,False,panglao,myocyte
TNNC1,cardiomyocytes,False,panglao,myocyte
ADPRHL1,cardiomyocytes,False,panglao,myocyte
TNNT2,cardiomyocytes,False,panglao,myocyte
COL21A1,cardiomyocytes,False,panglao,myocyte
CASQ1,cardiomyocytes,False,panglao,myocyte
CASQ2,cardiomyocytes,False,panglao,myocyte
STRN,cardiomyocytes,False,panglao,myocyte
ZFPM2,cardiomyocytes,False,panglao,myocyte
MYOM1,cardiomyocytes,False,panglao,myocyte
MYOM2,cardiomyocytes,False,panglao,myocyte
NOTCH1,cardiomyocytes,False,panglao,myocyte
PDE1A,cardiomyocytes,False,panglao,myocyte
ENO3,cardiomyocytes,False,panglao,myocyte
FGF2,cardiomyocytes,False,panglao,myocyte
NPPC,cardiomyocytes,False,panglao,myocyte
ART3,cardiomyocytes,False,panglao,myocyte
SOX18,cardiomyocytes,True,panglao,myocyte
CMYA5,cardiomyocytes,False,panglao,myocyte
NMRK2,cardiomyocytes,False,panglao,myocyte
NPPA,cardiomyocytes,False,panglao,myocyte
GJA5,cardiomyocytes,False,panglao,myocyte
NPPB,cardiomyocytes,False,panglao,myocyte
CACNA1S,cardiomyocytes,False,panglao,myocyte
GPIHBP1,cardiomyocytes,False,panglao,myocyte
SMCO1,cardiomyocytes,False,panglao,myocyte
TRDN,cardiomyocytes,False,panglao,myocyte
TRIM63,cardiomyocytes,False,panglao,myocyte
MYBPC3,cardiomyocytes,False,panglao,myocyte
CAV3,cardiomyocytes,False,panglao,myocyte
BDNF,cardiomyocytes,False,panglao,myocyte
ACTA1,cardiomyocytes,False,panglao,myocyte
RPL7P3,cardiomyocytes,False,panglao,myocyte
SYNPO2L,cardiomyocytes,False,panglao,myocyte
RBM20,cardiomyocytes,False,panglao,myocyte
HRC,cardiomyocytes,False,panglao,myocyte
ITGA7,cardiomyocytes,False,panglao,myocyte
RBM24,cardiomyocytes,False,panglao,myocyte
TRIM54,cardiomyocytes,False,panglao,myocyte
TRIM55,cardiomyocytes,False,panglao,myocyte
MYH7,cardiomyocytes,False,panglao,myocyte
RASL12,cardiomyocytes,False,panglao,myocyte
SLC25A4,cardiomyocytes,False,panglao,myocyte
RRAD,cardiomyocytes,False,panglao,myocyte
MTTP,cardiomyocytes,False,panglao,myocyte
HSPB8,cardiomyocytes,False,panglao,myocyte
HSPB3,cardiomyocytes,False,panglao,myocyte
LMOD2,cardiomyocytes,False,panglao,myocyte
STC1,cardiomyocytes,False,panglao,myocyte
ADM,cardiomyocytes,False,panglao,myocyte
ADIPOR1,cardiomyocytes,False,panglao,myocyte
HMGB2,cardiomyocytes,True,panglao,myocyte
ADIPOR2,cardiomyocytes,False,panglao,myocyte
VLDLR,cardiomyocytes,False,panglao,myocyte
KBTBD13,cardiomyocytes,False,panglao,myocyte
C14ORF180,cardiomyocytes,False,panglao,myocyte
CSRP3,cardiomyocytes,False,panglao,myocyte
PDLIM3,cardiomyocytes,False,panglao,myocyte
SGPL1,cardiomyocytes,False,panglao,myocyte
MB,cardiomyocytes,False,panglao,myocyte
DHRS7C,cardiomyocytes,False,panglao,myocyte
XIRP2,cardiomyocytes,False,panglao,myocyte
XIRP1,cardiomyocytes,False,panglao,myocyte
PDLIM5,cardiomyocytes,True,panglao,myocyte
SMYD1,cardiomyocytes,False,panglao,myocyte
IP6K3,cardiomyocytes,False,panglao,myocyte
CPT1A,cardiomyocytes,False,panglao,myocyte
IL11RA,cardiomyocytes,False,panglao,myocyte
PGAM2,cardiomyocytes,True,panglao,myocyte
PDE4D,cardiomyocytes,False,panglao,myocyte
FAM189A2,cardiomyocytes,False,panglao,myocyte
KLHL40,cardiomyocytes,False,panglao,myocyte
FABP3,cardiomyocytes,False,panglao,myocyte
TXLNB,cardiomyocytes,False,panglao,myocyte
HAND1,cardiomyocytes,True,panglao,myocyte
TCAP,cardiomyocytes,False,panglao,myocyte
SMTNL2,cardiomyocytes,False,panglao,myocyte
RYR2,cardiomyocytes,False,panglao,myocyte
FHL2,cardiomyocytes,True,panglao,myocyte
ATP2A2,cardiomyocytes,False,panglao,myocyte
LDB3,cardiomyocytes,False,panglao,myocyte
PYGM,cardiomyocytes,False,panglao,myocyte
ACTC1,cardiomyocytes,False,panglao,myocyte
TTN,cardiomyocytes,False,panglao,myocyte
SRL,cardiomyocytes,False,panglao,myocyte
PLN,cardiomyocytes,False,panglao,myocyte
CKMT2,cardiomyocytes,False,panglao,myocyte
SGCG,cardiomyocytes,False,panglao,myocyte
C10ORF71,cardiomyocytes,False,panglao,myocyte
HEY2,cardiomyocytes,True,panglao,myocyte
SGCA,cardiomyocytes,False,panglao,myocyte
CKB,cardiomyocytes,False,panglao,myocyte
SPEG,cardiomyocytes,False,panglao,myocyte
TNNI3,cardiomyocytes,False,panglao,myocyte
CTNNA3,cardiomyocytes,False,panglao,myocyte
DMD,cardiomyocytes,False,panglao,myocyte
MYOZ2,cardiomyocytes,False,panglao,myocyte
MYOZ1,cardiomyocytes,False,panglao,myocyte
TNNI1,cardiomyocytes,False,panglao,myocyte
RARRES2,fibroblasts,False,panglao,fibroblast
CELA1,fibroblasts,False,panglao,fibroblast
LUM,fibroblasts,False,panglao,fibroblast
PRRX1,fibroblasts,True,panglao,fibroblast
SCARA5,fibroblasts,False,panglao,fibroblast
COL1A1,fibroblasts,False,panglao,fibroblast
COL5A2,fibroblasts,False,panglao,fibroblast
COL5A1,fibroblasts,False,panglao,fibroblast
FNDC1,fibroblasts,False,panglao,fibroblast
COL12A1,fibroblasts,False,panglao,fibroblast
COL6A1,fibroblasts,False,panglao,fibroblast
LOX,fibroblasts,False,panglao,fibroblast
FBN1,fibroblasts,False,panglao,fibroblast
DPT,fibroblasts,False,panglao,fibroblast
TWIST2,fibroblasts,True,panglao,fibroblast
ISLR,fibroblasts,False,panglao,fibroblast
PCDH18,fibroblasts,False,panglao,fibroblast
EFEMP1,fibroblasts,False,panglao,fibroblast
SERPINH1,fibroblasts,False,panglao,fibroblast
SVEP1,fibroblasts,False,panglao,fibroblast
MMP2,fibroblasts,False,panglao,fibroblast
MMP3,fibroblasts,False,panglao,fibroblast
LAMB1,fibroblasts,False,panglao,fibroblast
COL3A1,fibroblasts,False,panglao,fibroblast
COL14A1,fibroblasts,False,panglao,fibroblast
LAMC1,fibroblasts,False,panglao,fibroblast
LMOD1,fibroblasts,False,panglao,fibroblast
TIMP3,fibroblasts,False,panglao,fibroblast
EN1,fibroblasts,True,panglao,fibroblast
TBX18,fibroblasts,True,panglao,fibroblast
COL4A1,fibroblasts,False,panglao,fibroblast
COL4A2,fibroblasts,False,panglao,fibroblast
FKBP10,fibroblasts,False,panglao,fibroblast
FSTL1,fibroblasts,False,panglao,fibroblast
EDNRA,fibroblasts,False,panglao,fibroblast
IL1R1,fibroblasts,False,panglao,fibroblast
COL1A2,fibroblasts,False,panglao,fibroblast
MXRA5,fibroblasts,False,panglao,fibroblast
MYL9,fibroblasts,False,panglao,fibroblast
TAGLN,fibroblasts,False,panglao,fibroblast
MRGPRF,fibroblasts,False,panglao,fibroblast
SRPX2,fibroblasts,False,panglao,fibroblast
CYP1B1,fibroblasts,False,panglao,fibroblast
COPZ2,fibroblasts,False,panglao,fibroblast
PLSCR4,fibroblasts,False,panglao,fibroblast
PLAC9,fibroblasts,False,panglao,fibroblast
TNS1,fibroblasts,False,panglao,fibroblast
ADAM33,fibroblasts,False,panglao,fibroblast
ADGRL4,fibroblasts,False,panglao,fibroblast
FIBIN,fibroblasts,False,panglao,fibroblast
ACVRL1,fibroblasts,False,panglao,fibroblast
MEDAG,fibroblasts,False,panglao,fibroblast
BGN,fibroblasts,False,panglao,fibroblast
FMO2,fibroblasts,False,panglao,fibroblast
PODN,fibroblasts,False,panglao,fibroblast
FABP4,fibroblasts,False,panglao,fibroblast
FMOD,fibroblasts,False,panglao,fibroblast
ANGPTL2,fibroblasts,False,panglao,fibroblast
CCL11,fibroblasts,False,panglao,fibroblast
TCF21,fibroblasts,True,panglao,fibroblast
OLFML3,fibroblasts,False,panglao,fibroblast
GSN,fibroblasts,False,panglao,fibroblast
PDGFRB,fibroblasts,False,panglao,fibroblast
PDGFRA,fibroblasts,False,panglao,fibroblast
CXCL12,fibroblasts,False,panglao,fibroblast
FAP,fibroblasts,False,panglao,fibroblast
COL5A3,fibroblasts,False,panglao,fibroblast
FBLN5,fibroblasts,False,panglao,fibroblast
CLEC3B,fibroblasts,False,panglao,fibroblast
POSTN,fibroblasts,False,panglao,fibroblast
COL6A3,fibroblasts,False,panglao,fibroblast
COL6A2,fibroblasts,False,panglao,fibroblast
HTRA3,fibroblasts,False,panglao,fibroblast
HTRA1,fibroblasts,False,panglao,fibroblast
COX7A1,fibroblasts,False,panglao,fibroblast
OLFML2B,fibroblasts,False,panglao,fibroblast
LTBP2,fibroblasts,False,panglao,fibroblast
C1QTNF5,fibroblasts,False,panglao,fibroblast
IGFBP7,fibroblasts,False,panglao,fibroblast
C1QTNF1,fibroblasts,False,panglao,fibroblast
ACTA2,fibroblasts,False,panglao,fibroblast
DAB2,fibroblasts,True,panglao,fibroblast
MFAP4,fibroblasts,False,panglao,fibroblast
NNMT,fibroblasts,False,panglao,fibroblast
HSPB6,fibroblasts,False,panglao,fibroblast
CLEC14A,fibroblasts,False,panglao,fibroblast
SOD3,fibroblasts,False,panglao,fibroblast
DCN,fibroblasts,False,panglao,fibroblast
ASPN,fibroblasts,False,panglao,fibroblast
C1R,fibroblasts,False,panglao,fibroblast
C1S,fibroblasts,False,panglao,fibroblast
COL15A1,fibroblasts,False,panglao,fibroblast
LAMA2,fibroblasts,False,panglao,fibroblast
THBS2,fibroblasts,False,panglao,fibroblast
ADAMTS5,fibroblasts,False,panglao,fibroblast
ADAMTS2,fibroblasts,False,panglao,fibroblast
DKK3,fibroblasts,False,panglao,fibroblast
FOXF1,fibroblasts,True,panglao,fibroblast
CDH11,fibroblasts,False,panglao,fibroblast
COL13A1,fibroblasts,False,panglao,fibroblast
EFEMP2,fibroblasts,False,panglao,fibroblast
NID2,fibroblasts,False,panglao,fibroblast
EMILIN1,fibroblasts,False,panglao,fibroblast
LAMA4,fibroblasts,False,panglao,fibroblast
ADAMTSL1,fibroblasts,False,panglao,fibroblast
UCP2,fibroblasts,False,panglao,fibroblast
FRZB,fibroblasts,False,panglao,fibroblast
S100A4,fibroblasts,False,panglao,fibroblast
NR2F6,fibroblasts,True,panglao,fibroblast
TNFRSF1B,fibroblasts,False,panglao,fibroblast
HCK,fibroblasts,False,panglao,fibroblast
FGR,fibroblasts,False,panglao,fibroblast
THY1,fibroblasts,False,panglao,fibroblast
PENK,fibroblasts,False,panglao,fibroblast
SULF1,fibroblasts,False,panglao,fibroblast
SGCD,fibroblasts,False,panglao,fibroblast
ENTPD2,fibroblasts,False,panglao,fibroblast
VIM,fibroblasts,False,panglao,fibroblast
CD40,fibroblasts,False,panglao,fibroblast
FLI1,fibroblasts,True,panglao,fibroblast
ITGAL,fibroblasts,False,panglao,fibroblast
CD55,fibroblasts,False,panglao,fibroblast
NT5E,fibroblasts,False,panglao,fibroblast
GJB2,fibroblasts,False,panglao,fibroblast
HGF,fibroblasts,False,panglao,fibroblast
CCR2,fibroblasts,False,panglao,fibroblast
CD44,fibroblasts,False,panglao,fibroblast
PTCH1,fibroblasts,False,panglao,fibroblast
ZEB2,fibroblasts,True,panglao,fibroblast
FN1,fibroblasts,False,panglao,fibroblast
SYNPO2,fibroblasts,False,panglao,fibroblast
TBX20,fibroblasts,True,panglao,fibroblast
CCN2,fibroblasts,False,panglao,fibroblast
ENO3,fibroblasts,False,panglao,fibroblast
FGF2,fibroblasts,False,panglao,fibroblast
CCDC80,fibroblasts,False,panglao,fibroblast
MGP,fibroblasts,False,panglao,fibroblast
COL16A1,fibroblasts,False,panglao,fibroblast
SLIT3,fibroblasts,False,panglao,fibroblast
PAMR1,fibroblasts,False,panglao,fibroblast
PRG4,fibroblasts,False,panglao,fibroblast
TCF4,fibroblasts,True,panglao,fibroblast
SPARC,fibroblasts,False,panglao,fibroblast
VEGFA,fibroblasts,False,panglao,fibroblast
MMP14,fibroblasts,False,panglao,fibroblast
DDR2,fibroblasts,False,panglao,fibroblast
ELN,fibroblasts,False,panglao,fibroblast
PBX1,fibroblasts,True,panglao,fibroblast
EDN3,fibroblasts,False,panglao,fibroblast
IL6,fibroblasts,False,panglao,fibroblast
CXCL8,fibroblasts,False,panglao,fibroblast
CXCL14,fibroblasts,False,panglao,fibroblast
NR4A2,fibroblasts,True,panglao,fibroblast
STAT3,fibroblasts,True,panglao,fibroblast
KLF4,fibroblasts,True,panglao,fibroblast
TEK,fibroblasts,False,panglao,fibroblast
MEOX1,fibroblasts,True,panglao,fibroblast
CCL19,fibroblasts,False,panglao,fibroblast
VCAM1,fibroblasts,False,panglao,fibroblast
INMT,fibroblasts,False,panglao,fibroblast
ITGBL1,fibroblasts,False,panglao,fibroblast
FKBP7,fibroblasts,False,panglao,fibroblast
COL4A3,fibroblasts,False,panglao,fibroblast
PALLD,fibroblasts,False,panglao,fibroblast
COL4A4,fibroblasts,False,panglao,fibroblast
PI16,fibroblasts,False,panglao,fibroblast
ACKR3,fibroblasts,False,panglao,fibroblast
IL34,fibroblasts,False,panglao,fibroblast
ITIH5,fibroblasts,False,panglao,fibroblast
SPON2,fibroblasts,False,panglao,fibroblast
CYBRD1,fibroblasts,False,panglao,fibroblast
VTN,fibroblasts,False,panglao,fibroblast
PCSK6,fibroblasts,False,panglao,fibroblast
FOSB,fibroblasts,True,panglao,fibroblast
RUNX1,fibroblasts,True,panglao,fibroblast
DKK1,fibroblasts,False,panglao,fibroblast
ABI3BP,fibroblasts,False,panglao,fibroblast
PIP4K2A,fibroblasts,False,panglao,fibroblast
CCN4,fibroblasts,False,panglao,fibroblast
EGR1,fibroblasts,True,panglao,fibroblast
PRKCD,fibroblasts,False,panglao,fibroblast
SLC6A13,fibroblasts,False,panglao,fibroblast
IGF1,fibroblasts,False,panglao,fibroblast
FOSL2,fibroblasts,True,panglao,fibroblast
TREML4,fibroblasts,False,panglao,fibroblast
NOX4,fibroblasts,False,panglao,fibroblast
HHIP,fibroblasts,False,panglao,fibroblast
HIF1A,fibroblasts,True,panglao,fibroblast
SNHG18,fibroblasts,False,panglao,fibroblast
GSTM5,fibroblasts,False,panglao,fibroblast
RIPK3,fibroblasts,False,panglao,fibroblast
NFATC1,fibroblasts,True,panglao,fibroblast
P4HA1,fibroblasts,False,panglao,fibroblast
CTSK,fibroblasts,False,panglao,fibroblast
FAM180A,fibroblasts,False,panglao,fibroblast
OAF,fibroblasts,False,panglao,fibroblast
SERPINB10,fibroblasts,False,panglao,fibroblast
P4HTM,fibroblasts,False,panglao,fibroblast
ABI3,fibroblasts,False,panglao,fibroblast
CD300E,fibroblasts,False,panglao,fibroblast
DPEP1,fibroblasts,False,panglao,fibroblast
FBLN7,fibroblasts,False,panglao,fibroblast
TNXB,fibroblasts,False,panglao,fibroblast
FBLN2,fibroblasts,False,panglao,fibroblast
WIF1,fibroblasts,False,panglao,fibroblast
HAS1,fibroblasts,False,panglao,fibroblast
IGFBP6,fibroblasts,False,panglao,fibroblast
IGFBP3,fibroblasts,False,panglao,fibroblast
SSC5D,fibroblasts,False,panglao,fibroblast
NFKB1,fibroblasts,True,panglao,fibroblast
CKAP4,fibroblasts,False,panglao,fibroblast
NR4A1,fibroblasts,True,panglao,fibroblast
ARAP1,fibroblasts,False,panglao,fibroblast
MFAP5,fibroblasts,False,panglao,fibroblast
COL7A1,fibroblasts,False,panglao,fibroblast
CD248,fibroblasts,False,panglao,fibroblast
NFAT5,fibroblasts,True,panglao,fibroblast
LRRK1,fibroblasts,False,panglao,fibroblast
CXCL3,fibroblasts,False,panglao,fibroblast
ADAMTS10,fibroblasts,False,panglao,fibroblast
MDK,fibroblasts,False,panglao,fibroblast
NGF,fibroblasts,False,panglao,fibroblast
KLF2,fibroblasts,True,panglao,fibroblast
KLF9,fibroblasts,True,panglao,fibroblast
ERCC1,fibroblasts,False,panglao,fibroblast
GREM1,fibroblasts,False,panglao,fibroblast
KLF6,fibroblasts,True,panglao,fibroblast
COL8A1,fibroblasts,False,panglao,fibroblast
PTX3,fibroblasts,False,panglao,fibroblast
CEBPB,fibroblasts,True,panglao,fibroblast
PKD2,fibroblasts,False,panglao,fibroblast
CTHRC1,fibroblasts,False,panglao,fibroblast
LUM,myoblasts,False,panglao,myoblast
PRRX1,myoblasts,True,panglao,myoblast
COL1A1,myoblasts,False,panglao,myoblast
COL5A2,myoblasts,False,panglao,myoblast
COL5A1,myoblasts,False,panglao,myoblast
FKBP9,myoblasts,False,panglao,myoblast
AMOTL2,myoblasts,False,panglao,myoblast
CSPG4,myoblasts,False,panglao,myoblast
YAP1,myoblasts,False,panglao,myoblast
COL12A1,myoblasts,False,panglao,myoblast
EGFR,myoblasts,False,panglao,myoblast
UACA,myoblasts,False,panglao,myoblast
ANTXR1,myoblasts,False,panglao,myoblast
WWTR1,myoblasts,False,panglao,myoblast
IGFBP5,myoblasts,False,panglao,myoblast
EHD2,myoblasts,False,panglao,myoblast
FERMT2,myoblasts,False,panglao,myoblast
COL6A1,myoblasts,False,panglao,myoblast
SNAI2,myoblasts,True,panglao,myoblast
CHST3,myoblasts,False,panglao,myoblast
FBN1,myoblasts,False,panglao,myoblast
ISLR,myoblasts,False,panglao,myoblast
SYDE1,myoblasts,False,panglao,myoblast
CALD1,myoblasts,False,panglao,myoblast
MMP2,myoblasts,False,panglao,myoblast
CAV1,myoblasts,False,panglao,myoblast
LAMB2,myoblasts,False,panglao,myoblast
LAMB1,myoblasts,False,panglao,myoblast
GNG12,myoblasts,False,panglao,myoblast
PARVA,myoblasts,False,panglao,myoblast
COL3A1,myoblasts,False,panglao,myoblast
PTPN21,myoblasts,False,panglao,myoblast
LMOD1,myoblasts,False,panglao,myoblast
TIMP3,myoblasts,False,panglao,myoblast
TEAD1,myoblasts,True,panglao,myoblast
TEAD3,myoblasts,True,panglao,myoblast
RHBDF1,myoblasts,False,panglao,myoblast
TBX3,myoblasts,True,panglao,myoblast
COL4A1,myoblasts,False,panglao,myoblast
COL4A2,myoblasts,False,panglao,myoblast
SRPX,myoblasts,False,panglao,myoblast
FKBP10,myoblasts,False,panglao,myoblast
FSTL1,myoblasts,False,panglao,myoblast
RND3,myoblasts,False,panglao,myoblast
EDNRA,myoblasts,False,panglao,myoblast
COL1A2,myoblasts,False,panglao,myoblast
MXRA5,myoblasts,False,panglao,myoblast
MRGPRF,myoblasts,False,panglao,myoblast
SRPX2,myoblasts,False,panglao,myoblast
CRYAB,myoblasts,False,panglao,myoblast
TNS2,myoblasts,False,panglao,myoblast
MEDAG,myoblasts,False,panglao,myoblast
ADAM12,myoblasts,False,panglao,myoblast
BGN,myoblasts,False,panglao,myoblast
ANGPTL2,myoblasts,False,panglao,myoblast
OLFML3,myoblasts,False,panglao,myoblast
ZBTB16,myoblasts,True,panglao,myoblast
POSTN,myoblasts,False,panglao,myoblast
HTRA1,myoblasts,False,panglao,myoblast
C1QTNF5,myoblasts,False,panglao,myoblast
C1QTNF1,myoblasts,False,panglao,myoblast
NNMT,myoblasts,False,panglao,myoblast
HSPB7,myoblasts,False,panglao,myoblast
HSPB6,myoblasts,False,panglao,myoblast
FAM114A1,myoblasts,False,panglao,myoblast
HSPB2,myoblasts,False,panglao,myoblast
HSPB2-C11ORF52,myoblasts,False,panglao,myoblast
FGFR4,myoblasts,False,panglao,myoblast
TPM2,myoblasts,False,panglao,myoblast
DES,myoblasts,False,panglao,myoblast
TPM1,myoblasts,False,panglao,myoblast
FLNC,myoblasts,False,panglao,myoblast
IGF2,myoblasts,False,panglao,myoblast
JPH2,myoblasts,False,panglao,myoblast
CACNA2D1,myoblasts,False,panglao,myoblast
PKDCC,myoblasts,False,panglao,myoblast
PDZRN3,myoblasts,False,panglao,myoblast
TMEM47,myoblasts,False,panglao,myoblast
PAX7,myoblasts,True,panglao,myoblast
PRKG1,myoblasts,False,panglao,myoblast
BRAF,myoblasts,False,panglao,myoblast
CAPN1,myoblasts,False,panglao,myoblast
TNFRSF12A,myoblasts,False,panglao,myoblast
ACHE,myoblasts,False,panglao,myoblast
FN1,myoblasts,False,panglao,myoblast
NES,myoblasts,False,panglao,myoblast
BCAR1,myoblasts,False,panglao,myoblast
CAP2,myoblasts,False,panglao,myoblast
MYL1,myoblasts,False,panglao,myoblast
PPP1R3C,myoblasts,False,panglao,myoblast
MYL3,myoblasts,False,panglao,myoblast
ASB5,myoblasts,False,panglao,myoblast
ENO3,myoblasts,False,panglao,myoblast
RBM24,myoblasts,False,panglao,myoblast
HSPB8,myoblasts,False,panglao,myoblast
KLHL40,myoblasts,False,panglao,myoblast
ACTC1,myoblasts,False,panglao,myoblast
TTN,myoblasts,False,panglao,myoblast
MYOZ2,myoblasts,False,panglao,myoblast
CXCL1,myoblasts,False,panglao,myoblast
COL16A1,myoblasts,False,panglao,myoblast
FBXL7,myoblasts,False,panglao,myoblast
ADAMTS12,myoblasts,False,panglao,myoblast
CCL2,myoblasts,False,panglao,myoblast
HSPG2,myoblasts,False,panglao,myoblast
MYF6,myoblasts,True,panglao,myoblast
AFAP1L1,myoblasts,False,panglao,myoblast
ARL4D,myoblasts,False,panglao,myoblast
LMCD1,myoblasts,False,panglao,myoblast
PALLD,myoblasts,False,panglao,myoblast
GPC1,myoblasts,False,panglao,myoblast
NGF,myoblasts,False,panglao,myoblast
PHLDB1,myoblasts,False,panglao,myoblast
SIX1,myoblasts,True,panglao,myoblast
TSPAN9,myoblasts,False,panglao,myoblast
LIF,myoblasts,False,panglao,myoblast
PAX3,myoblasts,True,panglao,myoblast
SYNC,myoblasts,False,panglao,myoblast
ANGPT2,myoblasts,False,panglao,myoblast
MUSK,myoblasts,False,panglao,myoblast
MYD88,myoblasts,False,panglao,myoblast
CDH15,myoblasts,False,panglao,myoblast
MYF5,myoblasts,True,panglao,myoblast
MYOG,myoblasts,True,panglao,myoblast
MYOD1,myoblasts,True,panglao,myoblast
STK40,myoblasts,True,panglao,myoblast
PRRX1,myocytes,True,panglao,myocyte
NOTCH3,myocytes,False,panglao,myocyte
ISLR,myocytes,False,panglao,myocyte
MMP2,myocytes,False,panglao,myocyte
LAMB1,myocytes,False,panglao,myocyte
COL3A1,myocytes,False,panglao,myocyte
LMOD1,myocytes,False,panglao,myocyte
COL4A1,myocytes,False,panglao,myocyte
EDNRA,myocytes,False,panglao,myocyte
CRYAB,myocytes,False,panglao,myocyte
ADAM12,myocytes,False,panglao,myocyte
ANGPTL2,myocytes,False,panglao,myocyte
COX7A1,myocytes,False,panglao,myocyte
HSPB7,myocytes,False,panglao,myocyte
HSPB6,myocytes,False,panglao,myocyte
HSPB2,myocytes,False,panglao,myocyte
LAMA2,myocytes,False,panglao,myocyte
HSPB2-C11ORF52,myocytes,False,panglao,myocyte
MYH14,myocytes,False,panglao,myocyte
TPM2,myocytes,False,panglao,myocyte
DES,myocytes,False,panglao,myocyte
TPM1,myocytes,False,panglao,myocyte
FLNC,myocytes,False,panglao,myocyte
GATA5,myocytes,True,panglao,myocyte
NID1,myocytes,False,panglao,myocyte
NID2,myocytes,False,panglao,myocyte
JPH2,myocytes,False,panglao,myocyte
KLHL41,myocytes,False,panglao,myocyte
MRC1,myocytes,False,panglao,myocyte
PAX7,myocytes,True,panglao,myocyte
PRKG1,myocytes,False,panglao,myocyte
SULF1,myocytes,False,panglao,myocyte
SGCD,myocytes,False,panglao,myocyte
HHATL,myocytes,False,panglao,myocyte
CXCR4,myocytes,False,panglao,myocyte
IL4R,myocytes,False,panglao,myocyte
ITGA3,myocytes,False,panglao,myocyte
IL4,myocytes,False,panglao,myocyte
GATA4,myocytes,True,panglao,myocyte
MYH6,myocytes,False,panglao,myocyte
DOCK1,myocytes,False,panglao,myocyte
ANKRD1,myocytes,False,panglao,myocyte
CKM,myocytes,False,panglao,myocyte
ACTN2,myocytes,False,panglao,myocyte
MYL1,myocytes,False,panglao,myocyte
SYPL2,myocytes,False,panglao,myocyte
MYL2,myocytes,False,panglao,myocyte
MYL3,myocytes,False,panglao,myocyte
ASB5,myocytes,False,panglao,myocyte
ALPK3,myocytes,False,panglao,myocyte
KLHL38,myocytes,False,panglao,myocyte
SMPX,myocytes,True,panglao,myocyte
SYNPO2,myocytes,False,panglao,myocyte
PPP1R3A,myocytes,False,panglao,myocyte
COX6A2,myocytes,False,panglao,myocyte
ASB10,myocytes,False,panglao,myocyte
SLN,myocytes,False,panglao,myocyte
NRAP,myocytes,False,panglao,myocyte
TNNC1,myocytes,False,panglao,myocyte
CASQ1,myocytes,False,panglao,myocyte
CASQ2,myocytes,False,panglao,myocyte
ENO3,myocytes,False,panglao,myocyte
CMYA5,myocytes,False,panglao,myocyte
NMRK2,myocytes,False,panglao,myocyte
NPPA,myocytes,False,panglao,myocyte
NPPB,myocytes,False,panglao,myocyte
CACNA1S,myocytes,False,panglao,myocyte
SMCO1,myocytes,False,panglao,myocyte
TRDN,myocytes,False,panglao,myocyte
TRIM63,myocytes,False,panglao,myocyte
CAV3,myocytes,False,panglao,myocyte
ACTA1,myocytes,False,panglao,myocyte
RPL7P3,myocytes,False,panglao,myocyte
HRC,myocytes,False,panglao,myocyte
ITGA7,myocytes,False,panglao,myocyte
TRIM54,myocytes,False,panglao,myocyte
TRIM55,myocytes,False,panglao,myocyte
MYH7,myocytes,False,panglao,myocyte
RASL12,myocytes,False,panglao,myocyte
HSPB8,myocytes,False,panglao,myocyte
HSPB3,myocytes,False,panglao,myocyte
LMOD2,myocytes,False,panglao,myocyte
KBTBD13,myocytes,False,panglao,myocyte
CSRP3,myocytes,False,panglao,myocyte
PDLIM3,myocytes,False,panglao,myocyte
DHRS7C,myocytes,False,panglao,myocyte
XIRP2,myocytes,False,panglao,myocyte
XIRP1,myocytes,False,panglao,myocyte
SMYD1,myocytes,False,panglao,myocyte
IP6K3,myocytes,False,panglao,myocyte
PGAM2,myocytes,True,panglao,myocyte
KLHL40,myocytes,False,panglao,myocyte
FABP3,myocytes,False,panglao,myocyte
TCAP,myocytes,False,panglao,myocyte
FHL2,myocytes,True,panglao,myocyte
LDB3,myocytes,False,panglao,myocyte
PYGM,myocytes,False,panglao,myocyte
ACTC1,myocytes,False,panglao,myocyte
TTN,myocytes,False,panglao,myocyte
SRL,myocytes,False,panglao,myocyte
CKMT2,myocytes,False,panglao,myocyte
SGCG,myocytes,False,panglao,myocyte
C10ORF71,myocytes,False,panglao,myocyte
SGCA,myocytes,False,panglao,myocyte
SPEG,myocytes,False,panglao,myocyte
DMD,myocytes,False,panglao,myocyte
MYOZ2,myocytes,False,panglao,myocyte
MYOZ1,myocytes,False,panglao,myocyte
TNNI1,myocytes,False,panglao,myocyte
CHODL,myocytes,False,panglao,myocyte
PLD1,myocytes,False,panglao,myocyte
PTK2,myocytes,False,panglao,myocyte
MYF6,myocytes,True,panglao,myocyte
CMKLR1,myocytes,False,panglao,myocyte
ARHGAP26,myocytes,False,panglao,myocyte
MMP9,myocytes,False,panglao,myocyte
SIX1,myocytes,True,panglao,myocyte
SIX4,myocytes,True,panglao,myocyte
PAX3,myocytes,True,panglao,myocyte
CDH15,myocytes,False,panglao,myocyte
MYF5,myocytes,True,panglao,myocyte
MYOG,myocytes,True,panglao,myocyte
MYOD1,myocytes,True,panglao,myocyte
ACTN3,myocytes,False,panglao,myocyte
CAPZA3,myocytes,False,panglao,myocyte
DLL1,myocytes,False,panglao,myocyte
TNNC2,myocytes,False,panglao,myocyte
IQSEC1,myocytes,False,panglao,myocyte
PLPP7,myocytes,False,panglao,myocyte
MYLPF,myocytes,False,panglao,myocyte
TNNT1,myocytes,False,panglao,myocyte
TNNT3,myocytes,False,panglao,myocyte
PRKCQ,myocytes,False,panglao,myocyte
VGLL2,myocytes,False,panglao,myocyte
DOCK5,myocytes,False,panglao,myocyte
PXN,myocytes,False,panglao,myocyte
TRIO,myocytes,False,panglao,myocyte
WASHC1,myocytes,False,panglao,myocyte
UNC45B,myocytes,False,panglao,myocyte
EDN1,myocytes,True,panglao,myocyte
NEB,myocytes,False,panglao,myocyte
MYH1,myocytes,False,panglao,myocyte
MYH2,myocytes,False,panglao,myocyte
MYH4,myocytes,False,panglao,myocyte
MSTN,myocytes,False,panglao,myocyte
MYH8,myocytes,False,panglao,myocyte
LRRC30,myocytes,False,panglao,myocyte
ANKRD2,myocytes,False,panglao,myocyte
MYOC,myocytes,False,panglao,myocyte
MEF2B,myocytes,True,panglao,myocyte
MEF2A,myocytes,True,panglao,myocyte
MEF2D,myocytes,True,panglao,myocyte
PTGIR,myocytes,False,panglao,myocyte
TMOD4,myocytes,False,panglao,myocyte
NPHS1,myocytes,False,panglao,myocyte
NBR1,myocytes,False,panglao,myocyte
CLOCK,myocytes,True,panglao,myocyte
POPDC2,myocytes,False,panglao,myocyte
WIPF1,myocytes,False,panglao,myocyte
LDB1,myocytes,True,panglao,myocyte
THBS4,myocytes,False,panglao,myocyte
TNNI2,myocytes,False,panglao,myocyte
CACNG1,myocytes,False,panglao,myocyte
LUM,myofibroblasts,False,panglao,myofibroblast
PRRX1,myofibroblasts,True,panglao,myofibroblast
COL1A1,myofibroblasts,False,panglao,myofibroblast
COL5A2,myofibroblasts,False,panglao,myofibroblast
COL5A1,myofibroblasts,False,panglao,myofibroblast
COL12A1,myofibroblasts,False,panglao,myofibroblast
IGFBP5,myofibroblasts,False,panglao,myofibroblast
COL6A1,myofibroblasts,False,panglao,myofibroblast
FBN1,myofibroblasts,False,panglao,myofibroblast
ISLR,myofibroblasts,False,panglao,myofibroblast
PCDH18,myofibroblasts,False,panglao,myofibroblast
CALD1,myofibroblasts,False,panglao,myofibroblast
SVEP1,myofibroblasts,False,panglao,myofibroblast
MMP2,myofibroblasts,False,panglao,myofibroblast
LAMB2,myofibroblasts,False,panglao,myofibroblast
PARVA,myofibroblasts,False,panglao,myofibroblast
COL3A1,myofibroblasts,False,panglao,myofibroblast
COL14A1,myofibroblasts,False,panglao,myofibroblast
LMOD1,myofibroblasts,False,panglao,myofibroblast
TIMP3,myofibroblasts,False,panglao,myofibroblast
COL4A1,myofibroblasts,False,panglao,myofibroblast
COL4A2,myofibroblasts,False,panglao,myofibroblast
FSTL1,myofibroblasts,False,panglao,myofibroblast
EDNRA,myofibroblasts,False,panglao,myofibroblast
COL1A2,myofibroblasts,False,panglao,myofibroblast
MXRA5,myofibroblasts,False,panglao,myofibroblast
MYL9,myofibroblasts,False,panglao,myofibroblast
LRP1,myofibroblasts,False,panglao,myofibroblast
TAGLN,myofibroblasts,False,panglao,myofibroblast
MRGPRF,myofibroblasts,False,panglao,myofibroblast
AQP1,myofibroblasts,False,panglao,myofibroblast
PLSCR4,myofibroblasts,False,panglao,myofibroblast
CRYAB,myofibroblasts,False,panglao,myofibroblast
PLPP3,myofibroblasts,False,panglao,myofibroblast
TNS1,myofibroblasts,False,panglao,myofibroblast
TNS2,myofibroblasts,False,panglao,myofibroblast
ADAM33,myofibroblasts,False,panglao,myofibroblast
ADGRL4,myofibroblasts,False,panglao,myofibroblast
FIBIN,myofibroblasts,False,panglao,myofibroblast
MEDAG,myofibroblasts,False,panglao,myofibroblast
BGN,myofibroblasts,False,panglao,myofibroblast
PODN,myofibroblasts,False,panglao,myofibroblast
FMOD,myofibroblasts,False,panglao,myofibroblast
ANGPTL2,myofibroblasts,False,panglao,myofibroblast
OLFML3,myofibroblasts,False,panglao,myofibroblast
PDGFRB,myofibroblasts,False,panglao,myofibroblast
PDGFRA,myofibroblasts,False,panglao,myofibroblast
CXCL12,myofibroblasts,False,panglao,myofibroblast
FAP,myofibroblasts,False,panglao,myofibroblast
POSTN,myofibroblasts,False,panglao,myofibroblast
COL6A3,myofibroblasts,False,panglao,myofibroblast
HTRA1,myofibroblasts,False,panglao,myofibroblast
C1QTNF5,myofibroblasts,False,panglao,myofibroblast
ACTA2,myofibroblasts,False,panglao,myofibroblast
MFAP4,myofibroblasts,False,panglao,myofibroblast
HSPB6,myofibroblasts,False,panglao,myofibroblast
HSPB2,myofibroblasts,False,panglao,myofibroblast
SOD3,myofibroblasts,False,panglao,myofibroblast
DCN,myofibroblasts,False,panglao,myofibroblast
C1R,myofibroblasts,False,panglao,myofibroblast
C1S,myofibroblasts,False,panglao,myofibroblast
LAMA2,myofibroblasts,False,panglao,myofibroblast
THBS2,myofibroblasts,False,panglao,myofibroblast
ADAMTS5,myofibroblasts,False,panglao,myofibroblast
TPM2,myofibroblasts,False,panglao,myofibroblast
DKK3,myofibroblasts,False,panglao,myofibroblast
DES,myofibroblasts,False,panglao,myofibroblast
TPM1,myofibroblasts,False,panglao,myofibroblast
FLNC,myofibroblasts,False,panglao,myofibroblast
CDH11,myofibroblasts,False,panglao,myofibroblast
CNN1,myofibroblasts,False,panglao,myofibroblast
EFEMP2,myofibroblasts,False,panglao,myofibroblast
MYOCD,myofibroblasts,False,panglao,myofibroblast
LAMA4,myofibroblasts,False,panglao,myofibroblast
ADAMTSL1,myofibroblasts,False,panglao,myofibroblast
LDB2,myofibroblasts,False,panglao,myofibroblast
TMEM47,myofibroblasts,False,panglao,myofibroblast
NTM,myofibroblasts,False,panglao,myofibroblast
THY1,myofibroblasts,False,panglao,myofibroblast
PRKG1,myofibroblasts,False,panglao,myofibroblast
SULF1,myofibroblasts,False,panglao,myofibroblast
GFAP,myofibroblasts,False,panglao,myofibroblast
GJA1,myofibroblasts,False,panglao,myofibroblast
DAAM2,myofibroblasts,False,panglao,myofibroblast
PTN,myofibroblasts,False,panglao,myofibroblast
MYLK,myofibroblasts,True,panglao,myofibroblast
FN1,myofibroblasts,False,panglao,myofibroblast
PPP1R3C,myofibroblasts,False,panglao,myofibroblast
RASL12,myofibroblasts,False,panglao,myofibroblast
CCDC80,myofibroblasts,False,panglao,myofibroblast
COL16A1,myofibroblasts,False,panglao,myofibroblast
SLIT3,myofibroblasts,False,panglao,myofibroblast
PAMR1,myofibroblasts,False,panglao,myofibroblast
FBXL7,myofibroblasts,False,panglao,myofibroblast
SPARC,myofibroblasts,False,panglao,myofibroblast
DDR2,myofibroblasts,False,panglao,myofibroblast
ELN,myofibroblasts,False,panglao,myofibroblast
TEK,myofibroblasts,False,panglao,myofibroblast
PALLD,myofibroblasts,False,panglao,myofibroblast
PHLDB1,myofibroblasts,False,panglao,myofibroblast
ESRP1,pluripotent_stem_cells,True,panglao,ipsc
SPN,pluripotent_stem_cells,False,panglao,ipsc
GATA2,pluripotent_stem_cells,True,panglao,ipsc
ALPL,pluripotent_stem_cells,False,panglao,ipsc
LIN28B,pluripotent_stem_cells,True,panglao,ipsc
TERT,pluripotent_stem_cells,False,panglao,ipsc
ZSCAN10,pluripotent_stem_cells,True,panglao,ipsc
GDF3,pluripotent_stem_cells,False,panglao,ipsc
TEX19,pluripotent_stem_cells,False,panglao,ipsc
NANOG,pluripotent_stem_cells,True,panglao,ipsc
TDGF1,pluripotent_stem_cells,False,panglao,ipsc
FGF4,pluripotent_stem_cells,False,panglao,ipsc
SOX2,pluripotent_stem_cells,True,panglao,ipsc
SALL4,pluripotent_stem_cells,True,panglao,ipsc
DNMT3B,pluripotent_stem_cells,False,panglao,ipsc
DPPA2,pluripotent_stem_cells,False,panglao,ipsc
ZFX,pluripotent_stem_cells,True,panglao,ipsc
POU5F1,pluripotent_stem_cells,True,panglao,ipsc
NR6A1,pluripotent_stem_cells,True,panglao,ipsc
CLDN6,pluripotent_stem_cells,False,panglao,ipsc
ZIC3,pluripotent_stem_cells,True,panglao,ipsc
CHEK2,pluripotent_stem_cells,False,panglao,ipsc
TRIM71,pluripotent_stem_cells,False,panglao,ipsc
LIN28A,pluripotent_stem_cells,True,panglao,ipsc
HES3,pluripotent_stem_cells,False,panglao,ipsc
CRYGEP,pluripotent_stem_cells,False,panglao,ipsc
VRTN,pluripotent_stem_cells,False,panglao,ipsc
SLC7A3,pluripotent_stem_cells,False,panglao,ipsc
OTX2,pluripotent_stem_cells,True,panglao,ipsc
VASH2,pluripotent_stem_cells,False,panglao,ipsc
NANOGP8,pluripotent_stem_cells,True,panglao,ipsc
NKX1-2,pluripotent_stem_cells,True,panglao,ipsc
CCNA2,pluripotent_stem_cells,False,panglao,ipsc
PFAS,pluripotent_stem_cells,False,panglao,ipsc
CENPF,pluripotent_stem_cells,False,panglao,ipsc
CHEK1,pluripotent_stem_cells,False,panglao,ipsc
TRIM32,pluripotent_stem_cells,False,panglao,ipsc
GINS1,pluripotent_stem_cells,False,panglao,ipsc
SUPT16H,pluripotent_stem_cells,False,panglao,ipsc
KNOP1,pluripotent_stem_cells,False,panglao,ipsc
LIG3,pluripotent_stem_cells,False,panglao,ipsc
MSH2,pluripotent_stem_cells,False,panglao,ipsc
WDHD1,pluripotent_stem_cells,False,panglao,ipsc
DEPDC1B,pluripotent_stem_cells,False,panglao,ipsc
SGO1,pluripotent_stem_cells,False,panglao,ipsc
BUB1B,pluripotent_stem_cells,False,panglao,ipsc
FANCD2,pluripotent_stem_cells,False,panglao,ipsc
MSH6,pluripotent_stem_cells,False,panglao,ipsc
DNA2,pluripotent_stem_cells,False,panglao,ipsc
MAD2L1,pluripotent_stem_cells,False,panglao,ipsc
KDM1A,pluripotent_stem_cells,False,panglao,ipsc
SRSF1,pluripotent_stem_cells,False,panglao,ipsc
CCNF,pluripotent_stem_cells,False,panglao,ipsc
HNRNPU,pluripotent_stem_cells,False,panglao,ipsc
SEPHS1,pluripotent_stem_cells,False,panglao,ipsc
E2F5,pluripotent_stem_cells,True,panglao,ipsc
KNTC1,pluripotent_stem_cells,False,panglao,ipsc
FANCI,pluripotent_stem_cells,False,panglao,ipsc
PLK4,pluripotent_stem_cells,False,panglao,ipsc
NASP,pluripotent_stem_cells,False,panglao,ipsc
TERF1,pluripotent_stem_cells,True,panglao,ipsc
NDC80,pluripotent_stem_cells,False,panglao,ipsc
NCL,pluripotent_stem_cells,False,panglao,ipsc
ZGRF1,pluripotent_stem_cells,False,panglao,ipsc
SET,pluripotent_stem_cells,False,panglao,ipsc
BLM,pluripotent_stem_cells,False,panglao,ipsc
CDCA7,pluripotent_stem_cells,False,panglao,ipsc
TTF2,pluripotent_stem_cells,False,panglao,ipsc
CHAF1A,pluripotent_stem_cells,False,panglao,ipsc
PPAT,pluripotent_stem_cells,False,panglao,ipsc
RCC2,pluripotent_stem_cells,False,panglao,ipsc
PAICS,pluripotent_stem_cells,False,panglao,ipsc
RFC4,pluripotent_stem_cells,False,panglao,ipsc
RFC3,pluripotent_stem_cells,True,panglao,ipsc
CBX2,pluripotent_stem_cells,False,panglao,ipsc
NCOA5,pluripotent_stem_cells,False,panglao,ipsc
CDC7,pluripotent_stem_cells,False,panglao,ipsc
NAP1L1,pluripotent_stem_cells,True,panglao,ipsc
CDC6,pluripotent_stem_cells,False,panglao,ipsc
TICRR,pluripotent_stem_cells,False,panglao,ipsc
FUBP1,pluripotent_stem_cells,True,panglao,ipsc
CENPH,pluripotent_stem_cells,False,panglao,ipsc
MCM4,pluripotent_stem_cells,False,panglao,ipsc
MCM3,pluripotent_stem_cells,False,panglao,ipsc
KIF11,pluripotent_stem_cells,False,panglao,ipsc
PIF1,pluripotent_stem_cells,False,panglao,ipsc
SUV39H2,pluripotent_stem_cells,False,panglao,ipsc
PSIP1,pluripotent_stem_cells,False,panglao,ipsc
GMPS,pluripotent_stem_cells,False,panglao,ipsc
MCM10,pluripotent_stem_cells,False,panglao,ipsc
PRDM14,pluripotent_stem_cells,True,panglao,ipsc
HK2,pluripotent_stem_cells,False,panglao,ipsc
ORC1,pluripotent_stem_cells,False,panglao,ipsc
NPM1,pluripotent_stem_cells,False,panglao,ipsc
SMARCC1,pluripotent_stem_cells,True,panglao,ipsc
HELLS,pluripotent_stem_cells,False,panglao,ipsc
PRMT8,pluripotent_stem_cells,False,panglao,ipsc
ATAD5,pluripotent_stem_cells,False,panglao,ipsc
PARP1,pluripotent_stem_cells,True,panglao,ipsc
RFWD3,pluripotent_stem_cells,False,panglao,ipsc
AUNIP,pluripotent_stem_cells,False,panglao,ipsc
NUP107,pluripotent_stem_cells,True,panglao,ipsc
PHF6,pluripotent_stem_cells,False,panglao,ipsc
ERCC6L,pluripotent_stem_cells,False,panglao,ipsc
ZNF296,pluripotent_stem_cells,True,panglao,ipsc
MCM8,pluripotent_stem_cells,False,panglao,ipsc
HDAC2,pluripotent_stem_cells,True,panglao,ipsc
FOXI3,pluripotent_stem_cells,False,panglao,ipsc
FBXO5,pluripotent_stem_cells,False,panglao,ipsc
BEND3,pluripotent_stem_cells,False,panglao,ipsc
BUB1,pluripotent_stem_cells,False,panglao,ipsc
HNRNPA1,pluripotent_stem_cells,True,panglao,ipsc
LUM,pulmonary_vascular_smooth_muscle_cells,False,panglao,muscle
PRRX1,pulmonary_vascular_smooth_muscle_cells,True,panglao,muscle
COL1A1,pulmonary_vascular_smooth_muscle_cells,False,panglao,muscle
COL5A2,pulmonary_vascular_smooth_muscle_cells,False,panglao,muscle
COL5A1,pulmonary_vascular_smooth_muscle_cells,False,panglao,muscle
FBN1,pulmonary_vascular_smooth_muscle_cells,False,panglao,muscle
DPT,pulmonary_vascular_smooth_muscle_cells,False,panglao,muscle
ISLR,pulmonary_vascular_smooth_muscle_cells,False,panglao,muscle
PCDH18,pulmonary_vascular_smooth_muscle_cells,False,panglao,muscle
CALD1,pulmonary_vascular_smooth_muscle_cells,False,panglao,muscle
SVEP1,pulmonary_vascular_smooth_muscle_cells,False,panglao,muscle
ZNF521,pulmonary_vascular_smooth_muscle_cells,True,panglao,muscle
MMP2,pulmonary_vascular_smooth_muscle_cells,False,panglao,muscle
COL3A1,pulmonary_vascular_smooth_muscle_cells,False,panglao,muscle
COL14A1,pulmonary_vascular_smooth_muscle_cells,False,panglao,muscle
LMOD1,pulmonary_vascular_smooth_muscle_cells,False,panglao,muscle
PCOLCE,pulmonary_vascular_smooth_muscle_cells,False,panglao,muscle
COL4A1,pulmonary_vascular_smooth_muscle_cells,False,panglao,muscle
FSTL1,pulmonary_vascular_smooth_muscle_cells,False,panglao,muscle
COL1A2,pulmonary_vascular_smooth_muscle_cells,False,panglao,muscle
MXRA5,pulmonary_vascular_smooth_muscle_cells,False,panglao,muscle
MYL9,pulmonary_vascular_smooth_muscle_cells,False,panglao,muscle
TAGLN,pulmonary_vascular_smooth_muscle_cells,False,panglao,muscle
MRGPRF,pulmonary_vascular_smooth_muscle_cells,False,panglao,muscle
AQP1,pulmonary_vascular_smooth_muscle_cells,False,panglao,muscle
ABCA8,pulmonary_vascular_smooth_muscle_cells,False,panglao,muscle
SERPING1,pulmonary_vascular_smooth_muscle_cells,False,panglao,muscle
CRYAB,pulmonary_vascular_smooth_muscle_cells,False,panglao,muscle
TNS1,pulmonary_vascular_smooth_muscle_cells,False,panglao,muscle
ADAM33,pulmonary_vascular_smooth_muscle_cells,False,panglao,muscle
ADGRL4,pulmonary_vascular_smooth_muscle_cells,False,panglao,muscle
FIBIN,pulmonary_vascular_smooth_muscle_cells,False,panglao,muscle
MEDAG,pulmonary_vascular_smooth_muscle_cells,False,panglao,muscle
BGN,pulmonary_vascular_smooth_muscle_cells,False,panglao,muscle
PODN,pulmonary_vascular_smooth_muscle_cells,False,panglao,muscle
FMOD,pulmonary_vascular_smooth_muscle_cells,False,panglao,muscle
ANGPTL2,pulmonary_vascular_smooth_muscle_cells,False,panglao,muscle
OLFML3,pulmonary_vascular_smooth_muscle_cells,False,panglao,muscle
PDGFRB,pulmonary_vascular_smooth_muscle_cells,False,panglao,muscle
PDGFRA,pulmonary_vascular_smooth_muscle_cells,False,panglao,muscle
CXCL12,pulmonary_vascular_smooth_muscle_cells,False,panglao,muscle
FAP,pulmonary_vascular_smooth_muscle_cells,False,panglao,muscle
POSTN,pulmonary_vascular_smooth_muscle_cells,False,panglao,muscle
COL6A3,pulmonary_vascular_smooth_muscle_cells,False,panglao,muscle
COL6A2,pulmonary_vascular_smooth_muscle_cells,False,panglao,muscle
HTRA3,pulmonary_vascular_smooth_muscle_cells,False,panglao,muscle
C1QTNF5,pulmonary_vascular_smooth_muscle_cells,False,panglao,muscle
IGFBP7,pulmonary_vascular_smooth_muscle_cells,False,panglao,muscle
ACTA2,pulmonary_vascular_smooth_muscle_cells,False,panglao,muscle
DAB2,pulmonary_vascular_smooth_muscle_cells,True,panglao,muscle
MFAP4,pulmonary_vascular_smooth_muscle_cells,False,panglao,muscle
HSPB7,pulmonary_vascular_smooth_muscle_cells,False,panglao,muscle
HSPB6,pulmonary_vascular_smooth_muscle_cells,False,panglao,muscle
HSPB2,pulmonary_vascular_smooth_muscle_cells,False,panglao,muscle
DCN,pulmonary_vascular_smooth_muscle_cells,False,panglao,muscle
C1R,pulmonary_vascular_smooth_muscle_cells,False,panglao,muscle
C1S,pulmonary_vascular_smooth_muscle_cells,False,panglao,muscle
COL15A1,pulmonary_vascular_smooth_muscle_cells,False,panglao,muscle
LAMA2,pulmonary_vascular_smooth_muscle_cells,False,panglao,muscle
THBS2,pulmonary_vascular_smooth_muscle_cells,False,panglao,muscle
ADAMTS5,pulmonary_vascular_smooth_muscle_cells,False,panglao,muscle
ADAMTS2,pulmonary_vascular_smooth_muscle_cells,False,panglao,muscle
ADGRA2,pulmonary_vascular_smooth_muscle_cells,False,panglao,muscle
CDH11,pulmonary_vascular_smooth_muscle_cells,False,panglao,muscle
CNN1,pulmonary_vascular_smooth_muscle_cells,False,panglao,muscle
GNG11,pulmonary_vascular_smooth_muscle_cells,False,panglao,muscle
EFEMP2,pulmonary_vascular_smooth_muscle_cells,False,panglao,muscle
NID2,pulmonary_vascular_smooth_muscle_cells,False,panglao,muscle
EMILIN1,pulmonary_vascular_smooth_muscle_cells,False,panglao,muscle
MSRB3,pulmonary_vascular_smooth_muscle_cells,True,panglao,muscle
LAMA4,pulmonary_vascular_smooth_muscle_cells,False,panglao,muscle
ADAMTSL1,pulmonary_vascular_smooth_muscle_cells,False,panglao,muscle
LDB2,pulmonary_vascular_smooth_muscle_cells,False,panglao,muscle
ANGPT1,pulmonary_vascular_smooth_muscle_cells,False,panglao,muscle
THY1,pulmonary_vascular_smooth_muscle_cells,False,panglao,muscle
PRKG1,pulmonary_vascular_smooth_muscle_cells,False,panglao,muscle
SGCD,pulmonary_vascular_smooth_muscle_cells,False,panglao,muscle
DAAM2,pulmonary_vascular_smooth_muscle_cells,False,panglao,muscle
PTN,pulmonary_vascular_smooth_muscle_cells,False,panglao,muscle
MYLK,pulmonary_vascular_smooth_muscle_cells,True,panglao,muscle
CNRIP1,pulmonary_vascular_smooth_muscle_cells,False,panglao,muscle
CCDC80,pulmonary_vascular_smooth_muscle_cells,False,panglao,muscle
PAMR1,pulmonary_vascular_smooth_muscle_cells,False,panglao,muscle
SPARC,pulmonary_vascular_smooth_muscle_cells,False,panglao,muscle
DDR2,pulmonary_vascular_smooth_muscle_cells,False,panglao,muscle
ELN,pulmonary_vascular_smooth_muscle_cells,False,panglao,muscle
AEBP1,pulmonary_vascular_smooth_muscle_cells,False,panglao,muscle
ADAMTS12,pulmonary_vascular_smooth_muscle_cells,False,panglao,muscle
TEK,pulmonary_vascular_smooth_muscle_cells,False,panglao,muscle
CYBRD1,pulmonary_vascular_smooth_muscle_cells,False,panglao,muscle
FBLN2,pulmonary_vascular_smooth_muscle_cells,False,panglao,muscle
SSC5D,pulmonary_vascular_smooth_muscle_cells,False,panglao,muscle
CD248,pulmonary_vascular_smooth_muscle_cells,False,panglao,muscle
FAT4,pulmonary_vascular_smooth_muscle_cells,False,panglao,muscle
ITGA11,pulmonary_vascular_smooth_muscle_cells,False,panglao,muscle
GALNT15,pulmonary_vascular_smooth_muscle_cells,False,panglao,muscle
ZCCHC24,pulmonary_vascular_smooth_muscle_cells,False,panglao,muscle
CPED1,pulmonary_vascular_smooth_muscle_cells,False,panglao,muscle
VSTM4,pulmonary_vascular_smooth_muscle_cells,False,panglao,muscle
LUM,smooth_muscle_cells,False,panglao,muscle
PRRX1,smooth_muscle_cells,True,panglao,muscle
COL1A1,smooth_muscle_cells,False,panglao,muscle
COL5A2,smooth_muscle_cells,False,panglao,muscle
COL5A1,smooth_muscle_cells,False,panglao,muscle
FNDC1,smooth_muscle_cells,False,panglao,muscle
COL12A1,smooth_muscle_cells,False,panglao,muscle
IGFBP5,smooth_muscle_cells,False,panglao,muscle
EHD2,smooth_muscle_cells,False,panglao,muscle
LOX,smooth_muscle_cells,False,panglao,muscle
FBN1,smooth_muscle_cells,False,panglao,muscle
NOTCH3,smooth_muscle_cells,False,panglao,muscle
DPT,smooth_muscle_cells,False,panglao,muscle
ISLR,smooth_muscle_cells,False,panglao,muscle
PCDH18,smooth_muscle_cells,False,panglao,muscle
CALD1,smooth_muscle_cells,False,panglao,muscle
SVEP1,smooth_muscle_cells,False,panglao,muscle
MMP2,smooth_muscle_cells,False,panglao,muscle
LAMB2,smooth_muscle_cells,False,panglao,muscle
COL3A1,smooth_muscle_cells,False,panglao,muscle
COL14A1,smooth_muscle_cells,False,panglao,muscle
LMOD1,smooth_muscle_cells,False,panglao,muscle
TIMP3,smooth_muscle_cells,False,panglao,muscle
COL4A1,smooth_muscle_cells,False,panglao,muscle
COL4A2,smooth_muscle_cells,False,panglao,muscle
FSTL1,smooth_muscle_cells,False,panglao,muscle
EDNRA,smooth_muscle_cells,False,panglao,muscle
COL1A2,smooth_muscle_cells,False,panglao,muscle
MXRA5,smooth_muscle_cells,False,panglao,muscle
MYL9,smooth_muscle_cells,False,panglao,muscle
TAGLN,smooth_muscle_cells,False,panglao,muscle
MRGPRF,smooth_muscle_cells,False,panglao,muscle
AQP1,smooth_muscle_cells,False,panglao,muscle
ABCA8,smooth_muscle_cells,False,panglao,muscle
PLSCR4,smooth_muscle_cells,False,panglao,muscle
CRYAB,smooth_muscle_cells,False,panglao,muscle
TNS1,smooth_muscle_cells,False,panglao,muscle
TNS2,smooth_muscle_cells,False,panglao,muscle
ADAM33,smooth_muscle_cells,False,panglao,muscle
ADGRL4,smooth_muscle_cells,False,panglao,muscle
FIBIN,smooth_muscle_cells,False,panglao,muscle
MEDAG,smooth_muscle_cells,False,panglao,muscle
BGN,smooth_muscle_cells,False,panglao,muscle
PODN,smooth_muscle_cells,False,panglao,muscle
FABP4,smooth_muscle_cells,False,panglao,muscle
FMOD,smooth_muscle_cells,False,panglao,muscle
ANGPTL2,smooth_muscle_cells,False,panglao,muscle
TCF21,smooth_muscle_cells,True,panglao,muscle
OLFML3,smooth_muscle_cells,False,panglao,muscle
PDGFRB,smooth_muscle_cells,False,panglao,muscle
PDGFRA,smooth_muscle_cells,False,panglao,muscle
AOC3,smooth_muscle_cells,False,panglao,muscle
CXCL12,smooth_muscle_cells,False,panglao,muscle
FBLN5,smooth_muscle_cells,False,panglao,muscle
POSTN,smooth_muscle_cells,False,panglao,muscle
COL6A3,smooth_muscle_cells,False,panglao,muscle
HTRA1,smooth_muscle_cells,False,panglao,muscle
COX7A1,smooth_muscle_cells,False,panglao,muscle
C1QTNF5,smooth_muscle_cells,False,panglao,muscle
ACTA2,smooth_muscle_cells,False,panglao,muscle
MFAP4,smooth_muscle_cells,False,panglao,muscle
HSPB7,smooth_muscle_cells,False,panglao,muscle
HSPB6,smooth_muscle_cells,False,panglao,muscle
HSPB2,smooth_muscle_cells,False,panglao,muscle
CLEC14A,smooth_muscle_cells,False,panglao,muscle
SOD3,smooth_muscle_cells,False,panglao,muscle
DCN,smooth_muscle_cells,False,panglao,muscle
C1R,smooth_muscle_cells,False,panglao,muscle
C1S,smooth_muscle_cells,False,panglao,muscle
COL15A1,smooth_muscle_cells,False,panglao,muscle
LAMA2,smooth_muscle_cells,False,panglao,muscle
HSPB2-C11ORF52,smooth_muscle_cells,False,panglao,muscle
THBS2,smooth_muscle_cells,False,panglao,muscle
ADAMTS5,smooth_muscle_cells,False,panglao,muscle
CRABP1,smooth_muscle_cells,False,panglao,muscle
TPM2,smooth_muscle_cells,False,panglao,muscle
DKK3,smooth_muscle_cells,False,panglao,muscle
DES,smooth_muscle_cells,False,panglao,muscle
TPM1,smooth_muscle_cells,False,panglao,muscle
CDH11,smooth_muscle_cells,False,panglao,muscle
ACTG2,smooth_muscle_cells,False,panglao,muscle
CNN1,smooth_muscle_cells,False,panglao,muscle
EFEMP2,smooth_muscle_cells,False,panglao,muscle
MYOCD,smooth_muscle_cells,False,panglao,muscle
ITGA8,smooth_muscle_cells,False,panglao,muscle
NID2,smooth_muscle_cells,False,panglao,muscle
MSRB3,smooth_muscle_cells,True,panglao,muscle
LAMA4,smooth_muscle_cells,False,panglao,muscle
JPH2,smooth_muscle_cells,False,panglao,muscle
ADAMTSL1,smooth_muscle_cells,False,panglao,muscle
LDB2,smooth_muscle_cells,False,panglao,muscle
TMEM47,smooth_muscle_cells,False,panglao,muscle
ANGPT1,smooth_muscle_cells,False,panglao,muscle
THY1,smooth_muscle_cells,False,panglao,muscle
PRKG1,smooth_muscle_cells,False,panglao,muscle
SULF1,smooth_muscle_cells,False,panglao,muscle
SGCD,smooth_muscle_cells,False,panglao,muscle
DAAM2,smooth_muscle_cells,False,panglao,muscle
MYLK,smooth_muscle_cells,True,panglao,muscle
MYH6,smooth_muscle_cells,False,panglao,muscle
ANKRD1,smooth_muscle_cells,False,panglao,muscle
OBSCN,smooth_muscle_cells,False,panglao,muscle
PPP1R3C,smooth_muscle_cells,False,panglao,muscle
SYNPO2,smooth_muscle_cells,False,panglao,muscle
NEXN,smooth_muscle_cells,False,panglao,muscle
RASL12,smooth_muscle_cells,False,panglao,muscle
RRAD,smooth_muscle_cells,False,panglao,muscle
FHL2,smooth_muscle_cells,True,panglao,muscle
ACTC1,smooth_muscle_cells,False,panglao,muscle
PLN,smooth_muscle_cells,False,panglao,muscle
SPEG,smooth_muscle_cells,False,panglao,muscle
CCDC80,smooth_muscle_cells,False,panglao,muscle
COL16A1,smooth_muscle_cells,False,panglao,muscle
SLIT3,smooth_muscle_cells,False,panglao,muscle
PAMR1,smooth_muscle_cells,False,panglao,muscle
FBXL7,smooth_muscle_cells,False,panglao,muscle
DDR2,smooth_muscle_cells,False,panglao,muscle
ELN,smooth_muscle_cells,False,panglao,muscle
NRP2,smooth_muscle_cells,False,panglao,muscle
ITGA9,smooth_muscle_cells,False,panglao,muscle
GJC1,smooth_muscle_cells,False,panglao,muscle
HEXIM1,smooth_muscle_cells,False,panglao,muscle
TEK,smooth_muscle_cells,False,panglao,muscle
WFDC1,smooth_muscle_cells,False,panglao,muscle
GJA4,smooth_muscle_cells,False,panglao,muscle
SYNPO,smooth_muscle_cells,False,panglao,muscle
RPRM,smooth_muscle_cells,False,panglao,muscle
RGS5,smooth_muscle_cells,False,panglao,muscle
FAS,smooth_muscle_cells,False,panglao,muscle
SMOC1,smooth_muscle_cells,False,panglao,muscle
ACKR3,smooth_muscle_cells,False,panglao,muscle
SLC38A11,smooth_muscle_cells,False,panglao,muscle
ITGA1,smooth_muscle_cells,False,panglao,muscle
SPON2,smooth_muscle_cells,False,panglao,muscle
PCP4L1,smooth_muscle_cells,False,panglao,muscle
NOX4,smooth_muscle_cells,False,panglao,muscle
HHIP,smooth_muscle_cells,False,panglao,muscle
FBLN2,smooth_muscle_cells,False,panglao,muscle
MFAP5,smooth_muscle_cells,False,panglao,muscle
PHLDB1,smooth_muscle_cells,False,panglao,muscle
MYH11,smooth_muscle_cells,False,panglao,muscle
SSPN,smooth_muscle_cells,False,panglao,muscle
SNCG,smooth_muscle_cells,False,panglao,muscle
KCNAB1,smooth_muscle_cells,False,panglao,muscle
NF2,smooth_muscle_cells,False,panglao,muscle
ADAMDEC1,smooth_muscle_cells,False,panglao,muscle
KCNMB1,smooth_muscle_cells,False,panglao,muscle
MAP3K7CL,smooth_muscle_cells,False,panglao,muscle
PDGFD,smooth_muscle_cells,False,panglao,muscle
RBPMS2,smooth_muscle_cells,False,panglao,muscle
VASN,smooth_muscle_cells,False,panglao,muscle
KIF1C,smooth_muscle_cells,False,panglao,muscle
IRAG1,smooth_muscle_cells,False,panglao,muscle
LMO7,smooth_muscle_cells,False,panglao,muscle
OTUD1,smooth_muscle_cells,False,panglao,muscle
SEC24D,smooth_muscle_cells,False,panglao,muscle
AKT2,smooth_muscle_cells,False,panglao,muscle
SH3BGR,smooth_muscle_cells,False,panglao,muscle
DMPK,smooth_muscle_cells,False,panglao,muscle
SMTN,smooth_muscle_cells,False,panglao,muscle
PRXL2C,smooth_muscle_cells,False,panglao,muscle
KAT2B,smooth_muscle_cells,False,panglao,muscle
OGN,smooth_muscle_cells,False,panglao,muscle
MUSTN1,smooth_muscle_cells,False,panglao,muscle
PDE4DIP,smooth_muscle_cells,False,panglao,muscle
WWP2,smooth_muscle_cells,False,panglao,muscle
LGR6,smooth_muscle_cells,False,panglao,muscle
ZBTB44,smooth_muscle_cells,True,panglao,muscle
MYLK4,smooth_muscle_cells,False,panglao,muscle
LUM,vascular_smooth_muscle_cells,False,panglao,muscle
PRRX1,vascular_smooth_muscle_cells,True,panglao,muscle
COL1A1,vascular_smooth_muscle_cells,False,panglao,muscle
WT1,vascular_smooth_muscle_cells,True,panglao,muscle
COL5A2,vascular_smooth_muscle_cells,False,panglao,muscle
COL5A1,vascular_smooth_muscle_cells,False,panglao,muscle
FNDC1,vascular_smooth_muscle_cells,False,panglao,muscle
COL12A1,vascular_smooth_muscle_cells,False,panglao,muscle
SLIT2,vascular_smooth_muscle_cells,False,panglao,muscle
IGFBP5,vascular_smooth_muscle_cells,False,panglao,muscle
FBN1,vascular_smooth_muscle_cells,False,panglao,muscle
DPT,vascular_smooth_muscle_cells,False,panglao,muscle
ISLR,vascular_smooth_muscle_cells,False,panglao,muscle
PCDH18,vascular_smooth_muscle_cells,False,panglao,muscle
CALD1,vascular_smooth_muscle_cells,False,panglao,muscle
SVEP1,vascular_smooth_muscle_cells,False,panglao,muscle
MMP2,vascular_smooth_muscle_cells,False,panglao,muscle
COL3A1,vascular_smooth_muscle_cells,False,panglao,muscle
COL14A1,vascular_smooth_muscle_cells,False,panglao,muscle
LMOD1,vascular_smooth_muscle_cells,False,panglao,muscle
TBX18,vascular_smooth_muscle_cells,True,panglao,muscle
COL4A1,vascular_smooth_muscle_cells,False,panglao,muscle
COL4A2,vascular_smooth_muscle_cells,False,panglao,muscle
FSTL1,vascular_smooth_muscle_cells,False,panglao,muscle
EDNRA,vascular_smooth_muscle_cells,False,panglao,muscle
ADAMTS1,vascular_smooth_muscle_cells,False,panglao,muscle
COL1A2,vascular_smooth_muscle_cells,False,panglao,muscle
MXRA5,vascular_smooth_muscle_cells,False,panglao,muscle
MRGPRF,vascular_smooth_muscle_cells,False,panglao,muscle
AQP1,vascular_smooth_muscle_cells,False,panglao,muscle
ABCA8,vascular_smooth_muscle_cells,False,panglao,muscle
CRYAB,vascular_smooth_muscle_cells,False,panglao,muscle
ADAM33,vascular_smooth_muscle_cells,False,panglao,muscle
ADGRL4,vascular_smooth_muscle_cells,False,panglao,muscle
FIBIN,vascular_smooth_muscle_cells,False,panglao,muscle
MEDAG,vascular_smooth_muscle_cells,False,panglao,muscle
BGN,vascular_smooth_muscle_cells,False,panglao,muscle
PODN,vascular_smooth_muscle_cells,False,panglao,muscle
FMOD,vascular_smooth_muscle_cells,False,panglao,muscle
ANGPTL2,vascular_smooth_muscle_cells,False,panglao,muscle
ECM2,vascular_smooth_muscle_cells,False,panglao,muscle
OLFML3,vascular_smooth_muscle_cells,False,panglao,muscle
PDGFRB,vascular_smooth_muscle_cells,False,panglao,muscle
PDGFRA,vascular_smooth_muscle_cells,False,panglao,muscle
CXCL12,vascular_smooth_muscle_cells,False,panglao,muscle
FAP,vascular_smooth_muscle_cells,False,panglao,muscle
POSTN,vascular_smooth_muscle_cells,False,panglao,muscle
COL6A3,vascular_smooth_muscle_cells,False,panglao,muscle
C1QTNF5,vascular_smooth_muscle_cells,False,panglao,muscle
ACTA2,vascular_smooth_muscle_cells,False,panglao,muscle
MFAP4,vascular_smooth_muscle_cells,False,panglao,muscle
HSPB6,vascular_smooth_muscle_cells,False,panglao,muscle
DCN,vascular_smooth_muscle_cells,False,panglao,muscle
ASPN,vascular_smooth_muscle_cells,False,panglao,muscle
C1R,vascular_smooth_muscle_cells,False,panglao,muscle
C1S,vascular_smooth_muscle_cells,False,panglao,muscle
COL15A1,vascular_smooth_muscle_cells,False,panglao,muscle
LAMA2,vascular_smooth_muscle_cells,False,panglao,muscle
THBS2,vascular_smooth_muscle_cells,False,panglao,muscle
ADAMTS5,vascular_smooth_muscle_cells,False,panglao,muscle
ADAMTS2,vascular_smooth_muscle_cells,False,panglao,muscle
ADGRA2,vascular_smooth_muscle_cells,False,panglao,muscle
FLNC,vascular_smooth_muscle_cells,False,panglao,muscle
CDH11,vascular_smooth_muscle_cells,False,panglao,muscle
CNN1,vascular_smooth_muscle_cells,False,panglao,muscle
MYOCD,vascular_smooth_muscle_cells,False,panglao,muscle
ITGA8,vascular_smooth_muscle_cells,False,panglao,muscle
NID2,vascular_smooth_muscle_cells,False,panglao,muscle
HAND2,vascular_smooth_muscle_cells,True,panglao,muscle
MSRB3,vascular_smooth_muscle_cells,True,panglao,muscle
LAMA4,vascular_smooth_muscle_cells,False,panglao,muscle
ADAMTSL1,vascular_smooth_muscle_cells,False,panglao,muscle
CACNA2D1,vascular_smooth_muscle_cells,False,panglao,muscle
RUNX1T1,vascular_smooth_muscle_cells,False,panglao,muscle
THY1,vascular_smooth_muscle_cells,False,panglao,muscle
PRKG1,vascular_smooth_muscle_cells,False,panglao,muscle
SULF1,vascular_smooth_muscle_cells,False,panglao,muscle
SGCD,vascular_smooth_muscle_cells,False,panglao,muscle
GJA1,vascular_smooth_muscle_cells,False,panglao,muscle
DAAM2,vascular_smooth_muscle_cells,False,panglao,muscle
MYLK,vascular_smooth_muscle_cells,True,panglao,muscle
SYNPO2,vascular_smooth_muscle_cells,False,panglao,muscle
CCDC80,vascular_smooth_muscle_cells,False,panglao,muscle
COL16A1,vascular_smooth_muscle_cells,False,panglao,muscle
HMCN1,vascular_smooth_muscle_cells,False,panglao,muscle
SLIT3,vascular_smooth_muscle_cells,False,panglao,muscle
PAMR1,vascular_smooth_muscle_cells,False,panglao,muscle
SPARC,vascular_smooth_muscle_cells,False,panglao,muscle
RHOJ,vascular_smooth_muscle_cells,False,panglao,muscle
DDR2,vascular_smooth_muscle_cells,False,panglao,muscle
ELN,vascular_smooth_muscle_cells,False,panglao,muscle
TEK,vascular_smooth_muscle_cells,False,panglao,muscle
KCNJ8,vascular_smooth_muscle_cells,False,panglao,muscle
SEMA3D,vascular_smooth_muscle_cells,False,panglao,muscle
ABI3BP,vascular_smooth_muscle_cells,False,panglao,muscle
SSC5D,vascular_smooth_muscle_cells,False,panglao,muscle
RBMS3,vascular_smooth_muscle_cells,False,panglao,muscle
MYH11,vascular_smooth_muscle_cells,False,panglao,muscle
SFRP4,vascular_smooth_muscle_cells,False,panglao,muscle
FAT4,vascular_smooth_muscle_cells,False,panglao,muscle
DLC1,vascular_smooth_muscle_cells,False,panglao,muscle
ITGA11,vascular_smooth_muscle_cells,False,panglao,muscle
VSTM4,vascular_smooth_muscle_cells,False,panglao,muscle
RPS8,bladder-fibroblast,False,tabula,fibroblast
RPL21,bladder-fibroblast,False,tabula,fibroblast
RPS9,bladder-fibroblast,False,tabula,fibroblast
RPS6,bladder-fibroblast,False,tabula,fibroblast
EEF1A1,bladder-fibroblast,False,tabula,fibroblast
FAU,bladder-fibroblast,False,tabula,fibroblast
S100A6,bladder-fibroblast,False,tabula,fibroblast
RPL28,bladder-fibroblast,False,tabula,fibroblast
RPL29,bladder-fibroblast,False,tabula,fibroblast
RPL11,bladder-fibroblast,False,tabula,fibroblast
RPL12,bladder-fibroblast,False,tabula,fibroblast
RPL15,bladder-fibroblast,False,tabula,fibroblast
RPL14,bladder-fibroblast,False,tabula,fibroblast
RPS5,bladder-fibroblast,False,tabula,fibroblast
RPS2,bladder-fibroblast,False,tabula,fibroblast
RPS3,bladder-fibroblast,False,tabula,fibroblast
B2M,bladder-fibroblast,False,tabula,fibroblast
RPL19,bladder-fibroblast,False,tabula,fibroblast
RPL18,bladder-fibroblast,False,tabula,fibroblast
RPL41,bladder-fibroblast,False,tabula,fibroblast
EIF1,bladder-fibroblast,False,tabula,fibroblast
RPS27,bladder-fibroblast,False,tabula,fibroblast
RPS28,bladder-fibroblast,False,tabula,fibroblast
NACA,bladder-fibroblast,False,tabula,fibroblast
ND2,bladder-fibroblast,False,tabula,fibroblast
ND1,bladder-fibroblast,False,tabula,fibroblast
FTL,bladder-fibroblast,False,tabula,fibroblast
ND4,bladder-fibroblast,False,tabula,fibroblast
RPS23,bladder-fibroblast,False,tabula,fibroblast
ND3,bladder-fibroblast,False,tabula,fibroblast
RPS24,bladder-fibroblast,False,tabula,fibroblast
RPL5,bladder-fibroblast,False,tabula,fibroblast
RPL3,bladder-fibroblast,False,tabula,fibroblast
RPL30,bladder-fibroblast,False,tabula,fibroblast
RPL32,bladder-fibroblast,False,tabula,fibroblast
ATP6,bladder-fibroblast,False,tabula,fibroblast
RPL34,bladder-fibroblast,False,tabula,fibroblast
RPL9,bladder-fibroblast,False,tabula,fibroblast
RPL8,bladder-fibroblast,False,tabula,fibroblast
RPS16,bladder-fibroblast,False,tabula,fibroblast
RPS15,bladder-fibroblast,False,tabula,fibroblast
RPS18,bladder-fibroblast,False,tabula,fibroblast
RPS19,bladder-fibroblast,False,tabula,fibroblast
FTH1,bladder-fibroblast,False,tabula,fibroblast
RPL37,bladder-fibroblast,False,tabula,fibroblast
COX3,bladder-fibroblast,False,tabula,fibroblast
RPL36,bladder-fibroblast,False,tabula,fibroblast
COX2,bladder-fibroblast,False,tabula,fibroblast
COX1,bladder-fibroblast,False,tabula,fibroblast
RPS11,bladder-fibroblast,False,tabula,fibroblast
RPS14,bladder-fibroblast,False,tabula,fibroblast
RPS13,bladder-fibroblast,False,tabula,fibroblast
RPL13A,bladder-fibroblast,False,tabula,fibroblast
RPS3A,bladder-fibroblast,False,tabula,fibroblast
RPL37A,bladder-fibroblast,False,tabula,fibroblast
CYTB,bladder-fibroblast,False,tabula,fibroblast
RPS15A,bladder-fibroblast,False,tabula,fibroblast
RPS27A,bladder-fibroblast,False,tabula,fibroblast
H3-3B,bladder-fibroblast,False,tabula,fibroblast
RPL35A,bladder-fibroblast,False,tabula,fibroblast
TPT1,bladder-fibroblast,False,tabula,fibroblast
RPLP2,bladder-fibroblast,False,tabula,fibroblast
RPLP1,bladder-fibroblast,False,tabula,fibroblast
RPL10A,bladder-fibroblast,False,tabula,fibroblast
RPS4X,bladder-fibroblast,True,tabula,fibroblast
TMSB4X,bladder-fibroblast,False,tabula,fibroblast
RPL18A,bladder-fibroblast,False,tabula,fibroblast
RACK1,bladder-fibroblast,False,tabula,fibroblast
RPL7A,bladder-fibroblast,False,tabula,fibroblast
GSN,bladder-fibroblast,False,tabula,fibroblast
VIM,bladder-fibroblast,False,tabula,fibroblast
ZFP36,bladder-fibroblast,False,tabula,fibroblast
JUND,bladder-fibroblast,True,tabula,fibroblast
C11ORF96,bladder-fibroblast,False,tabula,fibroblast
MT2A,bladder-fibroblast,False,tabula,fibroblast
TMSB10,bladder-fibroblast,False,tabula,fibroblast
JUN,bladder-fibroblast,True,tabula,fibroblast
NFKBIA,bladder-fibroblast,False,tabula,fibroblast
SOCS3,bladder-fibroblast,False,tabula,fibroblast
FOS,bladder-fibroblast,True,tabula,fibroblast
S100A10,bladder-fibroblast,False,tabula,fibroblast
TIMP1,bladder-fibroblast,False,tabula,fibroblast
CD63,bladder-fibroblast,False,tabula,fibroblast
CEBPD,bladder-fibroblast,True,tabula,fibroblast
LUM,bladder-fibroblast,False,tabula,fibroblast
COL1A2,bladder-fibroblast,False,tabula,fibroblast
SFRP2,bladder-fibroblast,False,tabula,fibroblast
MGP,bladder-fibroblast,False,tabula,fibroblast
S100A4,bladder-fibroblast,False,tabula,fibroblast
FBLN1,bladder-fibroblast,False,tabula,fibroblast
IGFBP6,bladder-fibroblast,False,tabula,fibroblast
LGALS1,bladder-fibroblast,False,tabula,fibroblast
APOD,bladder-fibroblast,False,tabula,fibroblast
IER3,bladder-fibroblast,False,tabula,fibroblast
PLA2G2A,bladder-fibroblast,False,tabula,fibroblast
DCN,bladder-fibroblast,False,tabula,fibroblast
SOD2,bladder-fibroblast,False,tabula,fibroblast
FOSB,bladder-fibroblast,True,tabula,fibroblast
C1R,bladder-fibroblast,False,tabula,fibroblast
CST3,bladder-fibroblast,False,tabula,fibroblast
RPS8,bladder-myofibroblast_cell,False,tabula,myofibroblast
RPL21,bladder-myofibroblast_cell,False,tabula,myofibroblast
RPS9,bladder-myofibroblast_cell,False,tabula,myofibroblast
RPS6,bladder-myofibroblast_cell,False,tabula,myofibroblast
RPS7,bladder-myofibroblast_cell,False,tabula,myofibroblast
EEF1A1,bladder-myofibroblast_cell,False,tabula,myofibroblast
S100A6,bladder-myofibroblast_cell,False,tabula,myofibroblast
RPL28,bladder-myofibroblast_cell,False,tabula,myofibroblast
RPL29,bladder-myofibroblast_cell,False,tabula,myofibroblast
RPL11,bladder-myofibroblast_cell,False,tabula,myofibroblast
RPL12,bladder-myofibroblast_cell,False,tabula,myofibroblast
RPL15,bladder-myofibroblast_cell,False,tabula,myofibroblast
RPS2,bladder-myofibroblast_cell,False,tabula,myofibroblast
RPS3,bladder-myofibroblast_cell,False,tabula,myofibroblast
B2M,bladder-myofibroblast_cell,False,tabula,myofibroblast
RPL19,bladder-myofibroblast_cell,False,tabula,myofibroblast
RPL18,bladder-myofibroblast_cell,False,tabula,myofibroblast
RPL41,bladder-myofibroblast_cell,False,tabula,myofibroblast
EIF1,bladder-myofibroblast_cell,False,tabula,myofibroblast
RPS27,bladder-myofibroblast_cell,False,tabula,myofibroblast
ND2,bladder-myofibroblast_cell,False,tabula,myofibroblast
ND1,bladder-myofibroblast_cell,False,tabula,myofibroblast
FTL,bladder-myofibroblast_cell,False,tabula,myofibroblast
ND4,bladder-myofibroblast_cell,False,tabula,myofibroblast
RPS23,bladder-myofibroblast_cell,False,tabula,myofibroblast
ND3,bladder-myofibroblast_cell,False,tabula,myofibroblast
RPS24,bladder-myofibroblast_cell,False,tabula,myofibroblast
RPL5,bladder-myofibroblast_cell,False,tabula,myofibroblast
RPL3,bladder-myofibroblast_cell,False,tabula,myofibroblast
RPL30,bladder-myofibroblast_cell,False,tabula,myofibroblast
RPL32,bladder-myofibroblast_cell,False,tabula,myofibroblast
ATP6,bladder-myofibroblast_cell,False,tabula,myofibroblast
RPL34,bladder-myofibroblast_cell,False,tabula,myofibroblast
RPL9,bladder-myofibroblast_cell,False,tabula,myofibroblast
RPL8,bladder-myofibroblast_cell,False,tabula,myofibroblast
RPS16,bladder-myofibroblast_cell,False,tabula,myofibroblast
RPS15,bladder-myofibroblast_cell,False,tabula,myofibroblast
RPS18,bladder-myofibroblast_cell,False,tabula,myofibroblast
RPS19,bladder-myofibroblast_cell,False,tabula,myofibroblast
FTH1,bladder-myofibroblast_cell,False,tabula,myofibroblast
RPL37,bladder-myofibroblast_cell,False,tabula,myofibroblast
COX3,bladder-myofibroblast_cell,False,tabula,myofibroblast
COX2,bladder-myofibroblast_cell,False,tabula,myofibroblast
COX1,bladder-myofibroblast_cell,False,tabula,myofibroblast
RPS11,bladder-myofibroblast_cell,False,tabula,myofibroblast
RPS14,bladder-myofibroblast_cell,False,tabula,myofibroblast
RPS13,bladder-myofibroblast_cell,False,tabula,myofibroblast
RPL13A,bladder-myofibroblast_cell,False,tabula,myofibroblast
RPS3A,bladder-myofibroblast_cell,False,tabula,myofibroblast
PTMA,bladder-myofibroblast_cell,False,tabula,myofibroblast
RPL37A,bladder-myofibroblast_cell,False,tabula,myofibroblast
CYTB,bladder-myofibroblast_cell,False,tabula,myofibroblast
BTG2,bladder-myofibroblast_cell,False,tabula,myofibroblast
RPS27A,bladder-myofibroblast_cell,False,tabula,myofibroblast
H3-3B,bladder-myofibroblast_cell,False,tabula,myofibroblast
RPL35A,bladder-myofibroblast_cell,False,tabula,myofibroblast
TPT1,bladder-myofibroblast_cell,False,tabula,myofibroblast
RPLP2,bladder-myofibroblast_cell,False,tabula,myofibroblast
RPLP1,bladder-myofibroblast_cell,False,tabula,myofibroblast
RPL10A,bladder-myofibroblast_cell,False,tabula,myofibroblast
RPS4X,bladder-myofibroblast_cell,True,tabula,myofibroblast
TMSB4X,bladder-myofibroblast_cell,False,tabula,myofibroblast
RPL18A,bladder-myofibroblast_cell,False,tabula,myofibroblast
RPL7A,bladder-myofibroblast_cell,False,tabula,myofibroblast
VIM,bladder-myofibroblast_cell,False,tabula,myofibroblast
ZFP36,bladder-myofibroblast_cell,False,tabula,myofibroblast
JUND,bladder-myofibroblast_cell,True,tabula,myofibroblast
C11ORF96,bladder-myofibroblast_cell,False,tabula,myofibroblast
MT2A,bladder-myofibroblast_cell,False,tabula,myofibroblast
JUN,bladder-myofibroblast_cell,True,tabula,myofibroblast
NFKBIA,bladder-myofibroblast_cell,False,tabula,myofibroblast
FOS,bladder-myofibroblast_cell,True,tabula,myofibroblast
TIMP1,bladder-myofibroblast_cell,False,tabula,myofibroblast
CD63,bladder-myofibroblast_cell,False,tabula,myofibroblast
CEBPD,bladder-myofibroblast_cell,True,tabula,myofibroblast
LUM,bladder-myofibroblast_cell,False,tabula,myofibroblast
COL1A2,bladder-myofibroblast_cell,False,tabula,myofibroblast
FBLN1,bladder-myofibroblast_cell,False,tabula,myofibroblast
LGALS1,bladder-myofibroblast_cell,False,tabula,myofibroblast
IER3,bladder-myofibroblast_cell,False,tabula,myofibroblast
DCN,bladder-myofibroblast_cell,False,tabula,myofibroblast
SOD2,bladder-myofibroblast_cell,False,tabula,myofibroblast
FOSB,bladder-myofibroblast_cell,True,tabula,myofibroblast
HSPA1A,bladder-myofibroblast_cell,False,tabula,myofibroblast
HSP90AA1,bladder-myofibroblast_cell,False,tabula,myofibroblast
HSPA5,bladder-myofibroblast_cell,True,tabula,myofibroblast
HSP90AB1,bladder-myofibroblast_cell,False,tabula,myofibroblast
PDGFRA,bladder-myofibroblast_cell,False,tabula,myofibroblast
PNRC1,bladder-myofibroblast_cell,False,tabula,myofibroblast
SLPI,bladder-myofibroblast_cell,False,tabula,myofibroblast
IFITM3,bladder-myofibroblast_cell,False,tabula,myofibroblast
ZFP36L1,bladder-myofibroblast_cell,False,tabula,myofibroblast
EGR1,bladder-myofibroblast_cell,True,tabula,myofibroblast
CRYAB,bladder-myofibroblast_cell,False,tabula,myofibroblast
MT1X,bladder-myofibroblast_cell,False,tabula,myofibroblast
A2M,bladder-myofibroblast_cell,False,tabula,myofibroblast
NFKBIZ,bladder-myofibroblast_cell,False,tabula,myofibroblast
COL3A1,bladder-myofibroblast_cell,False,tabula,myofibroblast
CEBPB,bladder-myofibroblast_cell,True,tabula,myofibroblast
ADAMTS1,bladder-myofibroblast_cell,False,tabula,myofibroblast
RPS8,bladder-smooth_muscle_cell,False,tabula,muscle
RPL21,bladder-smooth_muscle_cell,False,tabula,muscle
RPS9,bladder-smooth_muscle_cell,False,tabula,muscle
RPS6,bladder-smooth_muscle_cell,False,tabula,muscle
RPS7,bladder-smooth_muscle_cell,False,tabula,muscle
EEF1A1,bladder-smooth_muscle_cell,False,tabula,muscle
FAU,bladder-smooth_muscle_cell,False,tabula,muscle
S100A6,bladder-smooth_muscle_cell,False,tabula,muscle
RPL28,bladder-smooth_muscle_cell,False,tabula,muscle
RPL29,bladder-smooth_muscle_cell,False,tabula,muscle
RPL11,bladder-smooth_muscle_cell,False,tabula,muscle
RPL12,bladder-smooth_muscle_cell,False,tabula,muscle
RPL15,bladder-smooth_muscle_cell,False,tabula,muscle
RPL14,bladder-smooth_muscle_cell,False,tabula,muscle
RPS2,bladder-smooth_muscle_cell,False,tabula,muscle
RPS3,bladder-smooth_muscle_cell,False,tabula,muscle
B2M,bladder-smooth_muscle_cell,False,tabula,muscle
RPL19,bladder-smooth_muscle_cell,False,tabula,muscle
RPL18,bladder-smooth_muscle_cell,False,tabula,muscle
RPL41,bladder-smooth_muscle_cell,False,tabula,muscle
RPS27,bladder-smooth_muscle_cell,False,tabula,muscle
ND2,bladder-smooth_muscle_cell,False,tabula,muscle
ND1,bladder-smooth_muscle_cell,False,tabula,muscle
FTL,bladder-smooth_muscle_cell,False,tabula,muscle
ND4,bladder-smooth_muscle_cell,False,tabula,muscle
RPS23,bladder-smooth_muscle_cell,False,tabula,muscle
ND3,bladder-smooth_muscle_cell,False,tabula,muscle
ND5,bladder-smooth_muscle_cell,False,tabula,muscle
RPS24,bladder-smooth_muscle_cell,False,tabula,muscle
RPL5,bladder-smooth_muscle_cell,False,tabula,muscle
RPL6,bladder-smooth_muscle_cell,True,tabula,muscle
RPL3,bladder-smooth_muscle_cell,False,tabula,muscle
RPL30,bladder-smooth_muscle_cell,False,tabula,muscle
RPL32,bladder-smooth_muscle_cell,False,tabula,muscle
ATP6,bladder-smooth_muscle_cell,False,tabula,muscle
RPL34,bladder-smooth_muscle_cell,False,tabula,muscle
RPL9,bladder-smooth_muscle_cell,False,tabula,muscle
RPL8,bladder-smooth_muscle_cell,False,tabula,muscle
RPS16,bladder-smooth_muscle_cell,False,tabula,muscle
RPS15,bladder-smooth_muscle_cell,False,tabula,muscle
RPS18,bladder-smooth_muscle_cell,False,tabula,muscle
RPS19,bladder-smooth_muscle_cell,False,tabula,muscle
FTH1,bladder-smooth_muscle_cell,False,tabula,muscle
RPL37,bladder-smooth_muscle_cell,False,tabula,muscle
COX3,bladder-smooth_muscle_cell,False,tabula,muscle
COX2,bladder-smooth_muscle_cell,False,tabula,muscle
COX1,bladder-smooth_muscle_cell,False,tabula,muscle
RPS11,bladder-smooth_muscle_cell,False,tabula,muscle
RPS14,bladder-smooth_muscle_cell,False,tabula,muscle
RPS13,bladder-smooth_muscle_cell,False,tabula,muscle
RPL13A,bladder-smooth_muscle_cell,False,tabula,muscle
RPS3A,bladder-smooth_muscle_cell,False,tabula,muscle
PTMA,bladder-smooth_muscle_cell,False,tabula,muscle
RPL37A,bladder-smooth_muscle_cell,False,tabula,muscle
CYTB,bladder-smooth_muscle_cell,False,tabula,muscle
BTG2,bladder-smooth_muscle_cell,False,tabula,muscle
RPS15A,bladder-smooth_muscle_cell,False,tabula,muscle
RPS27A,bladder-smooth_muscle_cell,False,tabula,muscle
RPL35A,bladder-smooth_muscle_cell,False,tabula,muscle
RPL23A,bladder-smooth_muscle_cell,False,tabula,muscle
TPT1,bladder-smooth_muscle_cell,False,tabula,muscle
RPLP2,bladder-smooth_muscle_cell,False,tabula,muscle
RPLP1,bladder-smooth_muscle_cell,False,tabula,muscle
RPL10A,bladder-smooth_muscle_cell,False,tabula,muscle
RPS4X,bladder-smooth_muscle_cell,True,tabula,muscle
RPL18A,bladder-smooth_muscle_cell,False,tabula,muscle
RPL7A,bladder-smooth_muscle_cell,False,tabula,muscle
MYL6,bladder-smooth_muscle_cell,False,tabula,muscle
SPARCL1,bladder-smooth_muscle_cell,False,tabula,muscle
CALM1,bladder-smooth_muscle_cell,False,tabula,muscle
ZFP36,bladder-smooth_muscle_cell,False,tabula,muscle
IGFBP7,bladder-smooth_muscle_cell,False,tabula,muscle
JUN,bladder-smooth_muscle_cell,True,tabula,muscle
FOS,bladder-smooth_muscle_cell,True,tabula,muscle
GADD45B,bladder-smooth_muscle_cell,False,tabula,muscle
LGALS1,bladder-smooth_muscle_cell,False,tabula,muscle
RPS20,bladder-smooth_muscle_cell,False,tabula,muscle
HSPB1,bladder-smooth_muscle_cell,False,tabula,muscle
RPL27A,bladder-smooth_muscle_cell,False,tabula,muscle
TPM2,bladder-smooth_muscle_cell,False,tabula,muscle
MYL9,bladder-smooth_muscle_cell,False,tabula,muscle
TAGLN,bladder-smooth_muscle_cell,False,tabula,muscle
FLNA,bladder-smooth_muscle_cell,False,tabula,muscle
TPM1,bladder-smooth_muscle_cell,False,tabula,muscle
MYH11,bladder-smooth_muscle_cell,False,tabula,muscle
DSTN,bladder-smooth_muscle_cell,False,tabula,muscle
CALD1,bladder-smooth_muscle_cell,False,tabula,muscle
ACTA2,bladder-smooth_muscle_cell,False,tabula,muscle
DES,bladder-smooth_muscle_cell,False,tabula,muscle
PCP4,bladder-smooth_muscle_cell,False,tabula,muscle
SYNPO2,bladder-smooth_muscle_cell,False,tabula,muscle
SMTN,bladder-smooth_muscle_cell,False,tabula,muscle
LPP,bladder-smooth_muscle_cell,False,tabula,muscle
MYLK,bladder-smooth_muscle_cell,True,tabula,muscle
ACTG2,bladder-smooth_muscle_cell,False,tabula,muscle
CNN1,bladder-smooth_muscle_cell,False,tabula,muscle
CSRP1,bladder-smooth_muscle_cell,False,tabula,muscle
PALLD,bladder-smooth_muscle_cell,False,tabula,muscle
SYNM,bladder-smooth_muscle_cell,False,tabula,muscle
ACTC1,bladder-smooth_muscle_cell,False,tabula,muscle
RPS8,lung-bronchial_smooth_muscle_cell,False,tabula,muscle
RPL21,lung-bronchial_smooth_muscle_cell,False,tabula,muscle
RPS9,lung-bronchial_smooth_muscle_cell,False,tabula,muscle
RPS6,lung-bronchial_smooth_muscle_cell,False,tabula,muscle
RPS7,lung-bronchial_smooth_muscle_cell,False,tabula,muscle
EEF1A1,lung-bronchial_smooth_muscle_cell,False,tabula,muscle
FAU,lung-bronchial_smooth_muscle_cell,False,tabula,muscle
S100A6,lung-bronchial_smooth_muscle_cell,False,tabula,muscle
RPL28,lung-bronchial_smooth_muscle_cell,False,tabula,muscle
RPL29,lung-bronchial_smooth_muscle_cell,False,tabula,muscle
RPL11,lung-bronchial_smooth_muscle_cell,False,tabula,muscle
RPL12,lung-bronchial_smooth_muscle_cell,False,tabula,muscle
RPL15,lung-bronchial_smooth_muscle_cell,False,tabula,muscle
RPL14,lung-bronchial_smooth_muscle_cell,False,tabula,muscle
RPS2,lung-bronchial_smooth_muscle_cell,False,tabula,muscle
RPS3,lung-bronchial_smooth_muscle_cell,False,tabula,muscle
B2M,lung-bronchial_smooth_muscle_cell,False,tabula,muscle
RPL19,lung-bronchial_smooth_muscle_cell,False,tabula,muscle
RPL18,lung-bronchial_smooth_muscle_cell,False,tabula,muscle
RPL41,lung-bronchial_smooth_muscle_cell,False,tabula,muscle
EIF1,lung-bronchial_smooth_muscle_cell,False,tabula,muscle
RPS27,lung-bronchial_smooth_muscle_cell,False,tabula,muscle
RPS28,lung-bronchial_smooth_muscle_cell,False,tabula,muscle
ND2,lung-bronchial_smooth_muscle_cell,False,tabula,muscle
ND1,lung-bronchial_smooth_muscle_cell,False,tabula,muscle
FTL,lung-bronchial_smooth_muscle_cell,False,tabula,muscle
ND4,lung-bronchial_smooth_muscle_cell,False,tabula,muscle
RPS23,lung-bronchial_smooth_muscle_cell,False,tabula,muscle
ND3,lung-bronchial_smooth_muscle_cell,False,tabula,muscle
RPS24,lung-bronchial_smooth_muscle_cell,False,tabula,muscle
RPL5,lung-bronchial_smooth_muscle_cell,False,tabula,muscle
RPL3,lung-bronchial_smooth_muscle_cell,False,tabula,muscle
RPL30,lung-bronchial_smooth_muscle_cell,False,tabula,muscle
RPL32,lung-bronchial_smooth_muscle_cell,False,tabula,muscle
ATP6,lung-bronchial_smooth_muscle_cell,False,tabula,muscle
RPL34,lung-bronchial_smooth_muscle_cell,False,tabula,muscle
ACTG1,lung-bronchial_smooth_muscle_cell,False,tabula,muscle
RPL9,lung-bronchial_smooth_muscle_cell,False,tabula,muscle
RPL8,lung-bronchial_smooth_muscle_cell,False,tabula,muscle
RPS16,lung-bronchial_smooth_muscle_cell,False,tabula,muscle
RPS15,lung-bronchial_smooth_muscle_cell,False,tabula,muscle
RPS18,lung-bronchial_smooth_muscle_cell,False,tabula,muscle
RPS19,lung-bronchial_smooth_muscle_cell,False,tabula,muscle
FTH1,lung-bronchial_smooth_muscle_cell,False,tabula,muscle
COX3,lung-bronchial_smooth_muscle_cell,False,tabula,muscle
COX2,lung-bronchial_smooth_muscle_cell,False,tabula,muscle
COX1,lung-bronchial_smooth_muscle_cell,False,tabula,muscle
RPS14,lung-bronchial_smooth_muscle_cell,False,tabula,muscle
RPS13,lung-bronchial_smooth_muscle_cell,False,tabula,muscle
RPL13A,lung-bronchial_smooth_muscle_cell,False,tabula,muscle
RPS3A,lung-bronchial_smooth_muscle_cell,False,tabula,muscle
PTMA,lung-bronchial_smooth_muscle_cell,False,tabula,muscle
RPL37A,lung-bronchial_smooth_muscle_cell,False,tabula,muscle
CYTB,lung-bronchial_smooth_muscle_cell,False,tabula,muscle
RPS27A,lung-bronchial_smooth_muscle_cell,False,tabula,muscle
H3-3B,lung-bronchial_smooth_muscle_cell,False,tabula,muscle
RPL35A,lung-bronchial_smooth_muscle_cell,False,tabula,muscle
TPT1,lung-bronchial_smooth_muscle_cell,False,tabula,muscle
RPLP1,lung-bronchial_smooth_muscle_cell,False,tabula,muscle
ADIRF,lung-bronchial_smooth_muscle_cell,False,tabula,muscle
RPL10A,lung-bronchial_smooth_muscle_cell,False,tabula,muscle
RPS4X,lung-bronchial_smooth_muscle_cell,True,tabula,muscle
TMSB4X,lung-bronchial_smooth_muscle_cell,False,tabula,muscle
RPL18A,lung-bronchial_smooth_muscle_cell,False,tabula,muscle
RPL7A,lung-bronchial_smooth_muscle_cell,False,tabula,muscle
MYL6,lung-bronchial_smooth_muscle_cell,False,tabula,muscle
VIM,lung-bronchial_smooth_muscle_cell,False,tabula,muscle
SPARCL1,lung-bronchial_smooth_muscle_cell,False,tabula,muscle
JUND,lung-bronchial_smooth_muscle_cell,True,tabula,muscle
C11ORF96,lung-bronchial_smooth_muscle_cell,False,tabula,muscle
MT2A,lung-bronchial_smooth_muscle_cell,False,tabula,muscle
IGFBP7,lung-bronchial_smooth_muscle_cell,False,tabula,muscle
TMSB10,lung-bronchial_smooth_muscle_cell,False,tabula,muscle
JUN,lung-bronchial_smooth_muscle_cell,True,tabula,muscle
FOS,lung-bronchial_smooth_muscle_cell,True,tabula,muscle
TIMP1,lung-bronchial_smooth_muscle_cell,False,tabula,muscle
CD63,lung-bronchial_smooth_muscle_cell,False,tabula,muscle
CEBPD,lung-bronchial_smooth_muscle_cell,True,tabula,muscle
MGP,lung-bronchial_smooth_muscle_cell,False,tabula,muscle
LGALS1,lung-bronchial_smooth_muscle_cell,False,tabula,muscle
EGR1,lung-bronchial_smooth_muscle_cell,True,tabula,muscle
TPM2,lung-bronchial_smooth_muscle_cell,False,tabula,muscle
MYL9,lung-bronchial_smooth_muscle_cell,False,tabula,muscle
TAGLN,lung-bronchial_smooth_muscle_cell,False,tabula,muscle
FLNA,lung-bronchial_smooth_muscle_cell,False,tabula,muscle
TPM1,lung-bronchial_smooth_muscle_cell,False,tabula,muscle
MYH11,lung-bronchial_smooth_muscle_cell,False,tabula,muscle
DSTN,lung-bronchial_smooth_muscle_cell,False,tabula,muscle
CALD1,lung-bronchial_smooth_muscle_cell,False,tabula,muscle
ACTA2,lung-bronchial_smooth_muscle_cell,False,tabula,muscle
ITM2B,lung-bronchial_smooth_muscle_cell,False,tabula,muscle
TXNIP,lung-bronchial_smooth_muscle_cell,False,tabula,muscle
TIMP3,lung-bronchial_smooth_muscle_cell,False,tabula,muscle
APOE,lung-bronchial_smooth_muscle_cell,False,tabula,muscle
SELENOM,lung-bronchial_smooth_muscle_cell,False,tabula,muscle
CALM2,lung-bronchial_smooth_muscle_cell,False,tabula,muscle
CCN5,lung-bronchial_smooth_muscle_cell,False,tabula,muscle
CAV1,lung-bronchial_smooth_muscle_cell,False,tabula,muscle
PPP1R14A,lung-bronchial_smooth_muscle_cell,False,tabula,muscle
NDUFA4,lung-bronchial_smooth_muscle_cell,False,tabula,muscle
RPS8,lung-myofibroblast_cell,False,tabula,myofibroblast
RPL21,lung-myofibroblast_cell,False,tabula,myofibroblast
RPS9,lung-myofibroblast_cell,False,tabula,myofibroblast
RPS6,lung-myofibroblast_cell,False,tabula,myofibroblast
RPS7,lung-myofibroblast_cell,False,tabula,myofibroblast
EEF1A1,lung-myofibroblast_cell,False,tabula,myofibroblast
FAU,lung-myofibroblast_cell,False,tabula,myofibroblast
S100A6,lung-myofibroblast_cell,False,tabula,myofibroblast
RPL28,lung-myofibroblast_cell,False,tabula,myofibroblast
RPL29,lung-myofibroblast_cell,False,tabula,myofibroblast
RPL11,lung-myofibroblast_cell,False,tabula,myofibroblast
RPL12,lung-myofibroblast_cell,False,tabula,myofibroblast
RPL15,lung-myofibroblast_cell,False,tabula,myofibroblast
RPL14,lung-myofibroblast_cell,False,tabula,myofibroblast
RPS2,lung-myofibroblast_cell,False,tabula,myofibroblast
RPS3,lung-myofibroblast_cell,False,tabula,myofibroblast
B2M,lung-myofibroblast_cell,False,tabula,myofibroblast
RPL19,lung-myofibroblast_cell,False,tabula,myofibroblast
RPL18,lung-myofibroblast_cell,False,tabula,myofibroblast
RPL41,lung-myofibroblast_cell,False,tabula,myofibroblast
EIF1,lung-myofibroblast_cell,False,tabula,myofibroblast
RPS27,lung-myofibroblast_cell,False,tabula,myofibroblast
NACA,lung-myofibroblast_cell,False,tabula,myofibroblast
ND2,lung-myofibroblast_cell,False,tabula,myofibroblast
ND1,lung-myofibroblast_cell,False,tabula,myofibroblast
FTL,lung-myofibroblast_cell,False,tabula,myofibroblast
ND4,lung-myofibroblast_cell,False,tabula,myofibroblast
RPS23,lung-myofibroblast_cell,False,tabula,myofibroblast
ND3,lung-myofibroblast_cell,False,tabula,myofibroblast
RPS24,lung-myofibroblast_cell,False,tabula,myofibroblast
RPL5,lung-myofibroblast_cell,False,tabula,myofibroblast
RPL3,lung-myofibroblast_cell,False,tabula,myofibroblast
RPL30,lung-myofibroblast_cell,False,tabula,myofibroblast
RPL32,lung-myofibroblast_cell,False,tabula,myofibroblast
ATP6,lung-myofibroblast_cell,False,tabula,myofibroblast
RPL34,lung-myofibroblast_cell,False,tabula,myofibroblast
ACTG1,lung-myofibroblast_cell,False,tabula,myofibroblast
RPL9,lung-myofibroblast_cell,False,tabula,myofibroblast
RPL8,lung-myofibroblast_cell,False,tabula,myofibroblast
RPS16,lung-myofibroblast_cell,False,tabula,myofibroblast
RPS15,lung-myofibroblast_cell,False,tabula,myofibroblast
RPS18,lung-myofibroblast_cell,False,tabula,myofibroblast
RPS19,lung-myofibroblast_cell,False,tabula,myofibroblast
FTH1,lung-myofibroblast_cell,False,tabula,myofibroblast
RPL37,lung-myofibroblast_cell,False,tabula,myofibroblast
COX3,lung-myofibroblast_cell,False,tabula,myofibroblast
RPL36,lung-myofibroblast_cell,False,tabula,myofibroblast
COX2,lung-myofibroblast_cell,False,tabula,myofibroblast
RPL39,lung-myofibroblast_cell,False,tabula,myofibroblast
COX1,lung-myofibroblast_cell,False,tabula,myofibroblast
RPS11,lung-myofibroblast_cell,False,tabula,myofibroblast
RPS14,lung-myofibroblast_cell,False,tabula,myofibroblast
RPS13,lung-myofibroblast_cell,False,tabula,myofibroblast
RPL13A,lung-myofibroblast_cell,False,tabula,myofibroblast
RPS3A,lung-myofibroblast_cell,False,tabula,myofibroblast
PTMA,lung-myofibroblast_cell,False,tabula,myofibroblast
RPL37A,lung-myofibroblast_cell,False,tabula,myofibroblast
CYTB,lung-myofibroblast_cell,False,tabula,myofibroblast
RPS15A,lung-myofibroblast_cell,False,tabula,myofibroblast
RPS27A,lung-myofibroblast_cell,False,tabula,myofibroblast
H3-3B,lung-myofibroblast_cell,False,tabula,myofibroblast
RPL35A,lung-myofibroblast_cell,False,tabula,myofibroblast
TPT1,lung-myofibroblast_cell,False,tabula,myofibroblast
RPLP2,lung-myofibroblast_cell,False,tabula,myofibroblast
RPLP1,lung-myofibroblast_cell,False,tabula,myofibroblast
ADIRF,lung-myofibroblast_cell,False,tabula,myofibroblast
RPS4X,lung-myofibroblast_cell,True,tabula,myofibroblast
TMSB4X,lung-myofibroblast_cell,False,tabula,myofibroblast
RPL18A,lung-myofibroblast_cell,False,tabula,myofibroblast
RPL7A,lung-myofibroblast_cell,False,tabula,myofibroblast
MYL6,lung-myofibroblast_cell,False,tabula,myofibroblast
VIM,lung-myofibroblast_cell,False,tabula,myofibroblast
SPARCL1,lung-myofibroblast_cell,False,tabula,myofibroblast
MT2A,lung-myofibroblast_cell,False,tabula,myofibroblast
TMSB10,lung-myofibroblast_cell,False,tabula,myofibroblast
S100A10,lung-myofibroblast_cell,False,tabula,myofibroblast
TIMP1,lung-myofibroblast_cell,False,tabula,myofibroblast
MGP,lung-myofibroblast_cell,False,tabula,myofibroblast
IGFBP6,lung-myofibroblast_cell,False,tabula,myofibroblast
LGALS1,lung-myofibroblast_cell,False,tabula,myofibroblast
CST3,lung-myofibroblast_cell,False,tabula,myofibroblast
ANXA1,lung-myofibroblast_cell,True,tabula,myofibroblast
IFITM3,lung-myofibroblast_cell,False,tabula,myofibroblast
TAGLN,lung-myofibroblast_cell,False,tabula,myofibroblast
ACTA2,lung-myofibroblast_cell,False,tabula,myofibroblast
PTGDS,lung-myofibroblast_cell,False,tabula,myofibroblast
CLU,lung-myofibroblast_cell,False,tabula,myofibroblast
ITM2B,lung-myofibroblast_cell,False,tabula,myofibroblast
TXNIP,lung-myofibroblast_cell,False,tabula,myofibroblast
TIMP3,lung-myofibroblast_cell,False,tabula,myofibroblast
CD9,lung-myofibroblast_cell,False,tabula,myofibroblast
APOE,lung-myofibroblast_cell,False,tabula,myofibroblast
CALM2,lung-myofibroblast_cell,False,tabula,myofibroblast
MYL12B,lung-myofibroblast_cell,False,tabula,myofibroblast
RGCC,lung-myofibroblast_cell,False,tabula,myofibroblast
S100B,lung-myofibroblast_cell,False,tabula,myofibroblast
CD81,lung-myofibroblast_cell,False,tabula,myofibroblast
CCL18,lung-myofibroblast_cell,False,tabula,myofibroblast
MT1G,lung-myofibroblast_cell,False,tabula,myofibroblast
GPM6B,lung-myofibroblast_cell,False,tabula,myofibroblast
PLP1,lung-myofibroblast_cell,False,tabula,myofibroblast
RPS8,lung-vascular_associated_smooth_muscle_cell,False,tabula,muscle
RPS9,lung-vascular_associated_smooth_muscle_cell,False,tabula,muscle
RPS6,lung-vascular_associated_smooth_muscle_cell,False,tabula,muscle
RPS7,lung-vascular_associated_smooth_muscle_cell,False,tabula,muscle
EEF1A1,lung-vascular_associated_smooth_muscle_cell,False,tabula,muscle
FAU,lung-vascular_associated_smooth_muscle_cell,False,tabula,muscle
S100A6,lung-vascular_associated_smooth_muscle_cell,False,tabula,muscle
RPL28,lung-vascular_associated_smooth_muscle_cell,False,tabula,muscle
RPL29,lung-vascular_associated_smooth_muscle_cell,False,tabula,muscle
RPL11,lung-vascular_associated_smooth_muscle_cell,False,tabula,muscle
RPL12,lung-vascular_associated_smooth_muscle_cell,False,tabula,muscle
RPS2,lung-vascular_associated_smooth_muscle_cell,False,tabula,muscle
RPS3,lung-vascular_associated_smooth_muscle_cell,False,tabula,muscle
B2M,lung-vascular_associated_smooth_muscle_cell,False,tabula,muscle
RPL19,lung-vascular_associated_smooth_muscle_cell,False,tabula,muscle
RPL18,lung-vascular_associated_smooth_muscle_cell,False,tabula,muscle
RPL41,lung-vascular_associated_smooth_muscle_cell,False,tabula,muscle
EIF1,lung-vascular_associated_smooth_muscle_cell,False,tabula,muscle
RPS27,lung-vascular_associated_smooth_muscle_cell,False,tabula,muscle
RPS28,lung-vascular_associated_smooth_muscle_cell,False,tabula,muscle
ND2,lung-vascular_associated_smooth_muscle_cell,False,tabula,muscle
ND1,lung-vascular_associated_smooth_muscle_cell,False,tabula,muscle
FTL,lung-vascular_associated_smooth_muscle_cell,False,tabula,muscle
ND4,lung-vascular_associated_smooth_muscle_cell,False,tabula,muscle
RPS23,lung-vascular_associated_smooth_muscle_cell,False,tabula,muscle
ND3,lung-vascular_associated_smooth_muscle_cell,False,tabula,muscle
RPS24,lung-vascular_associated_smooth_muscle_cell,False,tabula,muscle
RPL3,lung-vascular_associated_smooth_muscle_cell,False,tabula,muscle
RPL30,lung-vascular_associated_smooth_muscle_cell,False,tabula,muscle
RPL32,lung-vascular_associated_smooth_muscle_cell,False,tabula,muscle
ATP6,lung-vascular_associated_smooth_muscle_cell,False,tabula,muscle
RPL34,lung-vascular_associated_smooth_muscle_cell,False,tabula,muscle
ACTG1,lung-vascular_associated_smooth_muscle_cell,False,tabula,muscle
RPL9,lung-vascular_associated_smooth_muscle_cell,False,tabula,muscle
RPL8,lung-vascular_associated_smooth_muscle_cell,False,tabula,muscle
RPS16,lung-vascular_associated_smooth_muscle_cell,False,tabula,muscle
RPS15,lung-vascular_associated_smooth_muscle_cell,False,tabula,muscle
RPS18,lung-vascular_associated_smooth_muscle_cell,False,tabula,muscle
RPS19,lung-vascular_associated_smooth_muscle_cell,False,tabula,muscle
FTH1,lung-vascular_associated_smooth_muscle_cell,False,tabula,muscle
COX3,lung-vascular_associated_smooth_muscle_cell,False,tabula,muscle
COX2,lung-vascular_associated_smooth_muscle_cell,False,tabula,muscle
COX1,lung-vascular_associated_smooth_muscle_cell,False,tabula,muscle
RPS14,lung-vascular_associated_smooth_muscle_cell,False,tabula,muscle
RPS13,lung-vascular_associated_smooth_muscle_cell,False,tabula,muscle
RPL13A,lung-vascular_associated_smooth_muscle_cell,False,tabula,muscle
RPS3A,lung-vascular_associated_smooth_muscle_cell,False,tabula,muscle
PTMA,lung-vascular_associated_smooth_muscle_cell,False,tabula,muscle
CYTB,lung-vascular_associated_smooth_muscle_cell,False,tabula,muscle
RPS15A,lung-vascular_associated_smooth_muscle_cell,False,tabula,muscle
RPS27A,lung-vascular_associated_smooth_muscle_cell,False,tabula,muscle
H3-3B,lung-vascular_associated_smooth_muscle_cell,False,tabula,muscle
RPL35A,lung-vascular_associated_smooth_muscle_cell,False,tabula,muscle
TPT1,lung-vascular_associated_smooth_muscle_cell,False,tabula,muscle
RPLP1,lung-vascular_associated_smooth_muscle_cell,False,tabula,muscle
RPL10A,lung-vascular_associated_smooth_muscle_cell,False,tabula,muscle
RPS4X,lung-vascular_associated_smooth_muscle_cell,True,tabula,muscle
TMSB4X,lung-vascular_associated_smooth_muscle_cell,False,tabula,muscle
RPL18A,lung-vascular_associated_smooth_muscle_cell,False,tabula,muscle
RPL7A,lung-vascular_associated_smooth_muscle_cell,False,tabula,muscle
MYL6,lung-vascular_associated_smooth_muscle_cell,False,tabula,muscle
VIM,lung-vascular_associated_smooth_muscle_cell,False,tabula,muscle
SPARCL1,lung-vascular_associated_smooth_muscle_cell,False,tabula,muscle
JUND,lung-vascular_associated_smooth_muscle_cell,True,tabula,muscle
C11ORF96,lung-vascular_associated_smooth_muscle_cell,False,tabula,muscle
MT2A,lung-vascular_associated_smooth_muscle_cell,False,tabula,muscle
IGFBP7,lung-vascular_associated_smooth_muscle_cell,False,tabula,muscle
TMSB10,lung-vascular_associated_smooth_muscle_cell,False,tabula,muscle
JUN,lung-vascular_associated_smooth_muscle_cell,True,tabula,muscle
FOS,lung-vascular_associated_smooth_muscle_cell,True,tabula,muscle
TIMP1,lung-vascular_associated_smooth_muscle_cell,False,tabula,muscle
CD63,lung-vascular_associated_smooth_muscle_cell,False,tabula,muscle
CEBPD,lung-vascular_associated_smooth_muscle_cell,True,tabula,muscle
MGP,lung-vascular_associated_smooth_muscle_cell,False,tabula,muscle
IGFBP6,lung-vascular_associated_smooth_muscle_cell,False,tabula,muscle
LGALS1,lung-vascular_associated_smooth_muscle_cell,False,tabula,muscle
CST3,lung-vascular_associated_smooth_muscle_cell,False,tabula,muscle
A2M,lung-vascular_associated_smooth_muscle_cell,False,tabula,muscle
TPM2,lung-vascular_associated_smooth_muscle_cell,False,tabula,muscle
MYL9,lung-vascular_associated_smooth_muscle_cell,False,tabula,muscle
TAGLN,lung-vascular_associated_smooth_muscle_cell,False,tabula,muscle
TPM1,lung-vascular_associated_smooth_muscle_cell,False,tabula,muscle
MYH11,lung-vascular_associated_smooth_muscle_cell,False,tabula,muscle
IGFBP5,lung-vascular_associated_smooth_muscle_cell,False,tabula,muscle
DSTN,lung-vascular_associated_smooth_muscle_cell,False,tabula,muscle
CALD1,lung-vascular_associated_smooth_muscle_cell,False,tabula,muscle
ACTA2,lung-vascular_associated_smooth_muscle_cell,False,tabula,muscle
MYL12A,lung-vascular_associated_smooth_muscle_cell,False,tabula,muscle
TXNIP,lung-vascular_associated_smooth_muscle_cell,False,tabula,muscle
CCN2,lung-vascular_associated_smooth_muscle_cell,False,tabula,muscle
GPX3,lung-vascular_associated_smooth_muscle_cell,False,tabula,muscle
TIMP3,lung-vascular_associated_smooth_muscle_cell,False,tabula,muscle
APOE,lung-vascular_associated_smooth_muscle_cell,False,tabula,muscle
CALM2,lung-vascular_associated_smooth_muscle_cell,False,tabula,muscle
CCN5,lung-vascular_associated_smooth_muscle_cell,False,tabula,muscle
CAV1,lung-vascular_associated_smooth_muscle_cell,False,tabula,muscle
PPP1R14A,lung-vascular_associated_smooth_muscle_cell,False,tabula,muscle
MT1E,lung-vascular_associated_smooth_muscle_cell,False,tabula,muscle
ECRG4,lung-vascular_associated_smooth_muscle_cell,False,tabula,muscle
RPS8,muscle-capillary_endothelial_cell,False,tabula,muscle
EEF1A1,muscle-capillary_endothelial_cell,False,tabula,muscle
S100A6,muscle-capillary_endothelial_cell,False,tabula,muscle
RPL28,muscle-capillary_endothelial_cell,False,tabula,muscle
RPL11,muscle-capillary_endothelial_cell,False,tabula,muscle
B2M,muscle-capillary_endothelial_cell,False,tabula,muscle
RPL41,muscle-capillary_endothelial_cell,False,tabula,muscle
EIF1,muscle-capillary_endothelial_cell,False,tabula,muscle
RPS27,muscle-capillary_endothelial_cell,False,tabula,muscle
RPS28,muscle-capillary_endothelial_cell,False,tabula,muscle
ND2,muscle-capillary_endothelial_cell,False,tabula,muscle
ND1,muscle-capillary_endothelial_cell,False,tabula,muscle
FTL,muscle-capillary_endothelial_cell,False,tabula,muscle
ND4,muscle-capillary_endothelial_cell,False,tabula,muscle
ND3,muscle-capillary_endothelial_cell,False,tabula,muscle
ND5,muscle-capillary_endothelial_cell,False,tabula,muscle
RPS24,muscle-capillary_endothelial_cell,False,tabula,muscle
RPL30,muscle-capillary_endothelial_cell,False,tabula,muscle
RPL32,muscle-capillary_endothelial_cell,False,tabula,muscle
ATP6,muscle-capillary_endothelial_cell,False,tabula,muscle
RPL34,muscle-capillary_endothelial_cell,False,tabula,muscle
ACTG1,muscle-capillary_endothelial_cell,False,tabula,muscle
RPS18,muscle-capillary_endothelial_cell,False,tabula,muscle
FTH1,muscle-capillary_endothelial_cell,False,tabula,muscle
RPL37,muscle-capillary_endothelial_cell,False,tabula,muscle
COX3,muscle-capillary_endothelial_cell,False,tabula,muscle
COX2,muscle-capillary_endothelial_cell,False,tabula,muscle
COX1,muscle-capillary_endothelial_cell,False,tabula,muscle
RPS14,muscle-capillary_endothelial_cell,False,tabula,muscle
PTMA,muscle-capillary_endothelial_cell,False,tabula,muscle
RPL37A,muscle-capillary_endothelial_cell,False,tabula,muscle
CYTB,muscle-capillary_endothelial_cell,False,tabula,muscle
RPS27A,muscle-capillary_endothelial_cell,False,tabula,muscle
H3-3B,muscle-capillary_endothelial_cell,False,tabula,muscle
TPT1,muscle-capillary_endothelial_cell,False,tabula,muscle
RPLP1,muscle-capillary_endothelial_cell,False,tabula,muscle
TMSB4X,muscle-capillary_endothelial_cell,False,tabula,muscle
GSN,muscle-capillary_endothelial_cell,False,tabula,muscle
TM4SF1,muscle-capillary_endothelial_cell,False,tabula,muscle
MYL6,muscle-capillary_endothelial_cell,False,tabula,muscle
IFI27,muscle-capillary_endothelial_cell,False,tabula,muscle
SPARCL1,muscle-capillary_endothelial_cell,False,tabula,muscle
CALM1,muscle-capillary_endothelial_cell,False,tabula,muscle
ZFP36,muscle-capillary_endothelial_cell,False,tabula,muscle
HLA-A,muscle-capillary_endothelial_cell,False,tabula,muscle
HLA-B,muscle-capillary_endothelial_cell,False,tabula,muscle
HLA-E,muscle-capillary_endothelial_cell,False,tabula,muscle
C11ORF96,muscle-capillary_endothelial_cell,False,tabula,muscle
MT2A,muscle-capillary_endothelial_cell,False,tabula,muscle
TMSB10,muscle-capillary_endothelial_cell,False,tabula,muscle
JUN,muscle-capillary_endothelial_cell,True,tabula,muscle
NFKBIA,muscle-capillary_endothelial_cell,False,tabula,muscle
SOCS3,muscle-capillary_endothelial_cell,False,tabula,muscle
FOS,muscle-capillary_endothelial_cell,True,tabula,muscle
YBX3,muscle-capillary_endothelial_cell,False,tabula,muscle
GADD45B,muscle-capillary_endothelial_cell,False,tabula,muscle
FABP5,muscle-capillary_endothelial_cell,False,tabula,muscle
CEBPD,muscle-capillary_endothelial_cell,True,tabula,muscle
HSPA1A,muscle-capillary_endothelial_cell,False,tabula,muscle
HSPA1B,muscle-capillary_endothelial_cell,False,tabula,muscle
HSPH1,muscle-capillary_endothelial_cell,False,tabula,muscle
HSP90AA1,muscle-capillary_endothelial_cell,False,tabula,muscle
SRGN,muscle-capillary_endothelial_cell,False,tabula,muscle
HSPB1,muscle-capillary_endothelial_cell,False,tabula,muscle
DNAJB1,muscle-capillary_endothelial_cell,False,tabula,muscle
HSP90AB1,muscle-capillary_endothelial_cell,False,tabula,muscle
HSPD1,muscle-capillary_endothelial_cell,False,tabula,muscle
UBB,muscle-capillary_endothelial_cell,True,tabula,muscle
IFITM3,muscle-capillary_endothelial_cell,False,tabula,muscle
EGR1,muscle-capillary_endothelial_cell,True,tabula,muscle
MT1X,muscle-capillary_endothelial_cell,False,tabula,muscle
ADAMTS1,muscle-capillary_endothelial_cell,False,tabula,muscle
HSPA8,muscle-capillary_endothelial_cell,False,tabula,muscle
MT1M,muscle-capillary_endothelial_cell,False,tabula,muscle
CCL2,muscle-capillary_endothelial_cell,False,tabula,muscle
HSPE1,muscle-capillary_endothelial_cell,False,tabula,muscle
HLA-C,muscle-capillary_endothelial_cell,False,tabula,muscle
ITM2B,muscle-capillary_endothelial_cell,False,tabula,muscle
IFITM2,muscle-capillary_endothelial_cell,False,tabula,muscle
TXNIP,muscle-capillary_endothelial_cell,False,tabula,muscle
SLC2A3,muscle-capillary_endothelial_cell,False,tabula,muscle
DDX5,muscle-capillary_endothelial_cell,False,tabula,muscle
TIMP3,muscle-capillary_endothelial_cell,False,tabula,muscle
CAV1,muscle-capillary_endothelial_cell,False,tabula,muscle
MT1E,muscle-capillary_endothelial_cell,False,tabula,muscle
EPAS1,muscle-capillary_endothelial_cell,True,tabula,muscle
SLC9A3R2,muscle-capillary_endothelial_cell,False,tabula,muscle
RGCC,muscle-capillary_endothelial_cell,False,tabula,muscle
ID3,muscle-capillary_endothelial_cell,False,tabula,muscle
CD59,muscle-capillary_endothelial_cell,True,tabula,muscle
IER2,muscle-capillary_endothelial_cell,False,tabula,muscle
FABP4,muscle-capillary_endothelial_cell,False,tabula,muscle
CXCL2,muscle-capillary_endothelial_cell,False,tabula,muscle
MT1A,muscle-capillary_endothelial_cell,False,tabula,muscle
EMP1,muscle-capillary_endothelial_cell,False,tabula,muscle
CD36,muscle-capillary_endothelial_cell,False,tabula,muscle
DNAJA1,muscle-capillary_endothelial_cell,False,tabula,muscle
HNRNPA2B1,muscle-capillary_endothelial_cell,False,tabula,muscle
FLT1,muscle-capillary_endothelial_cell,False,tabula,muscle
CDKN1A,muscle-capillary_endothelial_cell,False,tabula,muscle
RPS8,"muscle-cd4-positive,_alpha-beta_t_cell",False,tabula,muscle
RPL21,"muscle-cd4-positive,_alpha-beta_t_cell",False,tabula,muscle
RPS9,"muscle-cd4-positive,_alpha-beta_t_cell",False,tabula,muscle
RPS6,"muscle-cd4-positive,_alpha-beta_t_cell",False,tabula,muscle
RPS7,"muscle-cd4-positive,_alpha-beta_t_cell",False,tabula,muscle
RPSA,"muscle-cd4-positive,_alpha-beta_t_cell",False,tabula,muscle
EEF1A1,"muscle-cd4-positive,_alpha-beta_t_cell",False,tabula,muscle
FAU,"muscle-cd4-positive,_alpha-beta_t_cell",False,tabula,muscle
RPL28,"muscle-cd4-positive,_alpha-beta_t_cell",False,tabula,muscle
RPL29,"muscle-cd4-positive,_alpha-beta_t_cell",False,tabula,muscle
RPL11,"muscle-cd4-positive,_alpha-beta_t_cell",False,tabula,muscle
RPL12,"muscle-cd4-positive,_alpha-beta_t_cell",False,tabula,muscle
RPL15,"muscle-cd4-positive,_alpha-beta_t_cell",False,tabula,muscle
RPL14,"muscle-cd4-positive,_alpha-beta_t_cell",False,tabula,muscle
RPS5,"muscle-cd4-positive,_alpha-beta_t_cell",False,tabula,muscle
RPS2,"muscle-cd4-positive,_alpha-beta_t_cell",False,tabula,muscle
RPS3,"muscle-cd4-positive,_alpha-beta_t_cell",False,tabula,muscle
B2M,"muscle-cd4-positive,_alpha-beta_t_cell",False,tabula,muscle
RPL19,"muscle-cd4-positive,_alpha-beta_t_cell",False,tabula,muscle
RPL18,"muscle-cd4-positive,_alpha-beta_t_cell",False,tabula,muscle
RPL41,"muscle-cd4-positive,_alpha-beta_t_cell",False,tabula,muscle
EIF1,"muscle-cd4-positive,_alpha-beta_t_cell",False,tabula,muscle
RPS27,"muscle-cd4-positive,_alpha-beta_t_cell",False,tabula,muscle
RPS29,"muscle-cd4-positive,_alpha-beta_t_cell",False,tabula,muscle
RPS28,"muscle-cd4-positive,_alpha-beta_t_cell",False,tabula,muscle
NACA,"muscle-cd4-positive,_alpha-beta_t_cell",False,tabula,muscle
ND2,"muscle-cd4-positive,_alpha-beta_t_cell",False,tabula,muscle
RPS21,"muscle-cd4-positive,_alpha-beta_t_cell",False,tabula,muscle
ND1,"muscle-cd4-positive,_alpha-beta_t_cell",False,tabula,muscle
ND4,"muscle-cd4-positive,_alpha-beta_t_cell",False,tabula,muscle
RPS23,"muscle-cd4-positive,_alpha-beta_t_cell",False,tabula,muscle
ND3,"muscle-cd4-positive,_alpha-beta_t_cell",False,tabula,muscle
ND5,"muscle-cd4-positive,_alpha-beta_t_cell",False,tabula,muscle
RPS24,"muscle-cd4-positive,_alpha-beta_t_cell",False,tabula,muscle
RPL5,"muscle-cd4-positive,_alpha-beta_t_cell",False,tabula,muscle
RPL6,"muscle-cd4-positive,_alpha-beta_t_cell",True,tabula,muscle
RPL3,"muscle-cd4-positive,_alpha-beta_t_cell",False,tabula,muscle
RPL30,"muscle-cd4-positive,_alpha-beta_t_cell",False,tabula,muscle
RPL32,"muscle-cd4-positive,_alpha-beta_t_cell",False,tabula,muscle
ATP6,"muscle-cd4-positive,_alpha-beta_t_cell",False,tabula,muscle
RPL34,"muscle-cd4-positive,_alpha-beta_t_cell",False,tabula,muscle
RPL9,"muscle-cd4-positive,_alpha-beta_t_cell",False,tabula,muscle
RPL8,"muscle-cd4-positive,_alpha-beta_t_cell",False,tabula,muscle
RPS16,"muscle-cd4-positive,_alpha-beta_t_cell",False,tabula,muscle
RPS15,"muscle-cd4-positive,_alpha-beta_t_cell",False,tabula,muscle
RPS18,"muscle-cd4-positive,_alpha-beta_t_cell",False,tabula,muscle
RPS19,"muscle-cd4-positive,_alpha-beta_t_cell",False,tabula,muscle
FTH1,"muscle-cd4-positive,_alpha-beta_t_cell",False,tabula,muscle
RPL37,"muscle-cd4-positive,_alpha-beta_t_cell",False,tabula,muscle
COX3,"muscle-cd4-positive,_alpha-beta_t_cell",False,tabula,muscle
RPL36,"muscle-cd4-positive,_alpha-beta_t_cell",False,tabula,muscle
COX2,"muscle-cd4-positive,_alpha-beta_t_cell",False,tabula,muscle
RPL39,"muscle-cd4-positive,_alpha-beta_t_cell",False,tabula,muscle
COX1,"muscle-cd4-positive,_alpha-beta_t_cell",False,tabula,muscle
RPS11,"muscle-cd4-positive,_alpha-beta_t_cell",False,tabula,muscle
RPS14,"muscle-cd4-positive,_alpha-beta_t_cell",False,tabula,muscle
RPS13,"muscle-cd4-positive,_alpha-beta_t_cell",False,tabula,muscle
RPL13A,"muscle-cd4-positive,_alpha-beta_t_cell",False,tabula,muscle
RPS3A,"muscle-cd4-positive,_alpha-beta_t_cell",False,tabula,muscle
PTMA,"muscle-cd4-positive,_alpha-beta_t_cell",False,tabula,muscle
RPL37A,"muscle-cd4-positive,_alpha-beta_t_cell",False,tabula,muscle
CYTB,"muscle-cd4-positive,_alpha-beta_t_cell",False,tabula,muscle
RPS15A,"muscle-cd4-positive,_alpha-beta_t_cell",False,tabula,muscle
RPS27A,"muscle-cd4-positive,_alpha-beta_t_cell",False,tabula,muscle
RPL35A,"muscle-cd4-positive,_alpha-beta_t_cell",False,tabula,muscle
RPL23A,"muscle-cd4-positive,_alpha-beta_t_cell",False,tabula,muscle
TPT1,"muscle-cd4-positive,_alpha-beta_t_cell",False,tabula,muscle
RPLP2,"muscle-cd4-positive,_alpha-beta_t_cell",False,tabula,muscle
RPLP1,"muscle-cd4-positive,_alpha-beta_t_cell",False,tabula,muscle
RPL10A,"muscle-cd4-positive,_alpha-beta_t_cell",False,tabula,muscle
RPS4X,"muscle-cd4-positive,_alpha-beta_t_cell",True,tabula,muscle
TMSB4X,"muscle-cd4-positive,_alpha-beta_t_cell",False,tabula,muscle
RPL18A,"muscle-cd4-positive,_alpha-beta_t_cell",False,tabula,muscle
RPL7A,"muscle-cd4-positive,_alpha-beta_t_cell",False,tabula,muscle
VIM,"muscle-cd4-positive,_alpha-beta_t_cell",False,tabula,muscle
ZFP36,"muscle-cd4-positive,_alpha-beta_t_cell",False,tabula,muscle
JUND,"muscle-cd4-positive,_alpha-beta_t_cell",True,tabula,muscle
TMSB10,"muscle-cd4-positive,_alpha-beta_t_cell",False,tabula,muscle
FOS,"muscle-cd4-positive,_alpha-beta_t_cell",True,tabula,muscle
HSPA1A,"muscle-cd4-positive,_alpha-beta_t_cell",False,tabula,muscle
RPS20,"muscle-cd4-positive,_alpha-beta_t_cell",False,tabula,muscle
HSP90AA1,"muscle-cd4-positive,_alpha-beta_t_cell",False,tabula,muscle
SRGN,"muscle-cd4-positive,_alpha-beta_t_cell",False,tabula,muscle
DNAJB1,"muscle-cd4-positive,_alpha-beta_t_cell",False,tabula,muscle
UBA52,"muscle-cd4-positive,_alpha-beta_t_cell",False,tabula,muscle
HSP90AB1,"muscle-cd4-positive,_alpha-beta_t_cell",False,tabula,muscle
CCL4,"muscle-cd4-positive,_alpha-beta_t_cell",False,tabula,muscle
RPS25,"muscle-cd4-positive,_alpha-beta_t_cell",False,tabula,muscle
BTG1,"muscle-cd4-positive,_alpha-beta_t_cell",False,tabula,muscle
TNFAIP3,"muscle-cd4-positive,_alpha-beta_t_cell",False,tabula,muscle
RPL26,"muscle-cd4-positive,_alpha-beta_t_cell",False,tabula,muscle
RPL27A,"muscle-cd4-positive,_alpha-beta_t_cell",False,tabula,muscle
RPL35,"muscle-cd4-positive,_alpha-beta_t_cell",True,tabula,muscle
ZFP36L2,"muscle-cd4-positive,_alpha-beta_t_cell",False,tabula,muscle
TSC22D3,"muscle-cd4-positive,_alpha-beta_t_cell",False,tabula,muscle
RPL27,"muscle-cd4-positive,_alpha-beta_t_cell",False,tabula,muscle
CXCR4,"muscle-cd4-positive,_alpha-beta_t_cell",False,tabula,muscle
IL7R,"muscle-cd4-positive,_alpha-beta_t_cell",False,tabula,muscle
RPL38,"muscle-cd4-positive,_alpha-beta_t_cell",False,tabula,muscle
TXNIP,"muscle-cd4-positive,_alpha-beta_t_cell",False,tabula,muscle
RPS8,"muscle-cd8-positive,_alpha-beta_t_cell",False,tabula,muscle
RPL21,"muscle-cd8-positive,_alpha-beta_t_cell",False,tabula,muscle
RPS9,"muscle-cd8-positive,_alpha-beta_t_cell",False,tabula,muscle
RPS6,"muscle-cd8-positive,_alpha-beta_t_cell",False,tabula,muscle
RPS7,"muscle-cd8-positive,_alpha-beta_t_cell",False,tabula,muscle
RPSA,"muscle-cd8-positive,_alpha-beta_t_cell",False,tabula,muscle
EEF1A1,"muscle-cd8-positive,_alpha-beta_t_cell",False,tabula,muscle
FAU,"muscle-cd8-positive,_alpha-beta_t_cell",False,tabula,muscle
RPL28,"muscle-cd8-positive,_alpha-beta_t_cell",False,tabula,muscle
RPL29,"muscle-cd8-positive,_alpha-beta_t_cell",False,tabula,muscle
RPL11,"muscle-cd8-positive,_alpha-beta_t_cell",False,tabula,muscle
RPL12,"muscle-cd8-positive,_alpha-beta_t_cell",False,tabula,muscle
RPL15,"muscle-cd8-positive,_alpha-beta_t_cell",False,tabula,muscle
RPL14,"muscle-cd8-positive,_alpha-beta_t_cell",False,tabula,muscle
RPS5,"muscle-cd8-positive,_alpha-beta_t_cell",False,tabula,muscle
RPS2,"muscle-cd8-positive,_alpha-beta_t_cell",False,tabula,muscle
RPS3,"muscle-cd8-positive,_alpha-beta_t_cell",False,tabula,muscle
B2M,"muscle-cd8-positive,_alpha-beta_t_cell",False,tabula,muscle
RPL19,"muscle-cd8-positive,_alpha-beta_t_cell",False,tabula,muscle
RPL18,"muscle-cd8-positive,_alpha-beta_t_cell",False,tabula,muscle
RPL41,"muscle-cd8-positive,_alpha-beta_t_cell",False,tabula,muscle
EIF1,"muscle-cd8-positive,_alpha-beta_t_cell",False,tabula,muscle
RPS27,"muscle-cd8-positive,_alpha-beta_t_cell",False,tabula,muscle
RPS29,"muscle-cd8-positive,_alpha-beta_t_cell",False,tabula,muscle
RPS28,"muscle-cd8-positive,_alpha-beta_t_cell",False,tabula,muscle
NACA,"muscle-cd8-positive,_alpha-beta_t_cell",False,tabula,muscle
ND2,"muscle-cd8-positive,_alpha-beta_t_cell",False,tabula,muscle
RPS21,"muscle-cd8-positive,_alpha-beta_t_cell",False,tabula,muscle
ND1,"muscle-cd8-positive,_alpha-beta_t_cell",False,tabula,muscle
FTL,"muscle-cd8-positive,_alpha-beta_t_cell",False,tabula,muscle
ND4,"muscle-cd8-positive,_alpha-beta_t_cell",False,tabula,muscle
RPS23,"muscle-cd8-positive,_alpha-beta_t_cell",False,tabula,muscle
ND3,"muscle-cd8-positive,_alpha-beta_t_cell",False,tabula,muscle
ND5,"muscle-cd8-positive,_alpha-beta_t_cell",False,tabula,muscle
RPS24,"muscle-cd8-positive,_alpha-beta_t_cell",False,tabula,muscle
RPL5,"muscle-cd8-positive,_alpha-beta_t_cell",False,tabula,muscle
RPL6,"muscle-cd8-positive,_alpha-beta_t_cell",True,tabula,muscle
RPL3,"muscle-cd8-positive,_alpha-beta_t_cell",False,tabula,muscle
RPL30,"muscle-cd8-positive,_alpha-beta_t_cell",False,tabula,muscle
RPL32,"muscle-cd8-positive,_alpha-beta_t_cell",False,tabula,muscle
ATP6,"muscle-cd8-positive,_alpha-beta_t_cell",False,tabula,muscle
RPL34,"muscle-cd8-positive,_alpha-beta_t_cell",False,tabula,muscle
RPL9,"muscle-cd8-positive,_alpha-beta_t_cell",False,tabula,muscle
RPL8,"muscle-cd8-positive,_alpha-beta_t_cell",False,tabula,muscle
RPS16,"muscle-cd8-positive,_alpha-beta_t_cell",False,tabula,muscle
RPS15,"muscle-cd8-positive,_alpha-beta_t_cell",False,tabula,muscle
RPS18,"muscle-cd8-positive,_alpha-beta_t_cell",False,tabula,muscle
RPS19,"muscle-cd8-positive,_alpha-beta_t_cell",False,tabula,muscle
FTH1,"muscle-cd8-positive,_alpha-beta_t_cell",False,tabula,muscle
RPL37,"muscle-cd8-positive,_alpha-beta_t_cell",False,tabula,muscle
COX3,"muscle-cd8-positive,_alpha-beta_t_cell",False,tabula,muscle
RPL36,"muscle-cd8-positive,_alpha-beta_t_cell",False,tabula,muscle
COX2,"muscle-cd8-positive,_alpha-beta_t_cell",False,tabula,muscle
RPL39,"muscle-cd8-positive,_alpha-beta_t_cell",False,tabula,muscle
COX1,"muscle-cd8-positive,_alpha-beta_t_cell",False,tabula,muscle
RPS11,"muscle-cd8-positive,_alpha-beta_t_cell",False,tabula,muscle
RPS14,"muscle-cd8-positive,_alpha-beta_t_cell",False,tabula,muscle
RPS13,"muscle-cd8-positive,_alpha-beta_t_cell",False,tabula,muscle
RPL13A,"muscle-cd8-positive,_alpha-beta_t_cell",False,tabula,muscle
RPS3A,"muscle-cd8-positive,_alpha-beta_t_cell",False,tabula,muscle
PTMA,"muscle-cd8-positive,_alpha-beta_t_cell",False,tabula,muscle
RPL37A,"muscle-cd8-positive,_alpha-beta_t_cell",False,tabula,muscle
CYTB,"muscle-cd8-positive,_alpha-beta_t_cell",False,tabula,muscle
RPS15A,"muscle-cd8-positive,_alpha-beta_t_cell",False,tabula,muscle
RPS27A,"muscle-cd8-positive,_alpha-beta_t_cell",False,tabula,muscle
H3-3B,"muscle-cd8-positive,_alpha-beta_t_cell",False,tabula,muscle
RPL35A,"muscle-cd8-positive,_alpha-beta_t_cell",False,tabula,muscle
RPL23A,"muscle-cd8-positive,_alpha-beta_t_cell",False,tabula,muscle
TPT1,"muscle-cd8-positive,_alpha-beta_t_cell",False,tabula,muscle
RPLP2,"muscle-cd8-positive,_alpha-beta_t_cell",False,tabula,muscle
RPLP1,"muscle-cd8-positive,_alpha-beta_t_cell",False,tabula,muscle
RPL10A,"muscle-cd8-positive,_alpha-beta_t_cell",False,tabula,muscle
RPS4X,"muscle-cd8-positive,_alpha-beta_t_cell",True,tabula,muscle
TMSB4X,"muscle-cd8-positive,_alpha-beta_t_cell",False,tabula,muscle
RPL18A,"muscle-cd8-positive,_alpha-beta_t_cell",False,tabula,muscle
RACK1,"muscle-cd8-positive,_alpha-beta_t_cell",False,tabula,muscle
RPL7A,"muscle-cd8-positive,_alpha-beta_t_cell",False,tabula,muscle
JUND,"muscle-cd8-positive,_alpha-beta_t_cell",True,tabula,muscle
HLA-B,"muscle-cd8-positive,_alpha-beta_t_cell",False,tabula,muscle
TMSB10,"muscle-cd8-positive,_alpha-beta_t_cell",False,tabula,muscle
FOS,"muscle-cd8-positive,_alpha-beta_t_cell",True,tabula,muscle
S100A4,"muscle-cd8-positive,_alpha-beta_t_cell",False,tabula,muscle
HSPA1A,"muscle-cd8-positive,_alpha-beta_t_cell",False,tabula,muscle
HSP90AA1,"muscle-cd8-positive,_alpha-beta_t_cell",False,tabula,muscle
SRGN,"muscle-cd8-positive,_alpha-beta_t_cell",False,tabula,muscle
DNAJB1,"muscle-cd8-positive,_alpha-beta_t_cell",False,tabula,muscle
UBA52,"muscle-cd8-positive,_alpha-beta_t_cell",False,tabula,muscle
HSP90AB1,"muscle-cd8-positive,_alpha-beta_t_cell",False,tabula,muscle
CCL4,"muscle-cd8-positive,_alpha-beta_t_cell",False,tabula,muscle
RPS25,"muscle-cd8-positive,_alpha-beta_t_cell",False,tabula,muscle
BTG1,"muscle-cd8-positive,_alpha-beta_t_cell",False,tabula,muscle
RPL26,"muscle-cd8-positive,_alpha-beta_t_cell",False,tabula,muscle
RPL27A,"muscle-cd8-positive,_alpha-beta_t_cell",False,tabula,muscle
RPL35,"muscle-cd8-positive,_alpha-beta_t_cell",True,tabula,muscle
HSPA8,"muscle-cd8-positive,_alpha-beta_t_cell",False,tabula,muscle
ZFP36L2,"muscle-cd8-positive,_alpha-beta_t_cell",False,tabula,muscle
RPL27,"muscle-cd8-positive,_alpha-beta_t_cell",False,tabula,muscle
CXCR4,"muscle-cd8-positive,_alpha-beta_t_cell",False,tabula,muscle
IL7R,"muscle-cd8-positive,_alpha-beta_t_cell",False,tabula,muscle
RPL38,"muscle-cd8-positive,_alpha-beta_t_cell",False,tabula,muscle
RPS8,muscle-endothelial_cell_of_artery,False,tabula,muscle
RPL21,muscle-endothelial_cell_of_artery,False,tabula,muscle
RPS9,muscle-endothelial_cell_of_artery,False,tabula,muscle
RPS6,muscle-endothelial_cell_of_artery,False,tabula,muscle
EEF1A1,muscle-endothelial_cell_of_artery,False,tabula,muscle
FAU,muscle-endothelial_cell_of_artery,False,tabula,muscle
S100A6,muscle-endothelial_cell_of_artery,False,tabula,muscle
RPL28,muscle-endothelial_cell_of_artery,False,tabula,muscle
RPL11,muscle-endothelial_cell_of_artery,False,tabula,muscle
RPL12,muscle-endothelial_cell_of_artery,False,tabula,muscle
RPL15,muscle-endothelial_cell_of_artery,False,tabula,muscle
RPS2,muscle-endothelial_cell_of_artery,False,tabula,muscle
RPS3,muscle-endothelial_cell_of_artery,False,tabula,muscle
B2M,muscle-endothelial_cell_of_artery,False,tabula,muscle
RPL19,muscle-endothelial_cell_of_artery,False,tabula,muscle
RPL41,muscle-endothelial_cell_of_artery,False,tabula,muscle
EIF1,muscle-endothelial_cell_of_artery,False,tabula,muscle
RPS27,muscle-endothelial_cell_of_artery,False,tabula,muscle
RPS29,muscle-endothelial_cell_of_artery,False,tabula,muscle
RPS28,muscle-endothelial_cell_of_artery,False,tabula,muscle
ND2,muscle-endothelial_cell_of_artery,False,tabula,muscle
RPS21,muscle-endothelial_cell_of_artery,False,tabula,muscle
ND1,muscle-endothelial_cell_of_artery,False,tabula,muscle
FTL,muscle-endothelial_cell_of_artery,False,tabula,muscle
ND4,muscle-endothelial_cell_of_artery,False,tabula,muscle
RPS23,muscle-endothelial_cell_of_artery,False,tabula,muscle
ND3,muscle-endothelial_cell_of_artery,False,tabula,muscle
RPS24,muscle-endothelial_cell_of_artery,False,tabula,muscle
RPL3,muscle-endothelial_cell_of_artery,False,tabula,muscle
RPL30,muscle-endothelial_cell_of_artery,False,tabula,muscle
RPL32,muscle-endothelial_cell_of_artery,False,tabula,muscle
ATP6,muscle-endothelial_cell_of_artery,False,tabula,muscle
RPL34,muscle-endothelial_cell_of_artery,False,tabula,muscle
RPL9,muscle-endothelial_cell_of_artery,False,tabula,muscle
RPL8,muscle-endothelial_cell_of_artery,False,tabula,muscle
RPS18,muscle-endothelial_cell_of_artery,False,tabula,muscle
RPS19,muscle-endothelial_cell_of_artery,False,tabula,muscle
FTH1,muscle-endothelial_cell_of_artery,False,tabula,muscle
RPL37,muscle-endothelial_cell_of_artery,False,tabula,muscle
COX3,muscle-endothelial_cell_of_artery,False,tabula,muscle
RPL36,muscle-endothelial_cell_of_artery,False,tabula,muscle
COX2,muscle-endothelial_cell_of_artery,False,tabula,muscle
RPL39,muscle-endothelial_cell_of_artery,False,tabula,muscle
COX1,muscle-endothelial_cell_of_artery,False,tabula,muscle
RPS14,muscle-endothelial_cell_of_artery,False,tabula,muscle
RPS13,muscle-endothelial_cell_of_artery,False,tabula,muscle
PTMA,muscle-endothelial_cell_of_artery,False,tabula,muscle
RPL37A,muscle-endothelial_cell_of_artery,False,tabula,muscle
CYTB,muscle-endothelial_cell_of_artery,False,tabula,muscle
RPS15A,muscle-endothelial_cell_of_artery,False,tabula,muscle
RPS27A,muscle-endothelial_cell_of_artery,False,tabula,muscle
H3-3B,muscle-endothelial_cell_of_artery,False,tabula,muscle
RPL35A,muscle-endothelial_cell_of_artery,False,tabula,muscle
TPT1,muscle-endothelial_cell_of_artery,False,tabula,muscle
RPLP2,muscle-endothelial_cell_of_artery,False,tabula,muscle
RPLP1,muscle-endothelial_cell_of_artery,False,tabula,muscle
RPS4X,muscle-endothelial_cell_of_artery,True,tabula,muscle
TMSB4X,muscle-endothelial_cell_of_artery,False,tabula,muscle
RPL18A,muscle-endothelial_cell_of_artery,False,tabula,muscle
RPL7A,muscle-endothelial_cell_of_artery,False,tabula,muscle
TM4SF1,muscle-endothelial_cell_of_artery,False,tabula,muscle
IFI27,muscle-endothelial_cell_of_artery,False,tabula,muscle
VIM,muscle-endothelial_cell_of_artery,False,tabula,muscle
SPARCL1,muscle-endothelial_cell_of_artery,False,tabula,muscle
ZFP36,muscle-endothelial_cell_of_artery,False,tabula,muscle
HLA-A,muscle-endothelial_cell_of_artery,False,tabula,muscle
HLA-B,muscle-endothelial_cell_of_artery,False,tabula,muscle
HLA-E,muscle-endothelial_cell_of_artery,False,tabula,muscle
SRP14,muscle-endothelial_cell_of_artery,False,tabula,muscle
TMSB10,muscle-endothelial_cell_of_artery,False,tabula,muscle
JUN,muscle-endothelial_cell_of_artery,True,tabula,muscle
NFKBIA,muscle-endothelial_cell_of_artery,False,tabula,muscle
SOCS3,muscle-endothelial_cell_of_artery,False,tabula,muscle
FOS,muscle-endothelial_cell_of_artery,True,tabula,muscle
GADD45B,muscle-endothelial_cell_of_artery,False,tabula,muscle
MGP,muscle-endothelial_cell_of_artery,False,tabula,muscle
IER3,muscle-endothelial_cell_of_artery,False,tabula,muscle
HSPA1A,muscle-endothelial_cell_of_artery,False,tabula,muscle
HSPA1B,muscle-endothelial_cell_of_artery,False,tabula,muscle
HSP90AA1,muscle-endothelial_cell_of_artery,False,tabula,muscle
SRGN,muscle-endothelial_cell_of_artery,False,tabula,muscle
HSPB1,muscle-endothelial_cell_of_artery,False,tabula,muscle
DNAJB1,muscle-endothelial_cell_of_artery,False,tabula,muscle
HSP90AB1,muscle-endothelial_cell_of_artery,False,tabula,muscle
IFITM3,muscle-endothelial_cell_of_artery,False,tabula,muscle
EGR1,muscle-endothelial_cell_of_artery,True,tabula,muscle
ADAMTS1,muscle-endothelial_cell_of_artery,False,tabula,muscle
RPL26,muscle-endothelial_cell_of_artery,False,tabula,muscle
HSPA8,muscle-endothelial_cell_of_artery,False,tabula,muscle
KLF2,muscle-endothelial_cell_of_artery,True,tabula,muscle
CCL2,muscle-endothelial_cell_of_artery,False,tabula,muscle
HLA-C,muscle-endothelial_cell_of_artery,False,tabula,muscle
CLU,muscle-endothelial_cell_of_artery,False,tabula,muscle
TIMP3,muscle-endothelial_cell_of_artery,False,tabula,muscle
CAV1,muscle-endothelial_cell_of_artery,False,tabula,muscle
EPAS1,muscle-endothelial_cell_of_artery,True,tabula,muscle
CXCL2,muscle-endothelial_cell_of_artery,False,tabula,muscle
DNAJA1,muscle-endothelial_cell_of_artery,False,tabula,muscle
IGFBP3,muscle-endothelial_cell_of_artery,False,tabula,muscle
KCTD12,muscle-endothelial_cell_of_artery,False,tabula,muscle
RPS8,muscle-endothelial_cell_of_lymphatic_vessel,False,tabula,muscle
RPS9,muscle-endothelial_cell_of_lymphatic_vessel,False,tabula,muscle
RPS6,muscle-endothelial_cell_of_lymphatic_vessel,False,tabula,muscle
RPS7,muscle-endothelial_cell_of_lymphatic_vessel,False,tabula,muscle
EEF1A1,muscle-endothelial_cell_of_lymphatic_vessel,False,tabula,muscle
FAU,muscle-endothelial_cell_of_lymphatic_vessel,False,tabula,muscle
S100A6,muscle-endothelial_cell_of_lymphatic_vessel,False,tabula,muscle
RPL28,muscle-endothelial_cell_of_lymphatic_vessel,False,tabula,muscle
RPL11,muscle-endothelial_cell_of_lymphatic_vessel,False,tabula,muscle
RPL12,muscle-endothelial_cell_of_lymphatic_vessel,False,tabula,muscle
RPL15,muscle-endothelial_cell_of_lymphatic_vessel,False,tabula,muscle
RPL14,muscle-endothelial_cell_of_lymphatic_vessel,False,tabula,muscle
RPS2,muscle-endothelial_cell_of_lymphatic_vessel,False,tabula,muscle
RPS3,muscle-endothelial_cell_of_lymphatic_vessel,False,tabula,muscle
B2M,muscle-endothelial_cell_of_lymphatic_vessel,False,tabula,muscle
RPL19,muscle-endothelial_cell_of_lymphatic_vessel,False,tabula,muscle
RPL18,muscle-endothelial_cell_of_lymphatic_vessel,False,tabula,muscle
RPL41,muscle-endothelial_cell_of_lymphatic_vessel,False,tabula,muscle
EIF1,muscle-endothelial_cell_of_lymphatic_vessel,False,tabula,muscle
RPS27,muscle-endothelial_cell_of_lymphatic_vessel,False,tabula,muscle
RPS29,muscle-endothelial_cell_of_lymphatic_vessel,False,tabula,muscle
RPS28,muscle-endothelial_cell_of_lymphatic_vessel,False,tabula,muscle
ND2,muscle-endothelial_cell_of_lymphatic_vessel,False,tabula,muscle
ND1,muscle-endothelial_cell_of_lymphatic_vessel,False,tabula,muscle
FTL,muscle-endothelial_cell_of_lymphatic_vessel,False,tabula,muscle
ND4,muscle-endothelial_cell_of_lymphatic_vessel,False,tabula,muscle
RPS23,muscle-endothelial_cell_of_lymphatic_vessel,False,tabula,muscle
ND3,muscle-endothelial_cell_of_lymphatic_vessel,False,tabula,muscle
ND5,muscle-endothelial_cell_of_lymphatic_vessel,False,tabula,muscle
RPS24,muscle-endothelial_cell_of_lymphatic_vessel,False,tabula,muscle
RPL3,muscle-endothelial_cell_of_lymphatic_vessel,False,tabula,muscle
RPL30,muscle-endothelial_cell_of_lymphatic_vessel,False,tabula,muscle
RPL32,muscle-endothelial_cell_of_lymphatic_vessel,False,tabula,muscle
ATP6,muscle-endothelial_cell_of_lymphatic_vessel,False,tabula,muscle
RPL34,muscle-endothelial_cell_of_lymphatic_vessel,False,tabula,muscle
RPL9,muscle-endothelial_cell_of_lymphatic_vessel,False,tabula,muscle
RPL8,muscle-endothelial_cell_of_lymphatic_vessel,False,tabula,muscle
RPS15,muscle-endothelial_cell_of_lymphatic_vessel,False,tabula,muscle
RPS18,muscle-endothelial_cell_of_lymphatic_vessel,False,tabula,muscle
RPS19,muscle-endothelial_cell_of_lymphatic_vessel,False,tabula,muscle
FTH1,muscle-endothelial_cell_of_lymphatic_vessel,False,tabula,muscle
RPL37,muscle-endothelial_cell_of_lymphatic_vessel,False,tabula,muscle
COX3,muscle-endothelial_cell_of_lymphatic_vessel,False,tabula,muscle
RPL36,muscle-endothelial_cell_of_lymphatic_vessel,False,tabula,muscle
COX2,muscle-endothelial_cell_of_lymphatic_vessel,False,tabula,muscle
RPL39,muscle-endothelial_cell_of_lymphatic_vessel,False,tabula,muscle
COX1,muscle-endothelial_cell_of_lymphatic_vessel,False,tabula,muscle
RPS11,muscle-endothelial_cell_of_lymphatic_vessel,False,tabula,muscle
RPS14,muscle-endothelial_cell_of_lymphatic_vessel,False,tabula,muscle
RPS13,muscle-endothelial_cell_of_lymphatic_vessel,False,tabula,muscle
RPL13A,muscle-endothelial_cell_of_lymphatic_vessel,False,tabula,muscle
RPS3A,muscle-endothelial_cell_of_lymphatic_vessel,False,tabula,muscle
PTMA,muscle-endothelial_cell_of_lymphatic_vessel,False,tabula,muscle
RPL37A,muscle-endothelial_cell_of_lymphatic_vessel,False,tabula,muscle
CYTB,muscle-endothelial_cell_of_lymphatic_vessel,False,tabula,muscle
RPS15A,muscle-endothelial_cell_of_lymphatic_vessel,False,tabula,muscle
RPS27A,muscle-endothelial_cell_of_lymphatic_vessel,False,tabula,muscle
H3-3B,muscle-endothelial_cell_of_lymphatic_vessel,False,tabula,muscle
RPL35A,muscle-endothelial_cell_of_lymphatic_vessel,False,tabula,muscle
TPT1,muscle-endothelial_cell_of_lymphatic_vessel,False,tabula,muscle
RPLP1,muscle-endothelial_cell_of_lymphatic_vessel,False,tabula,muscle
ADIRF,muscle-endothelial_cell_of_lymphatic_vessel,False,tabula,muscle
RPS4X,muscle-endothelial_cell_of_lymphatic_vessel,True,tabula,muscle
TMSB4X,muscle-endothelial_cell_of_lymphatic_vessel,False,tabula,muscle
RPL18A,muscle-endothelial_cell_of_lymphatic_vessel,False,tabula,muscle
RPL7A,muscle-endothelial_cell_of_lymphatic_vessel,False,tabula,muscle
VIM,muscle-endothelial_cell_of_lymphatic_vessel,False,tabula,muscle
ZFP36,muscle-endothelial_cell_of_lymphatic_vessel,False,tabula,muscle
HLA-B,muscle-endothelial_cell_of_lymphatic_vessel,False,tabula,muscle
HLA-E,muscle-endothelial_cell_of_lymphatic_vessel,False,tabula,muscle
C11ORF96,muscle-endothelial_cell_of_lymphatic_vessel,False,tabula,muscle
IGFBP7,muscle-endothelial_cell_of_lymphatic_vessel,False,tabula,muscle
TMSB10,muscle-endothelial_cell_of_lymphatic_vessel,False,tabula,muscle
JUN,muscle-endothelial_cell_of_lymphatic_vessel,True,tabula,muscle
NFKBIA,muscle-endothelial_cell_of_lymphatic_vessel,False,tabula,muscle
YBX3,muscle-endothelial_cell_of_lymphatic_vessel,False,tabula,muscle
TFPI,muscle-endothelial_cell_of_lymphatic_vessel,False,tabula,muscle
S100A10,muscle-endothelial_cell_of_lymphatic_vessel,False,tabula,muscle
GADD45B,muscle-endothelial_cell_of_lymphatic_vessel,False,tabula,muscle
CCL21,muscle-endothelial_cell_of_lymphatic_vessel,False,tabula,muscle
TFF3,muscle-endothelial_cell_of_lymphatic_vessel,True,tabula,muscle
KLF6,muscle-endothelial_cell_of_lymphatic_vessel,True,tabula,muscle
CEBPD,muscle-endothelial_cell_of_lymphatic_vessel,True,tabula,muscle
AKAP12,muscle-endothelial_cell_of_lymphatic_vessel,False,tabula,muscle
SOD2,muscle-endothelial_cell_of_lymphatic_vessel,False,tabula,muscle
HSPA1A,muscle-endothelial_cell_of_lymphatic_vessel,False,tabula,muscle
HSPA1B,muscle-endothelial_cell_of_lymphatic_vessel,False,tabula,muscle
HSPH1,muscle-endothelial_cell_of_lymphatic_vessel,False,tabula,muscle
HSP90AA1,muscle-endothelial_cell_of_lymphatic_vessel,False,tabula,muscle
HSPB1,muscle-endothelial_cell_of_lymphatic_vessel,False,tabula,muscle
DNAJB1,muscle-endothelial_cell_of_lymphatic_vessel,False,tabula,muscle
HSP90AB1,muscle-endothelial_cell_of_lymphatic_vessel,False,tabula,muscle
HSPD1,muscle-endothelial_cell_of_lymphatic_vessel,False,tabula,muscle
IFITM3,muscle-endothelial_cell_of_lymphatic_vessel,False,tabula,muscle
RPL27A,muscle-endothelial_cell_of_lymphatic_vessel,False,tabula,muscle
HSPA8,muscle-endothelial_cell_of_lymphatic_vessel,False,tabula,muscle
TIMP3,muscle-endothelial_cell_of_lymphatic_vessel,False,tabula,muscle
MMRN1,muscle-endothelial_cell_of_lymphatic_vessel,False,tabula,muscle
CXCL2,muscle-endothelial_cell_of_lymphatic_vessel,False,tabula,muscle
DNAJA1,muscle-endothelial_cell_of_lymphatic_vessel,False,tabula,muscle
RPS8,muscle-endothelial_cell_of_vascular_tree,False,tabula,muscle
RPL21,muscle-endothelial_cell_of_vascular_tree,False,tabula,muscle
RPS9,muscle-endothelial_cell_of_vascular_tree,False,tabula,muscle
RPS6,muscle-endothelial_cell_of_vascular_tree,False,tabula,muscle
RPS7,muscle-endothelial_cell_of_vascular_tree,False,tabula,muscle
EEF1A1,muscle-endothelial_cell_of_vascular_tree,False,tabula,muscle
FAU,muscle-endothelial_cell_of_vascular_tree,False,tabula,muscle
RPL28,muscle-endothelial_cell_of_vascular_tree,False,tabula,muscle
RPL29,muscle-endothelial_cell_of_vascular_tree,False,tabula,muscle
RPL11,muscle-endothelial_cell_of_vascular_tree,False,tabula,muscle
RPL12,muscle-endothelial_cell_of_vascular_tree,False,tabula,muscle
RPL15,muscle-endothelial_cell_of_vascular_tree,False,tabula,muscle
RPS2,muscle-endothelial_cell_of_vascular_tree,False,tabula,muscle
RPS3,muscle-endothelial_cell_of_vascular_tree,False,tabula,muscle
B2M,muscle-endothelial_cell_of_vascular_tree,False,tabula,muscle
RPL19,muscle-endothelial_cell_of_vascular_tree,False,tabula,muscle
RPL18,muscle-endothelial_cell_of_vascular_tree,False,tabula,muscle
RPL41,muscle-endothelial_cell_of_vascular_tree,False,tabula,muscle
EIF1,muscle-endothelial_cell_of_vascular_tree,False,tabula,muscle
RPS27,muscle-endothelial_cell_of_vascular_tree,False,tabula,muscle
RPS28,muscle-endothelial_cell_of_vascular_tree,False,tabula,muscle
ND2,muscle-endothelial_cell_of_vascular_tree,False,tabula,muscle
ND1,muscle-endothelial_cell_of_vascular_tree,False,tabula,muscle
ND4,muscle-endothelial_cell_of_vascular_tree,False,tabula,muscle
RPS23,muscle-endothelial_cell_of_vascular_tree,False,tabula,muscle
ND3,muscle-endothelial_cell_of_vascular_tree,False,tabula,muscle
ND5,muscle-endothelial_cell_of_vascular_tree,False,tabula,muscle
RPS24,muscle-endothelial_cell_of_vascular_tree,False,tabula,muscle
RPL3,muscle-endothelial_cell_of_vascular_tree,False,tabula,muscle
RPL30,muscle-endothelial_cell_of_vascular_tree,False,tabula,muscle
RPL32,muscle-endothelial_cell_of_vascular_tree,False,tabula,muscle
ATP6,muscle-endothelial_cell_of_vascular_tree,False,tabula,muscle
RPL34,muscle-endothelial_cell_of_vascular_tree,False,tabula,muscle
ACTG1,muscle-endothelial_cell_of_vascular_tree,False,tabula,muscle
RPL9,muscle-endothelial_cell_of_vascular_tree,False,tabula,muscle
RPL8,muscle-endothelial_cell_of_vascular_tree,False,tabula,muscle
RPS15,muscle-endothelial_cell_of_vascular_tree,False,tabula,muscle
RPS18,muscle-endothelial_cell_of_vascular_tree,False,tabula,muscle
RPS19,muscle-endothelial_cell_of_vascular_tree,False,tabula,muscle
RPL37,muscle-endothelial_cell_of_vascular_tree,False,tabula,muscle
COX3,muscle-endothelial_cell_of_vascular_tree,False,tabula,muscle
RPL36,muscle-endothelial_cell_of_vascular_tree,False,tabula,muscle
COX2,muscle-endothelial_cell_of_vascular_tree,False,tabula,muscle
RPL39,muscle-endothelial_cell_of_vascular_tree,False,tabula,muscle
COX1,muscle-endothelial_cell_of_vascular_tree,False,tabula,muscle
RPS11,muscle-endothelial_cell_of_vascular_tree,False,tabula,muscle
RPS14,muscle-endothelial_cell_of_vascular_tree,False,tabula,muscle
RPS13,muscle-endothelial_cell_of_vascular_tree,False,tabula,muscle
RPL13A,muscle-endothelial_cell_of_vascular_tree,False,tabula,muscle
RPS3A,muscle-endothelial_cell_of_vascular_tree,False,tabula,muscle
PTMA,muscle-endothelial_cell_of_vascular_tree,False,tabula,muscle
RPL37A,muscle-endothelial_cell_of_vascular_tree,False,tabula,muscle
CYTB,muscle-endothelial_cell_of_vascular_tree,False,tabula,muscle
RPS15A,muscle-endothelial_cell_of_vascular_tree,False,tabula,muscle
RPS27A,muscle-endothelial_cell_of_vascular_tree,False,tabula,muscle
H3-3B,muscle-endothelial_cell_of_vascular_tree,False,tabula,muscle
RPL35A,muscle-endothelial_cell_of_vascular_tree,False,tabula,muscle
TPT1,muscle-endothelial_cell_of_vascular_tree,False,tabula,muscle
RPLP2,muscle-endothelial_cell_of_vascular_tree,False,tabula,muscle
RPLP1,muscle-endothelial_cell_of_vascular_tree,False,tabula,muscle
ADIRF,muscle-endothelial_cell_of_vascular_tree,False,tabula,muscle
RPS4X,muscle-endothelial_cell_of_vascular_tree,True,tabula,muscle
TMSB4X,muscle-endothelial_cell_of_vascular_tree,False,tabula,muscle
RPL18A,muscle-endothelial_cell_of_vascular_tree,False,tabula,muscle
RPL7A,muscle-endothelial_cell_of_vascular_tree,False,tabula,muscle
CD74,muscle-endothelial_cell_of_vascular_tree,False,tabula,muscle
TM4SF1,muscle-endothelial_cell_of_vascular_tree,False,tabula,muscle
IFI27,muscle-endothelial_cell_of_vascular_tree,False,tabula,muscle
VIM,muscle-endothelial_cell_of_vascular_tree,False,tabula,muscle
SPARCL1,muscle-endothelial_cell_of_vascular_tree,False,tabula,muscle
HLA-E,muscle-endothelial_cell_of_vascular_tree,False,tabula,muscle
MT2A,muscle-endothelial_cell_of_vascular_tree,False,tabula,muscle
IGFBP7,muscle-endothelial_cell_of_vascular_tree,False,tabula,muscle
TMSB10,muscle-endothelial_cell_of_vascular_tree,False,tabula,muscle
NFKBIA,muscle-endothelial_cell_of_vascular_tree,False,tabula,muscle
SOCS3,muscle-endothelial_cell_of_vascular_tree,False,tabula,muscle
YBX3,muscle-endothelial_cell_of_vascular_tree,False,tabula,muscle
AKAP12,muscle-endothelial_cell_of_vascular_tree,False,tabula,muscle
SOD2,muscle-endothelial_cell_of_vascular_tree,False,tabula,muscle
HSPA1A,muscle-endothelial_cell_of_vascular_tree,False,tabula,muscle
HSPA1B,muscle-endothelial_cell_of_vascular_tree,False,tabula,muscle
RPS20,muscle-endothelial_cell_of_vascular_tree,False,tabula,muscle
HSPH1,muscle-endothelial_cell_of_vascular_tree,False,tabula,muscle
HSP90AA1,muscle-endothelial_cell_of_vascular_tree,False,tabula,muscle
HSP90AB1,muscle-endothelial_cell_of_vascular_tree,False,tabula,muscle
HSPD1,muscle-endothelial_cell_of_vascular_tree,False,tabula,muscle
IFITM3,muscle-endothelial_cell_of_vascular_tree,False,tabula,muscle
ADAMTS1,muscle-endothelial_cell_of_vascular_tree,False,tabula,muscle
RPL26,muscle-endothelial_cell_of_vascular_tree,False,tabula,muscle
RPL27A,muscle-endothelial_cell_of_vascular_tree,False,tabula,muscle
CCL2,muscle-endothelial_cell_of_vascular_tree,False,tabula,muscle
ITM2B,muscle-endothelial_cell_of_vascular_tree,False,tabula,muscle
ACKR1,muscle-endothelial_cell_of_vascular_tree,False,tabula,muscle
EMP1,muscle-endothelial_cell_of_vascular_tree,False,tabula,muscle
DNAJA1,muscle-endothelial_cell_of_vascular_tree,False,tabula,muscle
CDKN1A,muscle-endothelial_cell_of_vascular_tree,False,tabula,muscle
SELE,muscle-endothelial_cell_of_vascular_tree,False,tabula,muscle
IL6,muscle-endothelial_cell_of_vascular_tree,False,tabula,muscle
STC1,muscle-endothelial_cell_of_vascular_tree,False,tabula,muscle
ADAMTS9,muscle-endothelial_cell_of_vascular_tree,False,tabula,muscle
RPS8,muscle-erythrocyte,False,tabula,muscle
RPL21,muscle-erythrocyte,False,tabula,muscle
RPS6,muscle-erythrocyte,False,tabula,muscle
EEF1A1,muscle-erythrocyte,False,tabula,muscle
S100A6,muscle-erythrocyte,False,tabula,muscle
RPL12,muscle-erythrocyte,False,tabula,muscle
RPS3,muscle-erythrocyte,False,tabula,muscle
RPL41,muscle-erythrocyte,False,tabula,muscle
EIF1,muscle-erythrocyte,False,tabula,muscle
RPS27,muscle-erythrocyte,False,tabula,muscle
ND2,muscle-erythrocyte,False,tabula,muscle
ND1,muscle-erythrocyte,False,tabula,muscle
FTL,muscle-erythrocyte,False,tabula,muscle
ND4,muscle-erythrocyte,False,tabula,muscle
ND3,muscle-erythrocyte,False,tabula,muscle
ND5,muscle-erythrocyte,False,tabula,muscle
RPS24,muscle-erythrocyte,False,tabula,muscle
RPL3,muscle-erythrocyte,False,tabula,muscle
RPL30,muscle-erythrocyte,False,tabula,muscle
RPL32,muscle-erythrocyte,False,tabula,muscle
ATP6,muscle-erythrocyte,False,tabula,muscle
RPL34,muscle-erythrocyte,False,tabula,muscle
RPS15,muscle-erythrocyte,False,tabula,muscle
RPS18,muscle-erythrocyte,False,tabula,muscle
RPS19,muscle-erythrocyte,False,tabula,muscle
FTH1,muscle-erythrocyte,False,tabula,muscle
RPL37,muscle-erythrocyte,False,tabula,muscle
COX3,muscle-erythrocyte,False,tabula,muscle
COX2,muscle-erythrocyte,False,tabula,muscle
COX1,muscle-erythrocyte,False,tabula,muscle
RPS11,muscle-erythrocyte,False,tabula,muscle
RPL37A,muscle-erythrocyte,False,tabula,muscle
CYTB,muscle-erythrocyte,False,tabula,muscle
RPL35A,muscle-erythrocyte,False,tabula,muscle
ND4L,muscle-erythrocyte,False,tabula,muscle
TPT1,muscle-erythrocyte,False,tabula,muscle
RPLP2,muscle-erythrocyte,False,tabula,muscle
RPLP1,muscle-erythrocyte,False,tabula,muscle
RPL10A,muscle-erythrocyte,False,tabula,muscle
RPS4X,muscle-erythrocyte,True,tabula,muscle
TMSB4X,muscle-erythrocyte,False,tabula,muscle
MYL6,muscle-erythrocyte,False,tabula,muscle
TMSB10,muscle-erythrocyte,False,tabula,muscle
YBX3,muscle-erythrocyte,False,tabula,muscle
ATP5F1E,muscle-erythrocyte,False,tabula,muscle
MGP,muscle-erythrocyte,False,tabula,muscle
S100A9,muscle-erythrocyte,False,tabula,muscle
HSP90AA1,muscle-erythrocyte,False,tabula,muscle
UBA52,muscle-erythrocyte,False,tabula,muscle
UBB,muscle-erythrocyte,True,tabula,muscle
OAZ1,muscle-erythrocyte,False,tabula,muscle
SERF2,muscle-erythrocyte,False,tabula,muscle
SLC25A39,muscle-erythrocyte,False,tabula,muscle
FKBP8,muscle-erythrocyte,False,tabula,muscle
SLC25A37,muscle-erythrocyte,False,tabula,muscle
EPB41,muscle-erythrocyte,False,tabula,muscle
BSG,muscle-erythrocyte,False,tabula,muscle
SNCA,muscle-erythrocyte,False,tabula,muscle
BNIP3L,muscle-erythrocyte,False,tabula,muscle
MKRN1,muscle-erythrocyte,False,tabula,muscle
BLVRB,muscle-erythrocyte,False,tabula,muscle
GSPT1,muscle-erythrocyte,False,tabula,muscle
PRDX2,muscle-erythrocyte,False,tabula,muscle
SEC62,muscle-erythrocyte,False,tabula,muscle
GPX1,muscle-erythrocyte,False,tabula,muscle
NCOA4,muscle-erythrocyte,False,tabula,muscle
HBA1,muscle-erythrocyte,False,tabula,muscle
HBA2,muscle-erythrocyte,False,tabula,muscle
RAD23A,muscle-erythrocyte,False,tabula,muscle
FAM210B,muscle-erythrocyte,False,tabula,muscle
TRIM58,muscle-erythrocyte,False,tabula,muscle
TERF2IP,muscle-erythrocyte,False,tabula,muscle
GYPC,muscle-erythrocyte,False,tabula,muscle
HBB,muscle-erythrocyte,False,tabula,muscle
HBD,muscle-erythrocyte,False,tabula,muscle
ADIPOR1,muscle-erythrocyte,False,tabula,muscle
CA1,muscle-erythrocyte,False,tabula,muscle
RBM38,muscle-erythrocyte,False,tabula,muscle
GLRX5,muscle-erythrocyte,False,tabula,muscle
BPGM,muscle-erythrocyte,False,tabula,muscle
RNF10,muscle-erythrocyte,False,tabula,muscle
ALAS2,muscle-erythrocyte,False,tabula,muscle
YBX1,muscle-erythrocyte,True,tabula,muscle
GUK1,muscle-erythrocyte,False,tabula,muscle
RIOK3,muscle-erythrocyte,False,tabula,muscle
DCAF12,muscle-erythrocyte,False,tabula,muscle
AHSP,muscle-erythrocyte,False,tabula,muscle
LGALS3,muscle-erythrocyte,False,tabula,muscle
RBX1,muscle-erythrocyte,False,tabula,muscle
EPB42,muscle-erythrocyte,False,tabula,muscle
ND6,muscle-erythrocyte,False,tabula,muscle
PA2G4,muscle-erythrocyte,False,tabula,muscle
TOP1,muscle-erythrocyte,False,tabula,muscle
GYPB,muscle-erythrocyte,False,tabula,muscle
SPTA1,muscle-erythrocyte,False,tabula,muscle
CA2,muscle-erythrocyte,False,tabula,muscle
HEMGN,muscle-erythrocyte,False,tabula,muscle
SLC4A1,muscle-erythrocyte,False,tabula,muscle
RPL21,muscle-fast_muscle_cell,False,tabula,muscle
RPL29,muscle-fast_muscle_cell,False,tabula,muscle
RPL12,muscle-fast_muscle_cell,False,tabula,muscle
RPL14,muscle-fast_muscle_cell,False,tabula,muscle
RPS2,muscle-fast_muscle_cell,False,tabula,muscle
RPL19,muscle-fast_muscle_cell,False,tabula,muscle
RPL41,muscle-fast_muscle_cell,False,tabula,muscle
EIF1,muscle-fast_muscle_cell,False,tabula,muscle
RPS27,muscle-fast_muscle_cell,False,tabula,muscle
RPS29,muscle-fast_muscle_cell,False,tabula,muscle
RPS28,muscle-fast_muscle_cell,False,tabula,muscle
RPS23,muscle-fast_muscle_cell,False,tabula,muscle
ND3,muscle-fast_muscle_cell,False,tabula,muscle
RPS24,muscle-fast_muscle_cell,False,tabula,muscle
RPL30,muscle-fast_muscle_cell,False,tabula,muscle
RPL32,muscle-fast_muscle_cell,False,tabula,muscle
ATP6,muscle-fast_muscle_cell,False,tabula,muscle
RPL9,muscle-fast_muscle_cell,False,tabula,muscle
RPL8,muscle-fast_muscle_cell,False,tabula,muscle
RPS16,muscle-fast_muscle_cell,False,tabula,muscle
RPS15,muscle-fast_muscle_cell,False,tabula,muscle
RPS18,muscle-fast_muscle_cell,False,tabula,muscle
FTH1,muscle-fast_muscle_cell,False,tabula,muscle
RPL37,muscle-fast_muscle_cell,False,tabula,muscle
COX3,muscle-fast_muscle_cell,False,tabula,muscle
COX2,muscle-fast_muscle_cell,False,tabula,muscle
RPL39,muscle-fast_muscle_cell,False,tabula,muscle
COX1,muscle-fast_muscle_cell,False,tabula,muscle
RPS11,muscle-fast_muscle_cell,False,tabula,muscle
RPS14,muscle-fast_muscle_cell,False,tabula,muscle
RPS13,muscle-fast_muscle_cell,False,tabula,muscle
RPL13A,muscle-fast_muscle_cell,False,tabula,muscle
RPS3A,muscle-fast_muscle_cell,False,tabula,muscle
RPL37A,muscle-fast_muscle_cell,False,tabula,muscle
RPS15A,muscle-fast_muscle_cell,False,tabula,muscle
RPL23A,muscle-fast_muscle_cell,False,tabula,muscle
GAPDH,muscle-fast_muscle_cell,False,tabula,muscle
TPT1,muscle-fast_muscle_cell,False,tabula,muscle
RPLP1,muscle-fast_muscle_cell,False,tabula,muscle
RPL18A,muscle-fast_muscle_cell,False,tabula,muscle
RPL7A,muscle-fast_muscle_cell,False,tabula,muscle
MT2A,muscle-fast_muscle_cell,False,tabula,muscle
YBX3,muscle-fast_muscle_cell,False,tabula,muscle
GNAS,muscle-fast_muscle_cell,False,tabula,muscle
HSPB1,muscle-fast_muscle_cell,False,tabula,muscle
G0S2,muscle-fast_muscle_cell,False,tabula,muscle
RPS25,muscle-fast_muscle_cell,False,tabula,muscle
CRYAB,muscle-fast_muscle_cell,False,tabula,muscle
MT1X,muscle-fast_muscle_cell,False,tabula,muscle
RPL26,muscle-fast_muscle_cell,False,tabula,muscle
RPL35,muscle-fast_muscle_cell,True,tabula,muscle
TPM2,muscle-fast_muscle_cell,False,tabula,muscle
TPM1,muscle-fast_muscle_cell,False,tabula,muscle
RPL27,muscle-fast_muscle_cell,False,tabula,muscle
DES,muscle-fast_muscle_cell,False,tabula,muscle
RPL38,muscle-fast_muscle_cell,False,tabula,muscle
TXNIP,muscle-fast_muscle_cell,False,tabula,muscle
RAD23A,muscle-fast_muscle_cell,False,tabula,muscle
YBX1,muscle-fast_muscle_cell,True,tabula,muscle
NDUFA4,muscle-fast_muscle_cell,False,tabula,muscle
GAMT,muscle-fast_muscle_cell,False,tabula,muscle
CKM,muscle-fast_muscle_cell,False,tabula,muscle
ACTN2,muscle-fast_muscle_cell,False,tabula,muscle
EEF1A2,muscle-fast_muscle_cell,False,tabula,muscle
MYL1,muscle-fast_muscle_cell,False,tabula,muscle
MYL2,muscle-fast_muscle_cell,False,tabula,muscle
SELENOW,muscle-fast_muscle_cell,False,tabula,muscle
COX6A2,muscle-fast_muscle_cell,False,tabula,muscle
SLN,muscle-fast_muscle_cell,False,tabula,muscle
MYL11,muscle-fast_muscle_cell,False,tabula,muscle
TNNC2,muscle-fast_muscle_cell,False,tabula,muscle
BIN1,muscle-fast_muscle_cell,False,tabula,muscle
TNNT3,muscle-fast_muscle_cell,False,tabula,muscle
UQCRB,muscle-fast_muscle_cell,True,tabula,muscle
COX7A1,muscle-fast_muscle_cell,False,tabula,muscle
ENO3,muscle-fast_muscle_cell,False,tabula,muscle
CMYA5,muscle-fast_muscle_cell,False,tabula,muscle
PPDPFL,muscle-fast_muscle_cell,False,tabula,muscle
NEB,muscle-fast_muscle_cell,False,tabula,muscle
ATP5F1D,muscle-fast_muscle_cell,False,tabula,muscle
MYBPC1,muscle-fast_muscle_cell,False,tabula,muscle
MYH2,muscle-fast_muscle_cell,False,tabula,muscle
ACTA1,muscle-fast_muscle_cell,False,tabula,muscle
TOMM7,muscle-fast_muscle_cell,False,tabula,muscle
COX7C,muscle-fast_muscle_cell,False,tabula,muscle
SLC25A4,muscle-fast_muscle_cell,False,tabula,muscle
LDHA,muscle-fast_muscle_cell,False,tabula,muscle
PDLIM3,muscle-fast_muscle_cell,False,tabula,muscle
MB,muscle-fast_muscle_cell,False,tabula,muscle
CA3,muscle-fast_muscle_cell,False,tabula,muscle
ANKRD1,muscle-fast_muscle_cell,False,tabula,muscle
PDLIM5,muscle-fast_muscle_cell,True,tabula,muscle
PGAM2,muscle-fast_muscle_cell,True,tabula,muscle
KLHL41,muscle-fast_muscle_cell,False,tabula,muscle
PKM,muscle-fast_muscle_cell,True,tabula,muscle
TCAP,muscle-fast_muscle_cell,False,tabula,muscle
ATP2A1,muscle-fast_muscle_cell,False,tabula,muscle
PYGM,muscle-fast_muscle_cell,False,tabula,muscle
TNNI2,muscle-fast_muscle_cell,False,tabula,muscle
MYOZ1,muscle-fast_muscle_cell,False,tabula,muscle
RPS8,muscle-macrophage,False,tabula,muscle
RPS9,muscle-macrophage,False,tabula,muscle
EEF1A1,muscle-macrophage,False,tabula,muscle
S100A6,muscle-macrophage,False,tabula,muscle
RPL28,muscle-macrophage,False,tabula,muscle
RPL11,muscle-macrophage,False,tabula,muscle
RPL12,muscle-macrophage,False,tabula,muscle
RPS2,muscle-macrophage,False,tabula,muscle
B2M,muscle-macrophage,False,tabula,muscle
RPL19,muscle-macrophage,False,tabula,muscle
S100A11,muscle-macrophage,False,tabula,muscle
RPL41,muscle-macrophage,False,tabula,muscle
EIF1,muscle-macrophage,False,tabula,muscle
RPS27,muscle-macrophage,False,tabula,muscle
RPS28,muscle-macrophage,False,tabula,muscle
ND2,muscle-macrophage,False,tabula,muscle
ND1,muscle-macrophage,False,tabula,muscle
FTL,muscle-macrophage,False,tabula,muscle
ND4,muscle-macrophage,False,tabula,muscle
RPS23,muscle-macrophage,False,tabula,muscle
ND3,muscle-macrophage,False,tabula,muscle
ND5,muscle-macrophage,False,tabula,muscle
RPS24,muscle-macrophage,False,tabula,muscle
RPL30,muscle-macrophage,False,tabula,muscle
RPL32,muscle-macrophage,False,tabula,muscle
ATP6,muscle-macrophage,False,tabula,muscle
RPL34,muscle-macrophage,False,tabula,muscle
ACTG1,muscle-macrophage,False,tabula,muscle
RPS16,muscle-macrophage,False,tabula,muscle
RPS18,muscle-macrophage,False,tabula,muscle
RPS19,muscle-macrophage,False,tabula,muscle
FTH1,muscle-macrophage,False,tabula,muscle
RPL37,muscle-macrophage,False,tabula,muscle
COX3,muscle-macrophage,False,tabula,muscle
COX2,muscle-macrophage,False,tabula,muscle
RPL39,muscle-macrophage,False,tabula,muscle
COX1,muscle-macrophage,False,tabula,muscle
RPS11,muscle-macrophage,False,tabula,muscle
RPS14,muscle-macrophage,False,tabula,muscle
RPL13A,muscle-macrophage,False,tabula,muscle
PTMA,muscle-macrophage,False,tabula,muscle
RPL37A,muscle-macrophage,False,tabula,muscle
CYTB,muscle-macrophage,False,tabula,muscle
RPS27A,muscle-macrophage,False,tabula,muscle
H3-3B,muscle-macrophage,False,tabula,muscle
TPT1,muscle-macrophage,False,tabula,muscle
RPLP2,muscle-macrophage,False,tabula,muscle
RPLP1,muscle-macrophage,False,tabula,muscle
RPS4X,muscle-macrophage,True,tabula,muscle
TMSB4X,muscle-macrophage,False,tabula,muscle
VIM,muscle-macrophage,False,tabula,muscle
MT2A,muscle-macrophage,False,tabula,muscle
TMSB10,muscle-macrophage,False,tabula,muscle
NFKBIA,muscle-macrophage,False,tabula,muscle
FOS,muscle-macrophage,True,tabula,muscle
S100A10,muscle-macrophage,False,tabula,muscle
LYVE1,muscle-macrophage,False,tabula,muscle
TIMP1,muscle-macrophage,False,tabula,muscle
S100A4,muscle-macrophage,False,tabula,muscle
IER3,muscle-macrophage,False,tabula,muscle
SOD2,muscle-macrophage,False,tabula,muscle
CST3,muscle-macrophage,False,tabula,muscle
CD163,muscle-macrophage,False,tabula,muscle
HSPA1A,muscle-macrophage,False,tabula,muscle
S100A9,muscle-macrophage,False,tabula,muscle
HSPA1B,muscle-macrophage,False,tabula,muscle
S100A8,muscle-macrophage,False,tabula,muscle
HSPH1,muscle-macrophage,False,tabula,muscle
CTSB,muscle-macrophage,False,tabula,muscle
HSP90AA1,muscle-macrophage,False,tabula,muscle
SRGN,muscle-macrophage,False,tabula,muscle
HSPA5,muscle-macrophage,True,tabula,muscle
LYZ,muscle-macrophage,False,tabula,muscle
IL1B,muscle-macrophage,False,tabula,muscle
CXCL8,muscle-macrophage,False,tabula,muscle
DNAJB1,muscle-macrophage,False,tabula,muscle
PLAUR,muscle-macrophage,False,tabula,muscle
RNASE1,muscle-macrophage,False,tabula,muscle
C1QB,muscle-macrophage,False,tabula,muscle
C1QA,muscle-macrophage,False,tabula,muscle
HSP90AB1,muscle-macrophage,False,tabula,muscle
THBS1,muscle-macrophage,False,tabula,muscle
HSPD1,muscle-macrophage,False,tabula,muscle
CCL3,muscle-macrophage,False,tabula,muscle
ANXA1,muscle-macrophage,True,tabula,muscle
BTG1,muscle-macrophage,False,tabula,muscle
CEBPB,muscle-macrophage,True,tabula,muscle
HSPA8,muscle-macrophage,False,tabula,muscle
OAZ1,muscle-macrophage,False,tabula,muscle
SH3BGRL3,muscle-macrophage,False,tabula,muscle
CXCL2,muscle-macrophage,False,tabula,muscle
DNAJA1,muscle-macrophage,False,tabula,muscle
EREG,muscle-macrophage,False,tabula,muscle
SELENOP,muscle-macrophage,False,tabula,muscle
INSIG1,muscle-macrophage,False,tabula,muscle
CCL20,muscle-macrophage,False,tabula,muscle
CXCL3,muscle-macrophage,False,tabula,muscle
CD44,muscle-macrophage,False,tabula,muscle
F13A1,muscle-macrophage,False,tabula,muscle
MRC1,muscle-macrophage,False,tabula,muscle
RPS8,muscle-mast_cell,False,tabula,muscle
RPL21,muscle-mast_cell,False,tabula,muscle
RPS7,muscle-mast_cell,False,tabula,muscle
EEF1A1,muscle-mast_cell,False,tabula,muscle
FAU,muscle-mast_cell,False,tabula,muscle
S100A6,muscle-mast_cell,False,tabula,muscle
RPL28,muscle-mast_cell,False,tabula,muscle
RPL29,muscle-mast_cell,False,tabula,muscle
RPL11,muscle-mast_cell,False,tabula,muscle
RPL12,muscle-mast_cell,False,tabula,muscle
RPL14,muscle-mast_cell,False,tabula,muscle
RPS3,muscle-mast_cell,False,tabula,muscle
B2M,muscle-mast_cell,False,tabula,muscle
RPL19,muscle-mast_cell,False,tabula,muscle
RPL18,muscle-mast_cell,False,tabula,muscle
RPL41,muscle-mast_cell,False,tabula,muscle
EIF1,muscle-mast_cell,False,tabula,muscle
RPS27,muscle-mast_cell,False,tabula,muscle
RPS29,muscle-mast_cell,False,tabula,muscle
RPS28,muscle-mast_cell,False,tabula,muscle
ND2,muscle-mast_cell,False,tabula,muscle
RPS21,muscle-mast_cell,False,tabula,muscle
ND1,muscle-mast_cell,False,tabula,muscle
FTL,muscle-mast_cell,False,tabula,muscle
ND4,muscle-mast_cell,False,tabula,muscle
RPS23,muscle-mast_cell,False,tabula,muscle
ND3,muscle-mast_cell,False,tabula,muscle
ND5,muscle-mast_cell,False,tabula,muscle
RPS24,muscle-mast_cell,False,tabula,muscle
RPL5,muscle-mast_cell,False,tabula,muscle
RPL6,muscle-mast_cell,True,tabula,muscle
RPL3,muscle-mast_cell,False,tabula,muscle
RPL30,muscle-mast_cell,False,tabula,muscle
RPL32,muscle-mast_cell,False,tabula,muscle
ATP6,muscle-mast_cell,False,tabula,muscle
RPL34,muscle-mast_cell,False,tabula,muscle
RPL9,muscle-mast_cell,False,tabula,muscle
RPL8,muscle-mast_cell,False,tabula,muscle
RPS15,muscle-mast_cell,False,tabula,muscle
RPS18,muscle-mast_cell,False,tabula,muscle
FTH1,muscle-mast_cell,False,tabula,muscle
RPL37,muscle-mast_cell,False,tabula,muscle
COX3,muscle-mast_cell,False,tabula,muscle
RPL36,muscle-mast_cell,False,tabula,muscle
COX2,muscle-mast_cell,False,tabula,muscle
RPL39,muscle-mast_cell,False,tabula,muscle
COX1,muscle-mast_cell,False,tabula,muscle
RPS11,muscle-mast_cell,False,tabula,muscle
RPS14,muscle-mast_cell,False,tabula,muscle
RPS13,muscle-mast_cell,False,tabula,muscle
RPL13A,muscle-mast_cell,False,tabula,muscle
RPS3A,muscle-mast_cell,False,tabula,muscle
PTMA,muscle-mast_cell,False,tabula,muscle
RPL37A,muscle-mast_cell,False,tabula,muscle
CYTB,muscle-mast_cell,False,tabula,muscle
AREG,muscle-mast_cell,False,tabula,muscle
RPS15A,muscle-mast_cell,False,tabula,muscle
RPS27A,muscle-mast_cell,False,tabula,muscle
H3-3B,muscle-mast_cell,False,tabula,muscle
RPL35A,muscle-mast_cell,False,tabula,muscle
TPT1,muscle-mast_cell,False,tabula,muscle
RPLP2,muscle-mast_cell,False,tabula,muscle
RPLP1,muscle-mast_cell,False,tabula,muscle
RPS4X,muscle-mast_cell,True,tabula,muscle
TMSB4X,muscle-mast_cell,False,tabula,muscle
RPL7A,muscle-mast_cell,False,tabula,muscle
VIM,muscle-mast_cell,False,tabula,muscle
JUND,muscle-mast_cell,True,tabula,muscle
NFKBIA,muscle-mast_cell,False,tabula,muscle
FOS,muscle-mast_cell,True,tabula,muscle
S100A4,muscle-mast_cell,False,tabula,muscle
FOSB,muscle-mast_cell,True,tabula,muscle
HSPA1A,muscle-mast_cell,False,tabula,muscle
RPS20,muscle-mast_cell,False,tabula,muscle
HSPH1,muscle-mast_cell,False,tabula,muscle
HSP90AA1,muscle-mast_cell,False,tabula,muscle
SRGN,muscle-mast_cell,False,tabula,muscle
UBA52,muscle-mast_cell,False,tabula,muscle
HSP90AB1,muscle-mast_cell,False,tabula,muscle
CCL4,muscle-mast_cell,False,tabula,muscle
CD69,muscle-mast_cell,False,tabula,muscle
LMNA,muscle-mast_cell,False,tabula,muscle
RPS25,muscle-mast_cell,False,tabula,muscle
UBB,muscle-mast_cell,True,tabula,muscle
TPSAB1,muscle-mast_cell,False,tabula,muscle
ANXA1,muscle-mast_cell,True,tabula,muscle
TNFAIP3,muscle-mast_cell,False,tabula,muscle
RPL26,muscle-mast_cell,False,tabula,muscle
RPL27A,muscle-mast_cell,False,tabula,muscle
HSPA8,muscle-mast_cell,False,tabula,muscle
CCL2,muscle-mast_cell,False,tabula,muscle
TSC22D3,muscle-mast_cell,False,tabula,muscle
CREM,muscle-mast_cell,True,tabula,muscle
CTSG,muscle-mast_cell,False,tabula,muscle
RPL38,muscle-mast_cell,False,tabula,muscle
DNAJA1,muscle-mast_cell,False,tabula,muscle
BIRC3,muscle-mast_cell,False,tabula,muscle
RGS2,muscle-mast_cell,False,tabula,muscle
DDIT4,muscle-mast_cell,False,tabula,muscle
RPS8,muscle-mature_nk_t_cell,False,tabula,muscle
RPL21,muscle-mature_nk_t_cell,False,tabula,muscle
RPS9,muscle-mature_nk_t_cell,False,tabula,muscle
RPS6,muscle-mature_nk_t_cell,False,tabula,muscle
RPS7,muscle-mature_nk_t_cell,False,tabula,muscle
EEF1A1,muscle-mature_nk_t_cell,False,tabula,muscle
FAU,muscle-mature_nk_t_cell,False,tabula,muscle
RPL28,muscle-mature_nk_t_cell,False,tabula,muscle
RPL29,muscle-mature_nk_t_cell,False,tabula,muscle
RPL11,muscle-mature_nk_t_cell,False,tabula,muscle
RPL12,muscle-mature_nk_t_cell,False,tabula,muscle
RPL15,muscle-mature_nk_t_cell,False,tabula,muscle
RPL14,muscle-mature_nk_t_cell,False,tabula,muscle
RPS2,muscle-mature_nk_t_cell,False,tabula,muscle
RPS3,muscle-mature_nk_t_cell,False,tabula,muscle
B2M,muscle-mature_nk_t_cell,False,tabula,muscle
RPL19,muscle-mature_nk_t_cell,False,tabula,muscle
RPL18,muscle-mature_nk_t_cell,False,tabula,muscle
RPL41,muscle-mature_nk_t_cell,False,tabula,muscle
EIF1,muscle-mature_nk_t_cell,False,tabula,muscle
RPS27,muscle-mature_nk_t_cell,False,tabula,muscle
RPS29,muscle-mature_nk_t_cell,False,tabula,muscle
RPS28,muscle-mature_nk_t_cell,False,tabula,muscle
ND2,muscle-mature_nk_t_cell,False,tabula,muscle
RPS21,muscle-mature_nk_t_cell,False,tabula,muscle
ND1,muscle-mature_nk_t_cell,False,tabula,muscle
FTL,muscle-mature_nk_t_cell,False,tabula,muscle
ND4,muscle-mature_nk_t_cell,False,tabula,muscle
RPS23,muscle-mature_nk_t_cell,False,tabula,muscle
ND3,muscle-mature_nk_t_cell,False,tabula,muscle
RPS24,muscle-mature_nk_t_cell,False,tabula,muscle
RPL5,muscle-mature_nk_t_cell,False,tabula,muscle
RPL6,muscle-mature_nk_t_cell,True,tabula,muscle
RPL3,muscle-mature_nk_t_cell,False,tabula,muscle
RPL30,muscle-mature_nk_t_cell,False,tabula,muscle
RPL32,muscle-mature_nk_t_cell,False,tabula,muscle
ATP6,muscle-mature_nk_t_cell,False,tabula,muscle
RPL34,muscle-mature_nk_t_cell,False,tabula,muscle
ACTG1,muscle-mature_nk_t_cell,False,tabula,muscle
RPL9,muscle-mature_nk_t_cell,False,tabula,muscle
RPL8,muscle-mature_nk_t_cell,False,tabula,muscle
RPS16,muscle-mature_nk_t_cell,False,tabula,muscle
RPS15,muscle-mature_nk_t_cell,False,tabula,muscle
RPS18,muscle-mature_nk_t_cell,False,tabula,muscle
RPS19,muscle-mature_nk_t_cell,False,tabula,muscle
FTH1,muscle-mature_nk_t_cell,False,tabula,muscle
RPL37,muscle-mature_nk_t_cell,False,tabula,muscle
COX3,muscle-mature_nk_t_cell,False,tabula,muscle
RPL36,muscle-mature_nk_t_cell,False,tabula,muscle
COX2,muscle-mature_nk_t_cell,False,tabula,muscle
RPL39,muscle-mature_nk_t_cell,False,tabula,muscle
COX1,muscle-mature_nk_t_cell,False,tabula,muscle
RPS14,muscle-mature_nk_t_cell,False,tabula,muscle
RPS13,muscle-mature_nk_t_cell,False,tabula,muscle
RPL13A,muscle-mature_nk_t_cell,False,tabula,muscle
RPS3A,muscle-mature_nk_t_cell,False,tabula,muscle
PTMA,muscle-mature_nk_t_cell,False,tabula,muscle
RPL37A,muscle-mature_nk_t_cell,False,tabula,muscle
CYTB,muscle-mature_nk_t_cell,False,tabula,muscle
RPS15A,muscle-mature_nk_t_cell,False,tabula,muscle
RPS27A,muscle-mature_nk_t_cell,False,tabula,muscle
H3-3B,muscle-mature_nk_t_cell,False,tabula,muscle
RPL35A,muscle-mature_nk_t_cell,False,tabula,muscle
RPL23A,muscle-mature_nk_t_cell,False,tabula,muscle
TPT1,muscle-mature_nk_t_cell,False,tabula,muscle
RPLP2,muscle-mature_nk_t_cell,False,tabula,muscle
RPLP1,muscle-mature_nk_t_cell,False,tabula,muscle
RPS4X,muscle-mature_nk_t_cell,True,tabula,muscle
TMSB4X,muscle-mature_nk_t_cell,False,tabula,muscle
RPL18A,muscle-mature_nk_t_cell,False,tabula,muscle
RPL7A,muscle-mature_nk_t_cell,False,tabula,muscle
CALM1,muscle-mature_nk_t_cell,False,tabula,muscle
JUND,muscle-mature_nk_t_cell,True,tabula,muscle
HLA-A,muscle-mature_nk_t_cell,False,tabula,muscle
HLA-B,muscle-mature_nk_t_cell,False,tabula,muscle
HLA-E,muscle-mature_nk_t_cell,False,tabula,muscle
TMSB10,muscle-mature_nk_t_cell,False,tabula,muscle
S100A4,muscle-mature_nk_t_cell,False,tabula,muscle
HSPA1A,muscle-mature_nk_t_cell,False,tabula,muscle
HSP90AA1,muscle-mature_nk_t_cell,False,tabula,muscle
SRGN,muscle-mature_nk_t_cell,False,tabula,muscle
HSP90AB1,muscle-mature_nk_t_cell,False,tabula,muscle
CCL4,muscle-mature_nk_t_cell,False,tabula,muscle
RPS25,muscle-mature_nk_t_cell,False,tabula,muscle
ANXA1,muscle-mature_nk_t_cell,True,tabula,muscle
BTG1,muscle-mature_nk_t_cell,False,tabula,muscle
RPL26,muscle-mature_nk_t_cell,False,tabula,muscle
RPL35,muscle-mature_nk_t_cell,True,tabula,muscle
HSPA8,muscle-mature_nk_t_cell,False,tabula,muscle
IL32,muscle-mature_nk_t_cell,False,tabula,muscle
GZMB,muscle-mature_nk_t_cell,False,tabula,muscle
HLA-C,muscle-mature_nk_t_cell,False,tabula,muscle
CYBA,muscle-mature_nk_t_cell,False,tabula,muscle
CREM,muscle-mature_nk_t_cell,True,tabula,muscle
CXCR4,muscle-mature_nk_t_cell,False,tabula,muscle
RPL38,muscle-mature_nk_t_cell,False,tabula,muscle
NKG7,muscle-mature_nk_t_cell,False,tabula,muscle
GNLY,muscle-mature_nk_t_cell,False,tabula,muscle
CCL5,muscle-mature_nk_t_cell,False,tabula,muscle
HCST,muscle-mature_nk_t_cell,False,tabula,muscle
RPS8,muscle-mesenchymal_stem_cell,False,tabula,muscle
RPL21,muscle-mesenchymal_stem_cell,False,tabula,muscle
RPS9,muscle-mesenchymal_stem_cell,False,tabula,muscle
RPS6,muscle-mesenchymal_stem_cell,False,tabula,muscle
EEF1A1,muscle-mesenchymal_stem_cell,False,tabula,muscle
FAU,muscle-mesenchymal_stem_cell,False,tabula,muscle
S100A6,muscle-mesenchymal_stem_cell,False,tabula,muscle
RPL28,muscle-mesenchymal_stem_cell,False,tabula,muscle
RPL29,muscle-mesenchymal_stem_cell,False,tabula,muscle
RPL11,muscle-mesenchymal_stem_cell,False,tabula,muscle
RPL12,muscle-mesenchymal_stem_cell,False,tabula,muscle
RPL15,muscle-mesenchymal_stem_cell,False,tabula,muscle
RPL14,muscle-mesenchymal_stem_cell,False,tabula,muscle
RPS2,muscle-mesenchymal_stem_cell,False,tabula,muscle
RPS3,muscle-mesenchymal_stem_cell,False,tabula,muscle
B2M,muscle-mesenchymal_stem_cell,False,tabula,muscle
RPL19,muscle-mesenchymal_stem_cell,False,tabula,muscle
RPL18,muscle-mesenchymal_stem_cell,False,tabula,muscle
RPL41,muscle-mesenchymal_stem_cell,False,tabula,muscle
EIF1,muscle-mesenchymal_stem_cell,False,tabula,muscle
RPS27,muscle-mesenchymal_stem_cell,False,tabula,muscle
RPS29,muscle-mesenchymal_stem_cell,False,tabula,muscle
RPS28,muscle-mesenchymal_stem_cell,False,tabula,muscle
ND2,muscle-mesenchymal_stem_cell,False,tabula,muscle
RPS21,muscle-mesenchymal_stem_cell,False,tabula,muscle
ND1,muscle-mesenchymal_stem_cell,False,tabula,muscle
FTL,muscle-mesenchymal_stem_cell,False,tabula,muscle
ND4,muscle-mesenchymal_stem_cell,False,tabula,muscle
RPS23,muscle-mesenchymal_stem_cell,False,tabula,muscle
ND3,muscle-mesenchymal_stem_cell,False,tabula,muscle
RPS24,muscle-mesenchymal_stem_cell,False,tabula,muscle
RPL5,muscle-mesenchymal_stem_cell,False,tabula,muscle
RPL6,muscle-mesenchymal_stem_cell,True,tabula,muscle
RPL3,muscle-mesenchymal_stem_cell,False,tabula,muscle
RPL30,muscle-mesenchymal_stem_cell,False,tabula,muscle
RPL32,muscle-mesenchymal_stem_cell,False,tabula,muscle
ATP6,muscle-mesenchymal_stem_cell,False,tabula,muscle
RPL34,muscle-mesenchymal_stem_cell,False,tabula,muscle
RPL9,muscle-mesenchymal_stem_cell,False,tabula,muscle
RPL8,muscle-mesenchymal_stem_cell,False,tabula,muscle
RPS16,muscle-mesenchymal_stem_cell,False,tabula,muscle
RPS15,muscle-mesenchymal_stem_cell,False,tabula,muscle
RPS18,muscle-mesenchymal_stem_cell,False,tabula,muscle
RPS19,muscle-mesenchymal_stem_cell,False,tabula,muscle
FTH1,muscle-mesenchymal_stem_cell,False,tabula,muscle
RPL37,muscle-mesenchymal_stem_cell,False,tabula,muscle
COX3,muscle-mesenchymal_stem_cell,False,tabula,muscle
RPL36,muscle-mesenchymal_stem_cell,False,tabula,muscle
COX2,muscle-mesenchymal_stem_cell,False,tabula,muscle
RPL39,muscle-mesenchymal_stem_cell,False,tabula,muscle
COX1,muscle-mesenchymal_stem_cell,False,tabula,muscle
RPS11,muscle-mesenchymal_stem_cell,False,tabula,muscle
RPS14,muscle-mesenchymal_stem_cell,False,tabula,muscle
RPS13,muscle-mesenchymal_stem_cell,False,tabula,muscle
RPL13A,muscle-mesenchymal_stem_cell,False,tabula,muscle
RPS3A,muscle-mesenchymal_stem_cell,False,tabula,muscle
PTMA,muscle-mesenchymal_stem_cell,False,tabula,muscle
RPL37A,muscle-mesenchymal_stem_cell,False,tabula,muscle
CYTB,muscle-mesenchymal_stem_cell,False,tabula,muscle
RPS15A,muscle-mesenchymal_stem_cell,False,tabula,muscle
RPS27A,muscle-mesenchymal_stem_cell,False,tabula,muscle
H3-3B,muscle-mesenchymal_stem_cell,False,tabula,muscle
RPL35A,muscle-mesenchymal_stem_cell,False,tabula,muscle
TPT1,muscle-mesenchymal_stem_cell,False,tabula,muscle
RPLP2,muscle-mesenchymal_stem_cell,False,tabula,muscle
RPLP1,muscle-mesenchymal_stem_cell,False,tabula,muscle
RPL10A,muscle-mesenchymal_stem_cell,False,tabula,muscle
RPS4X,muscle-mesenchymal_stem_cell,True,tabula,muscle
TMSB4X,muscle-mesenchymal_stem_cell,False,tabula,muscle
RPL18A,muscle-mesenchymal_stem_cell,False,tabula,muscle
RPL7A,muscle-mesenchymal_stem_cell,False,tabula,muscle
GSN,muscle-mesenchymal_stem_cell,False,tabula,muscle
VIM,muscle-mesenchymal_stem_cell,False,tabula,muscle
SPARCL1,muscle-mesenchymal_stem_cell,False,tabula,muscle
ZFP36,muscle-mesenchymal_stem_cell,False,tabula,muscle
C11ORF96,muscle-mesenchymal_stem_cell,False,tabula,muscle
MT2A,muscle-mesenchymal_stem_cell,False,tabula,muscle
JUN,muscle-mesenchymal_stem_cell,True,tabula,muscle
FOS,muscle-mesenchymal_stem_cell,True,tabula,muscle
CEBPD,muscle-mesenchymal_stem_cell,True,tabula,muscle
MGP,muscle-mesenchymal_stem_cell,False,tabula,muscle
APOD,muscle-mesenchymal_stem_cell,False,tabula,muscle
DCN,muscle-mesenchymal_stem_cell,False,tabula,muscle
SOD2,muscle-mesenchymal_stem_cell,False,tabula,muscle
CST3,muscle-mesenchymal_stem_cell,False,tabula,muscle
HSPA1A,muscle-mesenchymal_stem_cell,False,tabula,muscle
HSPA1B,muscle-mesenchymal_stem_cell,False,tabula,muscle
HSP90AA1,muscle-mesenchymal_stem_cell,False,tabula,muscle
DNAJB1,muscle-mesenchymal_stem_cell,False,tabula,muscle
HSP90AB1,muscle-mesenchymal_stem_cell,False,tabula,muscle
RPS25,muscle-mesenchymal_stem_cell,False,tabula,muscle
IFITM3,muscle-mesenchymal_stem_cell,False,tabula,muscle
EGR1,muscle-mesenchymal_stem_cell,True,tabula,muscle
MT1X,muscle-mesenchymal_stem_cell,False,tabula,muscle
RPL26,muscle-mesenchymal_stem_cell,False,tabula,muscle
CCL2,muscle-mesenchymal_stem_cell,False,tabula,muscle
GPX3,muscle-mesenchymal_stem_cell,False,tabula,muscle
TIMP3,muscle-mesenchymal_stem_cell,False,tabula,muscle
COL4A1,muscle-mesenchymal_stem_cell,False,tabula,muscle
COL6A3,muscle-mesenchymal_stem_cell,False,tabula,muscle
RPS8,muscle-pericyte_cell,False,tabula,muscle
RPS6,muscle-pericyte_cell,False,tabula,muscle
EEF1A1,muscle-pericyte_cell,False,tabula,muscle
FAU,muscle-pericyte_cell,False,tabula,muscle
RPL11,muscle-pericyte_cell,False,tabula,muscle
B2M,muscle-pericyte_cell,False,tabula,muscle
RPL19,muscle-pericyte_cell,False,tabula,muscle
RPL41,muscle-pericyte_cell,False,tabula,muscle
EIF1,muscle-pericyte_cell,False,tabula,muscle
RPS27,muscle-pericyte_cell,False,tabula,muscle
RPS28,muscle-pericyte_cell,False,tabula,muscle
ND2,muscle-pericyte_cell,False,tabula,muscle
ND1,muscle-pericyte_cell,False,tabula,muscle
FTL,muscle-pericyte_cell,False,tabula,muscle
ND4,muscle-pericyte_cell,False,tabula,muscle
RPS23,muscle-pericyte_cell,False,tabula,muscle
ND3,muscle-pericyte_cell,False,tabula,muscle
ND5,muscle-pericyte_cell,False,tabula,muscle
RPS24,muscle-pericyte_cell,False,tabula,muscle
RPL3,muscle-pericyte_cell,False,tabula,muscle
RPL30,muscle-pericyte_cell,False,tabula,muscle
RPL32,muscle-pericyte_cell,False,tabula,muscle
ATP6,muscle-pericyte_cell,False,tabula,muscle
RPL34,muscle-pericyte_cell,False,tabula,muscle
RPL9,muscle-pericyte_cell,False,tabula,muscle
RPS18,muscle-pericyte_cell,False,tabula,muscle
RPS19,muscle-pericyte_cell,False,tabula,muscle
FTH1,muscle-pericyte_cell,False,tabula,muscle
RPL37,muscle-pericyte_cell,False,tabula,muscle
COX3,muscle-pericyte_cell,False,tabula,muscle
COX2,muscle-pericyte_cell,False,tabula,muscle
COX1,muscle-pericyte_cell,False,tabula,muscle
RPS11,muscle-pericyte_cell,False,tabula,muscle
RPS14,muscle-pericyte_cell,False,tabula,muscle
RPL13A,muscle-pericyte_cell,False,tabula,muscle
PTMA,muscle-pericyte_cell,False,tabula,muscle
RPL37A,muscle-pericyte_cell,False,tabula,muscle
CYTB,muscle-pericyte_cell,False,tabula,muscle
RPS27A,muscle-pericyte_cell,False,tabula,muscle
H3-3B,muscle-pericyte_cell,False,tabula,muscle
TPT1,muscle-pericyte_cell,False,tabula,muscle
RPLP2,muscle-pericyte_cell,False,tabula,muscle
RPLP1,muscle-pericyte_cell,False,tabula,muscle
ADIRF,muscle-pericyte_cell,False,tabula,muscle
RPS4X,muscle-pericyte_cell,True,tabula,muscle
TMSB4X,muscle-pericyte_cell,False,tabula,muscle
MYL6,muscle-pericyte_cell,False,tabula,muscle
VIM,muscle-pericyte_cell,False,tabula,muscle
SPARCL1,muscle-pericyte_cell,False,tabula,muscle
CALM1,muscle-pericyte_cell,False,tabula,muscle
ZFP36,muscle-pericyte_cell,False,tabula,muscle
JUND,muscle-pericyte_cell,True,tabula,muscle
C11ORF96,muscle-pericyte_cell,False,tabula,muscle
MT2A,muscle-pericyte_cell,False,tabula,muscle
IGFBP7,muscle-pericyte_cell,False,tabula,muscle
TMSB10,muscle-pericyte_cell,False,tabula,muscle
JUN,muscle-pericyte_cell,True,tabula,muscle
SOCS3,muscle-pericyte_cell,False,tabula,muscle
FOS,muscle-pericyte_cell,True,tabula,muscle
YBX3,muscle-pericyte_cell,False,tabula,muscle
GADD45B,muscle-pericyte_cell,False,tabula,muscle
CEBPD,muscle-pericyte_cell,True,tabula,muscle
FOSB,muscle-pericyte_cell,True,tabula,muscle
HSPA1A,muscle-pericyte_cell,False,tabula,muscle
HSPA1B,muscle-pericyte_cell,False,tabula,muscle
HSPH1,muscle-pericyte_cell,False,tabula,muscle
HSP90AA1,muscle-pericyte_cell,False,tabula,muscle
HSPB1,muscle-pericyte_cell,False,tabula,muscle
DNAJB1,muscle-pericyte_cell,False,tabula,muscle
HSP90AB1,muscle-pericyte_cell,False,tabula,muscle
HSPD1,muscle-pericyte_cell,False,tabula,muscle
UBB,muscle-pericyte_cell,True,tabula,muscle
IFITM3,muscle-pericyte_cell,False,tabula,muscle
EGR1,muscle-pericyte_cell,True,tabula,muscle
ADAMTS1,muscle-pericyte_cell,False,tabula,muscle
HSPA8,muscle-pericyte_cell,False,tabula,muscle
TPM2,muscle-pericyte_cell,False,tabula,muscle
MYL9,muscle-pericyte_cell,False,tabula,muscle
TAGLN,muscle-pericyte_cell,False,tabula,muscle
TPM1,muscle-pericyte_cell,False,tabula,muscle
IGFBP5,muscle-pericyte_cell,False,tabula,muscle
DSTN,muscle-pericyte_cell,False,tabula,muscle
MT1M,muscle-pericyte_cell,False,tabula,muscle
RGS5,muscle-pericyte_cell,False,tabula,muscle
CALD1,muscle-pericyte_cell,False,tabula,muscle
ACTA2,muscle-pericyte_cell,False,tabula,muscle
CCL2,muscle-pericyte_cell,False,tabula,muscle
DDX5,muscle-pericyte_cell,False,tabula,muscle
TIMP3,muscle-pericyte_cell,False,tabula,muscle
CAV1,muscle-pericyte_cell,False,tabula,muscle
EPAS1,muscle-pericyte_cell,True,tabula,muscle
SLC9A3R2,muscle-pericyte_cell,False,tabula,muscle
FABP4,muscle-pericyte_cell,False,tabula,muscle
NDUFA4L2,muscle-pericyte_cell,False,tabula,muscle
MT1A,muscle-pericyte_cell,False,tabula,muscle
DNAJA1,muscle-pericyte_cell,False,tabula,muscle
HNRNPA2B1,muscle-pericyte_cell,False,tabula,muscle
CDKN1A,muscle-pericyte_cell,False,tabula,muscle
ATF3,muscle-pericyte_cell,True,tabula,muscle
ADAMTS4,muscle-pericyte_cell,False,tabula,muscle
RPS8,muscle-skeletal_muscle_satellite_stem_cell,False,tabula,skeletal_muscle
RPL21,muscle-skeletal_muscle_satellite_stem_cell,False,tabula,skeletal_muscle
RPS9,muscle-skeletal_muscle_satellite_stem_cell,False,tabula,skeletal_muscle
RPS6,muscle-skeletal_muscle_satellite_stem_cell,False,tabula,skeletal_muscle
EEF1A1,muscle-skeletal_muscle_satellite_stem_cell,False,tabula,skeletal_muscle
FAU,muscle-skeletal_muscle_satellite_stem_cell,False,tabula,skeletal_muscle
S100A6,muscle-skeletal_muscle_satellite_stem_cell,False,tabula,skeletal_muscle
RPL28,muscle-skeletal_muscle_satellite_stem_cell,False,tabula,skeletal_muscle
RPL29,muscle-skeletal_muscle_satellite_stem_cell,False,tabula,skeletal_muscle
RPL11,muscle-skeletal_muscle_satellite_stem_cell,False,tabula,skeletal_muscle
RPL12,muscle-skeletal_muscle_satellite_stem_cell,False,tabula,skeletal_muscle
RPL15,muscle-skeletal_muscle_satellite_stem_cell,False,tabula,skeletal_muscle
RPL14,muscle-skeletal_muscle_satellite_stem_cell,False,tabula,skeletal_muscle
RPS5,muscle-skeletal_muscle_satellite_stem_cell,False,tabula,skeletal_muscle
RPS2,muscle-skeletal_muscle_satellite_stem_cell,False,tabula,skeletal_muscle
RPS3,muscle-skeletal_muscle_satellite_stem_cell,False,tabula,skeletal_muscle
RPL19,muscle-skeletal_muscle_satellite_stem_cell,False,tabula,skeletal_muscle
RPL18,muscle-skeletal_muscle_satellite_stem_cell,False,tabula,skeletal_muscle
RPL41,muscle-skeletal_muscle_satellite_stem_cell,False,tabula,skeletal_muscle
EIF1,muscle-skeletal_muscle_satellite_stem_cell,False,tabula,skeletal_muscle
RPS27,muscle-skeletal_muscle_satellite_stem_cell,False,tabula,skeletal_muscle
RPS29,muscle-skeletal_muscle_satellite_stem_cell,False,tabula,skeletal_muscle
RPS28,muscle-skeletal_muscle_satellite_stem_cell,False,tabula,skeletal_muscle
NACA,muscle-skeletal_muscle_satellite_stem_cell,False,tabula,skeletal_muscle
ND2,muscle-skeletal_muscle_satellite_stem_cell,False,tabula,skeletal_muscle
RPS21,muscle-skeletal_muscle_satellite_stem_cell,False,tabula,skeletal_muscle
ND1,muscle-skeletal_muscle_satellite_stem_cell,False,tabula,skeletal_muscle
ND4,muscle-skeletal_muscle_satellite_stem_cell,False,tabula,skeletal_muscle
RPS23,muscle-skeletal_muscle_satellite_stem_cell,False,tabula,skeletal_muscle
ND3,muscle-skeletal_muscle_satellite_stem_cell,False,tabula,skeletal_muscle
ND5,muscle-skeletal_muscle_satellite_stem_cell,False,tabula,skeletal_muscle
RPS24,muscle-skeletal_muscle_satellite_stem_cell,False,tabula,skeletal_muscle
RPL5,muscle-skeletal_muscle_satellite_stem_cell,False,tabula,skeletal_muscle
RPL6,muscle-skeletal_muscle_satellite_stem_cell,True,tabula,skeletal_muscle
RPL3,muscle-skeletal_muscle_satellite_stem_cell,False,tabula,skeletal_muscle
RPL30,muscle-skeletal_muscle_satellite_stem_cell,False,tabula,skeletal_muscle
RPL32,muscle-skeletal_muscle_satellite_stem_cell,False,tabula,skeletal_muscle
ATP6,muscle-skeletal_muscle_satellite_stem_cell,False,tabula,skeletal_muscle
RPL34,muscle-skeletal_muscle_satellite_stem_cell,False,tabula,skeletal_muscle
ACTG1,muscle-skeletal_muscle_satellite_stem_cell,False,tabula,skeletal_muscle
RPL9,muscle-skeletal_muscle_satellite_stem_cell,False,tabula,skeletal_muscle
RPL8,muscle-skeletal_muscle_satellite_stem_cell,False,tabula,skeletal_muscle
RPS16,muscle-skeletal_muscle_satellite_stem_cell,False,tabula,skeletal_muscle
RPS15,muscle-skeletal_muscle_satellite_stem_cell,False,tabula,skeletal_muscle
RPS18,muscle-skeletal_muscle_satellite_stem_cell,False,tabula,skeletal_muscle
RPS19,muscle-skeletal_muscle_satellite_stem_cell,False,tabula,skeletal_muscle
FTH1,muscle-skeletal_muscle_satellite_stem_cell,False,tabula,skeletal_muscle
RPL37,muscle-skeletal_muscle_satellite_stem_cell,False,tabula,skeletal_muscle
COX3,muscle-skeletal_muscle_satellite_stem_cell,False,tabula,skeletal_muscle
RPL36,muscle-skeletal_muscle_satellite_stem_cell,False,tabula,skeletal_muscle
COX2,muscle-skeletal_muscle_satellite_stem_cell,False,tabula,skeletal_muscle
RPL39,muscle-skeletal_muscle_satellite_stem_cell,False,tabula,skeletal_muscle
COX1,muscle-skeletal_muscle_satellite_stem_cell,False,tabula,skeletal_muscle
RPS11,muscle-skeletal_muscle_satellite_stem_cell,False,tabula,skeletal_muscle
RPS14,muscle-skeletal_muscle_satellite_stem_cell,False,tabula,skeletal_muscle
RPS13,muscle-skeletal_muscle_satellite_stem_cell,False,tabula,skeletal_muscle
RPL13A,muscle-skeletal_muscle_satellite_stem_cell,False,tabula,skeletal_muscle
RPS3A,muscle-skeletal_muscle_satellite_stem_cell,False,tabula,skeletal_muscle
PTMA,muscle-skeletal_muscle_satellite_stem_cell,False,tabula,skeletal_muscle
RPL37A,muscle-skeletal_muscle_satellite_stem_cell,False,tabula,skeletal_muscle
CYTB,muscle-skeletal_muscle_satellite_stem_cell,False,tabula,skeletal_muscle
RPS15A,muscle-skeletal_muscle_satellite_stem_cell,False,tabula,skeletal_muscle
RPS27A,muscle-skeletal_muscle_satellite_stem_cell,False,tabula,skeletal_muscle
RPL35A,muscle-skeletal_muscle_satellite_stem_cell,False,tabula,skeletal_muscle
RPL23A,muscle-skeletal_muscle_satellite_stem_cell,False,tabula,skeletal_muscle
TPT1,muscle-skeletal_muscle_satellite_stem_cell,False,tabula,skeletal_muscle
RPLP2,muscle-skeletal_muscle_satellite_stem_cell,False,tabula,skeletal_muscle
RPLP1,muscle-skeletal_muscle_satellite_stem_cell,False,tabula,skeletal_muscle
RPL10A,muscle-skeletal_muscle_satellite_stem_cell,False,tabula,skeletal_muscle
RPS4X,muscle-skeletal_muscle_satellite_stem_cell,True,tabula,skeletal_muscle
RPL18A,muscle-skeletal_muscle_satellite_stem_cell,False,tabula,skeletal_muscle
RACK1,muscle-skeletal_muscle_satellite_stem_cell,False,tabula,skeletal_muscle
RPL7A,muscle-skeletal_muscle_satellite_stem_cell,False,tabula,skeletal_muscle
VIM,muscle-skeletal_muscle_satellite_stem_cell,False,tabula,skeletal_muscle
SPARCL1,muscle-skeletal_muscle_satellite_stem_cell,False,tabula,skeletal_muscle
C11ORF96,muscle-skeletal_muscle_satellite_stem_cell,False,tabula,skeletal_muscle
MT2A,muscle-skeletal_muscle_satellite_stem_cell,False,tabula,skeletal_muscle
TMSB10,muscle-skeletal_muscle_satellite_stem_cell,False,tabula,skeletal_muscle
FOS,muscle-skeletal_muscle_satellite_stem_cell,True,tabula,skeletal_muscle
YBX3,muscle-skeletal_muscle_satellite_stem_cell,False,tabula,skeletal_muscle
GADD45B,muscle-skeletal_muscle_satellite_stem_cell,False,tabula,skeletal_muscle
CD63,muscle-skeletal_muscle_satellite_stem_cell,False,tabula,skeletal_muscle
CEBPD,muscle-skeletal_muscle_satellite_stem_cell,True,tabula,skeletal_muscle
MGP,muscle-skeletal_muscle_satellite_stem_cell,False,tabula,skeletal_muscle
SOD2,muscle-skeletal_muscle_satellite_stem_cell,False,tabula,skeletal_muscle
FOSB,muscle-skeletal_muscle_satellite_stem_cell,True,tabula,skeletal_muscle
HSPA1A,muscle-skeletal_muscle_satellite_stem_cell,False,tabula,skeletal_muscle
HSP90AA1,muscle-skeletal_muscle_satellite_stem_cell,False,tabula,skeletal_muscle
HSP90AB1,muscle-skeletal_muscle_satellite_stem_cell,False,tabula,skeletal_muscle
IFITM3,muscle-skeletal_muscle_satellite_stem_cell,False,tabula,skeletal_muscle
ZFP36L1,muscle-skeletal_muscle_satellite_stem_cell,False,tabula,skeletal_muscle
MT1X,muscle-skeletal_muscle_satellite_stem_cell,False,tabula,skeletal_muscle
RPL26,muscle-skeletal_muscle_satellite_stem_cell,False,tabula,skeletal_muscle
RPL27A,muscle-skeletal_muscle_satellite_stem_cell,False,tabula,skeletal_muscle
RPL35,muscle-skeletal_muscle_satellite_stem_cell,True,tabula,skeletal_muscle
RPLP0,muscle-skeletal_muscle_satellite_stem_cell,False,tabula,skeletal_muscle
IGFBP5,muscle-skeletal_muscle_satellite_stem_cell,False,tabula,skeletal_muscle
RPL38,muscle-skeletal_muscle_satellite_stem_cell,False,tabula,skeletal_muscle
NNMT,muscle-skeletal_muscle_satellite_stem_cell,False,tabula,skeletal_muscle
APOC1,muscle-skeletal_muscle_satellite_stem_cell,False,tabula,skeletal_muscle
RPS8,muscle-slow_muscle_cell,False,tabula,muscle
RPL21,muscle-slow_muscle_cell,False,tabula,muscle
S100A6,muscle-slow_muscle_cell,False,tabula,muscle
RPL29,muscle-slow_muscle_cell,False,tabula,muscle
RPL12,muscle-slow_muscle_cell,False,tabula,muscle
RPS2,muscle-slow_muscle_cell,False,tabula,muscle
RPL19,muscle-slow_muscle_cell,False,tabula,muscle
RPL41,muscle-slow_muscle_cell,False,tabula,muscle
EIF1,muscle-slow_muscle_cell,False,tabula,muscle
RPS27,muscle-slow_muscle_cell,False,tabula,muscle
RPS29,muscle-slow_muscle_cell,False,tabula,muscle
RPS28,muscle-slow_muscle_cell,False,tabula,muscle
ND2,muscle-slow_muscle_cell,False,tabula,muscle
ND1,muscle-slow_muscle_cell,False,tabula,muscle
ND4,muscle-slow_muscle_cell,False,tabula,muscle
RPS23,muscle-slow_muscle_cell,False,tabula,muscle
ND3,muscle-slow_muscle_cell,False,tabula,muscle
RPS24,muscle-slow_muscle_cell,False,tabula,muscle
RPL30,muscle-slow_muscle_cell,False,tabula,muscle
RPL32,muscle-slow_muscle_cell,False,tabula,muscle
ATP6,muscle-slow_muscle_cell,False,tabula,muscle
RPL9,muscle-slow_muscle_cell,False,tabula,muscle
RPL8,muscle-slow_muscle_cell,False,tabula,muscle
RPS16,muscle-slow_muscle_cell,False,tabula,muscle
RPS15,muscle-slow_muscle_cell,False,tabula,muscle
RPS18,muscle-slow_muscle_cell,False,tabula,muscle
FTH1,muscle-slow_muscle_cell,False,tabula,muscle
RPL37,muscle-slow_muscle_cell,False,tabula,muscle
COX3,muscle-slow_muscle_cell,False,tabula,muscle
COX2,muscle-slow_muscle_cell,False,tabula,muscle
RPL39,muscle-slow_muscle_cell,False,tabula,muscle
COX1,muscle-slow_muscle_cell,False,tabula,muscle
RPS14,muscle-slow_muscle_cell,False,tabula,muscle
RPS13,muscle-slow_muscle_cell,False,tabula,muscle
RPL13A,muscle-slow_muscle_cell,False,tabula,muscle
RPS3A,muscle-slow_muscle_cell,False,tabula,muscle
RPL37A,muscle-slow_muscle_cell,False,tabula,muscle
CYTB,muscle-slow_muscle_cell,False,tabula,muscle
RPS15A,muscle-slow_muscle_cell,False,tabula,muscle
RPL23A,muscle-slow_muscle_cell,False,tabula,muscle
GAPDH,muscle-slow_muscle_cell,False,tabula,muscle
TPT1,muscle-slow_muscle_cell,False,tabula,muscle
RPLP1,muscle-slow_muscle_cell,False,tabula,muscle
RPS4X,muscle-slow_muscle_cell,True,tabula,muscle
RPL18A,muscle-slow_muscle_cell,False,tabula,muscle
MT2A,muscle-slow_muscle_cell,False,tabula,muscle
YBX3,muscle-slow_muscle_cell,False,tabula,muscle
GNAS,muscle-slow_muscle_cell,False,tabula,muscle
SOD2,muscle-slow_muscle_cell,False,tabula,muscle
HSPB1,muscle-slow_muscle_cell,False,tabula,muscle
RPS25,muscle-slow_muscle_cell,False,tabula,muscle
CRYAB,muscle-slow_muscle_cell,False,tabula,muscle
MT1X,muscle-slow_muscle_cell,False,tabula,muscle
RPL35,muscle-slow_muscle_cell,True,tabula,muscle
TPM2,muscle-slow_muscle_cell,False,tabula,muscle
DES,muscle-slow_muscle_cell,False,tabula,muscle
MYL12A,muscle-slow_muscle_cell,False,tabula,muscle
RPL38,muscle-slow_muscle_cell,False,tabula,muscle
YBX1,muscle-slow_muscle_cell,True,tabula,muscle
NDUFA4,muscle-slow_muscle_cell,False,tabula,muscle
GAMT,muscle-slow_muscle_cell,False,tabula,muscle
CKM,muscle-slow_muscle_cell,False,tabula,muscle
ACTN2,muscle-slow_muscle_cell,False,tabula,muscle
EEF1A2,muscle-slow_muscle_cell,False,tabula,muscle
MYL1,muscle-slow_muscle_cell,False,tabula,muscle
MYL2,muscle-slow_muscle_cell,False,tabula,muscle
SELENOW,muscle-slow_muscle_cell,False,tabula,muscle
COX6A2,muscle-slow_muscle_cell,False,tabula,muscle
SLN,muscle-slow_muscle_cell,False,tabula,muscle
MYL11,muscle-slow_muscle_cell,False,tabula,muscle
TNNC2,muscle-slow_muscle_cell,False,tabula,muscle
BIN1,muscle-slow_muscle_cell,False,tabula,muscle
UQCRB,muscle-slow_muscle_cell,True,tabula,muscle
COX7A1,muscle-slow_muscle_cell,False,tabula,muscle
ENO3,muscle-slow_muscle_cell,False,tabula,muscle
PPDPFL,muscle-slow_muscle_cell,False,tabula,muscle
NEB,muscle-slow_muscle_cell,False,tabula,muscle
MYBPC1,muscle-slow_muscle_cell,False,tabula,muscle
ACTA1,muscle-slow_muscle_cell,False,tabula,muscle
COX7C,muscle-slow_muscle_cell,False,tabula,muscle
SLC25A4,muscle-slow_muscle_cell,False,tabula,muscle
PDLIM3,muscle-slow_muscle_cell,False,tabula,muscle
MB,muscle-slow_muscle_cell,False,tabula,muscle
CA3,muscle-slow_muscle_cell,False,tabula,muscle
PDLIM5,muscle-slow_muscle_cell,True,tabula,muscle
PGAM2,muscle-slow_muscle_cell,True,tabula,muscle
KLHL41,muscle-slow_muscle_cell,False,tabula,muscle
TCAP,muscle-slow_muscle_cell,False,tabula,muscle
PYGM,muscle-slow_muscle_cell,False,tabula,muscle
MYOZ1,muscle-slow_muscle_cell,False,tabula,muscle
S100A1,muscle-slow_muscle_cell,False,tabula,muscle
TPM3,muscle-slow_muscle_cell,False,tabula,muscle
MYL3,muscle-slow_muscle_cell,False,tabula,muscle
TNNT1,muscle-slow_muscle_cell,False,tabula,muscle
MYL6B,muscle-slow_muscle_cell,False,tabula,muscle
MYH7,muscle-slow_muscle_cell,False,tabula,muscle
CSRP3,muscle-slow_muscle_cell,False,tabula,muscle
ANKRD2,muscle-slow_muscle_cell,False,tabula,muscle
STRIT1,muscle-slow_muscle_cell,False,tabula,muscle
TNNI1,muscle-slow_muscle_cell,False,tabula,muscle
RPS8,muscle-t_cell,False,tabula,muscle
RPL21,muscle-t_cell,False,tabula,muscle
RPS9,muscle-t_cell,False,tabula,muscle
RPS6,muscle-t_cell,False,tabula,muscle
RPS7,muscle-t_cell,False,tabula,muscle
EEF1A1,muscle-t_cell,False,tabula,muscle
FAU,muscle-t_cell,False,tabula,muscle
RPL28,muscle-t_cell,False,tabula,muscle
RPL29,muscle-t_cell,False,tabula,muscle
RPL11,muscle-t_cell,False,tabula,muscle
RPL12,muscle-t_cell,False,tabula,muscle
RPL15,muscle-t_cell,False,tabula,muscle
RPL14,muscle-t_cell,False,tabula,muscle
RPS2,muscle-t_cell,False,tabula,muscle
RPS3,muscle-t_cell,False,tabula,muscle
B2M,muscle-t_cell,False,tabula,muscle
RPL19,muscle-t_cell,False,tabula,muscle
RPL18,muscle-t_cell,False,tabula,muscle
RPL41,muscle-t_cell,False,tabula,muscle
EIF1,muscle-t_cell,False,tabula,muscle
RPS27,muscle-t_cell,False,tabula,muscle
RPS29,muscle-t_cell,False,tabula,muscle
RPS28,muscle-t_cell,False,tabula,muscle
NACA,muscle-t_cell,False,tabula,muscle
ND2,muscle-t_cell,False,tabula,muscle
RPS21,muscle-t_cell,False,tabula,muscle
ND1,muscle-t_cell,False,tabula,muscle
FTL,muscle-t_cell,False,tabula,muscle
ND4,muscle-t_cell,False,tabula,muscle
RPS23,muscle-t_cell,False,tabula,muscle
ND3,muscle-t_cell,False,tabula,muscle
ND5,muscle-t_cell,False,tabula,muscle
RPS24,muscle-t_cell,False,tabula,muscle
RPL5,muscle-t_cell,False,tabula,muscle
RPL3,muscle-t_cell,False,tabula,muscle
RPL30,muscle-t_cell,False,tabula,muscle
RPL32,muscle-t_cell,False,tabula,muscle
ATP6,muscle-t_cell,False,tabula,muscle
RPL34,muscle-t_cell,False,tabula,muscle
RPL9,muscle-t_cell,False,tabula,muscle
RPL8,muscle-t_cell,False,tabula,muscle
RPS16,muscle-t_cell,False,tabula,muscle
RPS15,muscle-t_cell,False,tabula,muscle
RPS18,muscle-t_cell,False,tabula,muscle
RPS19,muscle-t_cell,False,tabula,muscle
FTH1,muscle-t_cell,False,tabula,muscle
RPL37,muscle-t_cell,False,tabula,muscle
COX3,muscle-t_cell,False,tabula,muscle
RPL36,muscle-t_cell,False,tabula,muscle
COX2,muscle-t_cell,False,tabula,muscle
RPL39,muscle-t_cell,False,tabula,muscle
COX1,muscle-t_cell,False,tabula,muscle
RPS11,muscle-t_cell,False,tabula,muscle
RPS14,muscle-t_cell,False,tabula,muscle
RPS13,muscle-t_cell,False,tabula,muscle
RPL13A,muscle-t_cell,False,tabula,muscle
RPS3A,muscle-t_cell,False,tabula,muscle
PTMA,muscle-t_cell,False,tabula,muscle
RPL37A,muscle-t_cell,False,tabula,muscle
CYTB,muscle-t_cell,False,tabula,muscle
RPS15A,muscle-t_cell,False,tabula,muscle
RPS27A,muscle-t_cell,False,tabula,muscle
H3-3B,muscle-t_cell,False,tabula,muscle
RPL35A,muscle-t_cell,False,tabula,muscle
RPL23A,muscle-t_cell,False,tabula,muscle
TPT1,muscle-t_cell,False,tabula,muscle
RPLP2,muscle-t_cell,False,tabula,muscle
RPLP1,muscle-t_cell,False,tabula,muscle
RPL10A,muscle-t_cell,False,tabula,muscle
RPS4X,muscle-t_cell,True,tabula,muscle
TMSB4X,muscle-t_cell,False,tabula,muscle
RPL18A,muscle-t_cell,False,tabula,muscle
RPL7A,muscle-t_cell,False,tabula,muscle
VIM,muscle-t_cell,False,tabula,muscle
CALM1,muscle-t_cell,False,tabula,muscle
JUND,muscle-t_cell,True,tabula,muscle
HLA-B,muscle-t_cell,False,tabula,muscle
TMSB10,muscle-t_cell,False,tabula,muscle
HSPA1A,muscle-t_cell,False,tabula,muscle
RPS20,muscle-t_cell,False,tabula,muscle
HSP90AA1,muscle-t_cell,False,tabula,muscle
SRGN,muscle-t_cell,False,tabula,muscle
UBA52,muscle-t_cell,False,tabula,muscle
HSP90AB1,muscle-t_cell,False,tabula,muscle
ANXA1,muscle-t_cell,True,tabula,muscle
BTG1,muscle-t_cell,False,tabula,muscle
RPL26,muscle-t_cell,False,tabula,muscle
RPS26,muscle-t_cell,False,tabula,muscle
RPL27A,muscle-t_cell,False,tabula,muscle
RPL35,muscle-t_cell,True,tabula,muscle
HSPA8,muscle-t_cell,False,tabula,muscle
ZFP36L2,muscle-t_cell,False,tabula,muscle
TSC22D3,muscle-t_cell,False,tabula,muscle
CXCR4,muscle-t_cell,False,tabula,muscle
IL7R,muscle-t_cell,False,tabula,muscle
RPL38,muscle-t_cell,False,tabula,muscle
TXNIP,muscle-t_cell,False,tabula,muscle
PTPRC,muscle-t_cell,False,tabula,muscle
CNOT6L,muscle-t_cell,False,tabula,muscle
SMCHD1,muscle-t_cell,False,tabula,muscle
RPS8,muscle-tendon_cell,False,tabula,muscle
RPL21,muscle-tendon_cell,False,tabula,muscle
RPS9,muscle-tendon_cell,False,tabula,muscle
RPS6,muscle-tendon_cell,False,tabula,muscle
EEF1A1,muscle-tendon_cell,False,tabula,muscle
S100A6,muscle-tendon_cell,False,tabula,muscle
RPL28,muscle-tendon_cell,False,tabula,muscle
RPL29,muscle-tendon_cell,False,tabula,muscle
RPL11,muscle-tendon_cell,False,tabula,muscle
RPL12,muscle-tendon_cell,False,tabula,muscle
RPL15,muscle-tendon_cell,False,tabula,muscle
RPL14,muscle-tendon_cell,False,tabula,muscle
RPS2,muscle-tendon_cell,False,tabula,muscle
RPS3,muscle-tendon_cell,False,tabula,muscle
B2M,muscle-tendon_cell,False,tabula,muscle
RPL19,muscle-tendon_cell,False,tabula,muscle
RPL18,muscle-tendon_cell,False,tabula,muscle
RPL41,muscle-tendon_cell,False,tabula,muscle
EIF1,muscle-tendon_cell,False,tabula,muscle
RPS27,muscle-tendon_cell,False,tabula,muscle
RPS29,muscle-tendon_cell,False,tabula,muscle
RPS28,muscle-tendon_cell,False,tabula,muscle
ND2,muscle-tendon_cell,False,tabula,muscle
ND1,muscle-tendon_cell,False,tabula,muscle
FTL,muscle-tendon_cell,False,tabula,muscle
ND4,muscle-tendon_cell,False,tabula,muscle
RPS23,muscle-tendon_cell,False,tabula,muscle
ND3,muscle-tendon_cell,False,tabula,muscle
ND5,muscle-tendon_cell,False,tabula,muscle
RPS24,muscle-tendon_cell,False,tabula,muscle
RPL3,muscle-tendon_cell,False,tabula,muscle
RPL30,muscle-tendon_cell,False,tabula,muscle
RPL32,muscle-tendon_cell,False,tabula,muscle
ATP6,muscle-tendon_cell,False,tabula,muscle
RPL34,muscle-tendon_cell,False,tabula,muscle
RPL9,muscle-tendon_cell,False,tabula,muscle
RPL8,muscle-tendon_cell,False,tabula,muscle
RPS16,muscle-tendon_cell,False,tabula,muscle
RPS15,muscle-tendon_cell,False,tabula,muscle
RPS18,muscle-tendon_cell,False,tabula,muscle
RPS19,muscle-tendon_cell,False,tabula,muscle
FTH1,muscle-tendon_cell,False,tabula,muscle
RPL37,muscle-tendon_cell,False,tabula,muscle
COX3,muscle-tendon_cell,False,tabula,muscle
RPL36,muscle-tendon_cell,False,tabula,muscle
COX2,muscle-tendon_cell,False,tabula,muscle
RPL39,muscle-tendon_cell,False,tabula,muscle
COX1,muscle-tendon_cell,False,tabula,muscle
RPS11,muscle-tendon_cell,False,tabula,muscle
RPS14,muscle-tendon_cell,False,tabula,muscle
RPS13,muscle-tendon_cell,False,tabula,muscle
RPL13A,muscle-tendon_cell,False,tabula,muscle
RPS3A,muscle-tendon_cell,False,tabula,muscle
PTMA,muscle-tendon_cell,False,tabula,muscle
RPL37A,muscle-tendon_cell,False,tabula,muscle
CYTB,muscle-tendon_cell,False,tabula,muscle
RPS15A,muscle-tendon_cell,False,tabula,muscle
RPS27A,muscle-tendon_cell,False,tabula,muscle
RPL35A,muscle-tendon_cell,False,tabula,muscle
RPL23A,muscle-tendon_cell,False,tabula,muscle
TPT1,muscle-tendon_cell,False,tabula,muscle
RPLP2,muscle-tendon_cell,False,tabula,muscle
RPLP1,muscle-tendon_cell,False,tabula,muscle
RPS4X,muscle-tendon_cell,True,tabula,muscle
RPL18A,muscle-tendon_cell,False,tabula,muscle
RPL7A,muscle-tendon_cell,False,tabula,muscle
GSN,muscle-tendon_cell,False,tabula,muscle
VIM,muscle-tendon_cell,False,tabula,muscle
ZFP36,muscle-tendon_cell,False,tabula,muscle
MT2A,muscle-tendon_cell,False,tabula,muscle
TMSB10,muscle-tendon_cell,False,tabula,muscle
JUN,muscle-tendon_cell,True,tabula,muscle
FOS,muscle-tendon_cell,True,tabula,muscle
CEBPD,muscle-tendon_cell,True,tabula,muscle
MGP,muscle-tendon_cell,False,tabula,muscle
IGFBP6,muscle-tendon_cell,False,tabula,muscle
LGALS1,muscle-tendon_cell,False,tabula,muscle
APOD,muscle-tendon_cell,False,tabula,muscle
DCN,muscle-tendon_cell,False,tabula,muscle
HSPA1A,muscle-tendon_cell,False,tabula,muscle
HSPA1B,muscle-tendon_cell,False,tabula,muscle
HSP90AA1,muscle-tendon_cell,False,tabula,muscle
RPS25,muscle-tendon_cell,False,tabula,muscle
COL3A1,muscle-tendon_cell,False,tabula,muscle
RPL26,muscle-tendon_cell,False,tabula,muscle
RPL35,muscle-tendon_cell,True,tabula,muscle
PTGDS,muscle-tendon_cell,False,tabula,muscle
CCDC80,muscle-tendon_cell,False,tabula,muscle
CCN2,muscle-tendon_cell,False,tabula,muscle
TIMP3,muscle-tendon_cell,False,tabula,muscle
ID3,muscle-tendon_cell,False,tabula,muscle
FN1,muscle-tendon_cell,False,tabula,muscle
COL6A3,muscle-tendon_cell,False,tabula,muscle
COL1A1,muscle-tendon_cell,False,tabula,muscle
COMP,muscle-tendon_cell,False,tabula,muscle
COL6A1,muscle-tendon_cell,False,tabula,muscle
MYOC,muscle-tendon_cell,False,tabula,muscle
PRELP,muscle-tendon_cell,False,tabula,muscle
THBS4,muscle-tendon_cell,False,tabula,muscle
RPS8,large_intestine-fibroblast,False,tabula,fibroblast
RPL21,large_intestine-fibroblast,False,tabula,fibroblast
RPS9,large_intestine-fibroblast,False,tabula,fibroblast
RPS6,large_intestine-fibroblast,False,tabula,fibroblast
EEF1A1,large_intestine-fibroblast,False,tabula,fibroblast
FAU,large_intestine-fibroblast,False,tabula,fibroblast
S100A6,large_intestine-fibroblast,False,tabula,fibroblast
RPL28,large_intestine-fibroblast,False,tabula,fibroblast
RPL29,large_intestine-fibroblast,False,tabula,fibroblast
RPL11,large_intestine-fibroblast,False,tabula,fibroblast
RPL12,large_intestine-fibroblast,False,tabula,fibroblast
RPL14,large_intestine-fibroblast,False,tabula,fibroblast
RPS2,large_intestine-fibroblast,False,tabula,fibroblast
RPS3,large_intestine-fibroblast,False,tabula,fibroblast
RPL19,large_intestine-fibroblast,False,tabula,fibroblast
RPL18,large_intestine-fibroblast,False,tabula,fibroblast
RPL41,large_intestine-fibroblast,False,tabula,fibroblast
EIF1,large_intestine-fibroblast,False,tabula,fibroblast
RPS27,large_intestine-fibroblast,False,tabula,fibroblast
RPS29,large_intestine-fibroblast,False,tabula,fibroblast
RPS28,large_intestine-fibroblast,False,tabula,fibroblast
ND2,large_intestine-fibroblast,False,tabula,fibroblast
RPS21,large_intestine-fibroblast,False,tabula,fibroblast
ND1,large_intestine-fibroblast,False,tabula,fibroblast
FTL,large_intestine-fibroblast,False,tabula,fibroblast
ND4,large_intestine-fibroblast,False,tabula,fibroblast
RPS23,large_intestine-fibroblast,False,tabula,fibroblast
ND3,large_intestine-fibroblast,False,tabula,fibroblast
RPS24,large_intestine-fibroblast,False,tabula,fibroblast
RPL6,large_intestine-fibroblast,True,tabula,fibroblast
RPL3,large_intestine-fibroblast,False,tabula,fibroblast
RPL30,large_intestine-fibroblast,False,tabula,fibroblast
RPL32,large_intestine-fibroblast,False,tabula,fibroblast
ATP6,large_intestine-fibroblast,False,tabula,fibroblast
RPL34,large_intestine-fibroblast,False,tabula,fibroblast
RPL9,large_intestine-fibroblast,False,tabula,fibroblast
RPL8,large_intestine-fibroblast,False,tabula,fibroblast
RPS16,large_intestine-fibroblast,False,tabula,fibroblast
RPS15,large_intestine-fibroblast,False,tabula,fibroblast
RPS18,large_intestine-fibroblast,False,tabula,fibroblast
RPS19,large_intestine-fibroblast,False,tabula,fibroblast
FTH1,large_intestine-fibroblast,False,tabula,fibroblast
RPL37,large_intestine-fibroblast,False,tabula,fibroblast
COX3,large_intestine-fibroblast,False,tabula,fibroblast
RPL36,large_intestine-fibroblast,False,tabula,fibroblast
COX2,large_intestine-fibroblast,False,tabula,fibroblast
RPL39,large_intestine-fibroblast,False,tabula,fibroblast
COX1,large_intestine-fibroblast,False,tabula,fibroblast
RPS11,large_intestine-fibroblast,False,tabula,fibroblast
RPS14,large_intestine-fibroblast,False,tabula,fibroblast
RPS13,large_intestine-fibroblast,False,tabula,fibroblast
RPL13A,large_intestine-fibroblast,False,tabula,fibroblast
RPS3A,large_intestine-fibroblast,False,tabula,fibroblast
PTMA,large_intestine-fibroblast,False,tabula,fibroblast
RPL37A,large_intestine-fibroblast,False,tabula,fibroblast
CYTB,large_intestine-fibroblast,False,tabula,fibroblast
BTG2,large_intestine-fibroblast,False,tabula,fibroblast
RPS15A,large_intestine-fibroblast,False,tabula,fibroblast
RPS27A,large_intestine-fibroblast,False,tabula,fibroblast
H3-3B,large_intestine-fibroblast,False,tabula,fibroblast
RPL35A,large_intestine-fibroblast,False,tabula,fibroblast
TPT1,large_intestine-fibroblast,False,tabula,fibroblast
RPLP2,large_intestine-fibroblast,False,tabula,fibroblast
RPLP1,large_intestine-fibroblast,False,tabula,fibroblast
RPL10A,large_intestine-fibroblast,False,tabula,fibroblast
RPS4X,large_intestine-fibroblast,True,tabula,fibroblast
TMSB4X,large_intestine-fibroblast,False,tabula,fibroblast
RPL18A,large_intestine-fibroblast,False,tabula,fibroblast
RPL7A,large_intestine-fibroblast,False,tabula,fibroblast
GSN,large_intestine-fibroblast,False,tabula,fibroblast
VIM,large_intestine-fibroblast,False,tabula,fibroblast
ZFP36,large_intestine-fibroblast,False,tabula,fibroblast
JUND,large_intestine-fibroblast,True,tabula,fibroblast
C11ORF96,large_intestine-fibroblast,False,tabula,fibroblast
MT2A,large_intestine-fibroblast,False,tabula,fibroblast
JUN,large_intestine-fibroblast,True,tabula,fibroblast
FOS,large_intestine-fibroblast,True,tabula,fibroblast
CEBPD,large_intestine-fibroblast,True,tabula,fibroblast
MGP,large_intestine-fibroblast,False,tabula,fibroblast
IGFBP6,large_intestine-fibroblast,False,tabula,fibroblast
DCN,large_intestine-fibroblast,False,tabula,fibroblast
FOSB,large_intestine-fibroblast,True,tabula,fibroblast
CST3,large_intestine-fibroblast,False,tabula,fibroblast
RPS20,large_intestine-fibroblast,False,tabula,fibroblast
HSP90AA1,large_intestine-fibroblast,False,tabula,fibroblast
DNAJB1,large_intestine-fibroblast,False,tabula,fibroblast
HSP90AB1,large_intestine-fibroblast,False,tabula,fibroblast
PNRC1,large_intestine-fibroblast,False,tabula,fibroblast
EGR1,large_intestine-fibroblast,True,tabula,fibroblast
CEBPB,large_intestine-fibroblast,True,tabula,fibroblast
RPL26,large_intestine-fibroblast,False,tabula,fibroblast
CCL2,large_intestine-fibroblast,False,tabula,fibroblast
DDX5,large_intestine-fibroblast,False,tabula,fibroblast
GPX3,large_intestine-fibroblast,False,tabula,fibroblast
APOE,large_intestine-fibroblast,False,tabula,fibroblast
PLIN2,large_intestine-fibroblast,False,tabula,fibroblast
IER2,large_intestine-fibroblast,False,tabula,fibroblast
DNAJA1,large_intestine-fibroblast,False,tabula,fibroblast
ATF3,large_intestine-fibroblast,True,tabula,fibroblast
PDK4,large_intestine-fibroblast,False,tabula,fibroblast
RPS8,lung-fibroblast,False,tabula,fibroblast
RPS9,lung-fibroblast,False,tabula,fibroblast
RPS6,lung-fibroblast,False,tabula,fibroblast
RPS7,lung-fibroblast,False,tabula,fibroblast
EEF1A1,lung-fibroblast,False,tabula,fibroblast
FAU,lung-fibroblast,False,tabula,fibroblast
S100A6,lung-fibroblast,False,tabula,fibroblast
RPL28,lung-fibroblast,False,tabula,fibroblast
RPL29,lung-fibroblast,False,tabula,fibroblast
RPL11,lung-fibroblast,False,tabula,fibroblast
RPL12,lung-fibroblast,False,tabula,fibroblast
RPS3,lung-fibroblast,False,tabula,fibroblast
B2M,lung-fibroblast,False,tabula,fibroblast
RPL19,lung-fibroblast,False,tabula,fibroblast
RPL18,lung-fibroblast,False,tabula,fibroblast
RPL41,lung-fibroblast,False,tabula,fibroblast
EIF1,lung-fibroblast,False,tabula,fibroblast
RPS27,lung-fibroblast,False,tabula,fibroblast
RPS28,lung-fibroblast,False,tabula,fibroblast
ND2,lung-fibroblast,False,tabula,fibroblast
FTL,lung-fibroblast,False,tabula,fibroblast
ND4,lung-fibroblast,False,tabula,fibroblast
RPS23,lung-fibroblast,False,tabula,fibroblast
ND3,lung-fibroblast,False,tabula,fibroblast
RPL30,lung-fibroblast,False,tabula,fibroblast
RPL32,lung-fibroblast,False,tabula,fibroblast
ATP6,lung-fibroblast,False,tabula,fibroblast
RPL34,lung-fibroblast,False,tabula,fibroblast
ACTG1,lung-fibroblast,False,tabula,fibroblast
RPL9,lung-fibroblast,False,tabula,fibroblast
RPS16,lung-fibroblast,False,tabula,fibroblast
RPS15,lung-fibroblast,False,tabula,fibroblast
RPS18,lung-fibroblast,False,tabula,fibroblast
RPS19,lung-fibroblast,False,tabula,fibroblast
FTH1,lung-fibroblast,False,tabula,fibroblast
RPL37,lung-fibroblast,False,tabula,fibroblast
COX3,lung-fibroblast,False,tabula,fibroblast
COX2,lung-fibroblast,False,tabula,fibroblast
COX1,lung-fibroblast,False,tabula,fibroblast
RPS11,lung-fibroblast,False,tabula,fibroblast
RPS14,lung-fibroblast,False,tabula,fibroblast
RPL13A,lung-fibroblast,False,tabula,fibroblast
RPS3A,lung-fibroblast,False,tabula,fibroblast
PTMA,lung-fibroblast,False,tabula,fibroblast
CYTB,lung-fibroblast,False,tabula,fibroblast
RPS15A,lung-fibroblast,False,tabula,fibroblast
RPS27A,lung-fibroblast,False,tabula,fibroblast
H3-3B,lung-fibroblast,False,tabula,fibroblast
TPT1,lung-fibroblast,False,tabula,fibroblast
RPLP2,lung-fibroblast,False,tabula,fibroblast
RPLP1,lung-fibroblast,False,tabula,fibroblast
ADIRF,lung-fibroblast,False,tabula,fibroblast
RPS4X,lung-fibroblast,True,tabula,fibroblast
TMSB4X,lung-fibroblast,False,tabula,fibroblast
RPL18A,lung-fibroblast,False,tabula,fibroblast
RPL7A,lung-fibroblast,False,tabula,fibroblast
GSN,lung-fibroblast,False,tabula,fibroblast
MYL6,lung-fibroblast,False,tabula,fibroblast
IFI27,lung-fibroblast,False,tabula,fibroblast
VIM,lung-fibroblast,False,tabula,fibroblast
SPARCL1,lung-fibroblast,False,tabula,fibroblast
ZFP36,lung-fibroblast,False,tabula,fibroblast
JUND,lung-fibroblast,True,tabula,fibroblast
HLA-A,lung-fibroblast,False,tabula,fibroblast
HLA-B,lung-fibroblast,False,tabula,fibroblast
HLA-E,lung-fibroblast,False,tabula,fibroblast
MT2A,lung-fibroblast,False,tabula,fibroblast
TMSB10,lung-fibroblast,False,tabula,fibroblast
JUN,lung-fibroblast,True,tabula,fibroblast
FOS,lung-fibroblast,True,tabula,fibroblast
CLDN5,lung-fibroblast,False,tabula,fibroblast
S100A10,lung-fibroblast,False,tabula,fibroblast
TIMP1,lung-fibroblast,False,tabula,fibroblast
CEBPD,lung-fibroblast,True,tabula,fibroblast
MGP,lung-fibroblast,False,tabula,fibroblast
DCN,lung-fibroblast,False,tabula,fibroblast
CST3,lung-fibroblast,False,tabula,fibroblast
S100A9,lung-fibroblast,False,tabula,fibroblast
IFITM3,lung-fibroblast,False,tabula,fibroblast
EGR1,lung-fibroblast,True,tabula,fibroblast
MT1X,lung-fibroblast,False,tabula,fibroblast
A2M,lung-fibroblast,False,tabula,fibroblast
KLF2,lung-fibroblast,True,tabula,fibroblast
HLA-C,lung-fibroblast,False,tabula,fibroblast
CLU,lung-fibroblast,False,tabula,fibroblast
ITM2B,lung-fibroblast,False,tabula,fibroblast
TXNIP,lung-fibroblast,False,tabula,fibroblast
CCN2,lung-fibroblast,False,tabula,fibroblast
GPX3,lung-fibroblast,False,tabula,fibroblast
TIMP3,lung-fibroblast,False,tabula,fibroblast
CCN5,lung-fibroblast,False,tabula,fibroblast
CAV1,lung-fibroblast,False,tabula,fibroblast
CAVIN2,lung-fibroblast,False,tabula,fibroblast
EPAS1,lung-fibroblast,True,tabula,fibroblast
RGCC,lung-fibroblast,False,tabula,fibroblast
FCN3,lung-fibroblast,False,tabula,fibroblast
ID1,lung-fibroblast,True,tabula,fibroblast
PECAM1,lung-fibroblast,False,tabula,fibroblast
IL1RL1,lung-fibroblast,False,tabula,fibroblast
DEPP1,lung-fibroblast,False,tabula,fibroblast
RPS8,thymus-fast_muscle_cell,False,tabula,muscle
RPS9,thymus-fast_muscle_cell,False,tabula,muscle
RPS6,thymus-fast_muscle_cell,False,tabula,muscle
EEF1A1,thymus-fast_muscle_cell,False,tabula,muscle
FAU,thymus-fast_muscle_cell,False,tabula,muscle
RPL29,thymus-fast_muscle_cell,False,tabula,muscle
RPL11,thymus-fast_muscle_cell,False,tabula,muscle
RPL12,thymus-fast_muscle_cell,False,tabula,muscle
RPL15,thymus-fast_muscle_cell,False,tabula,muscle
RPS2,thymus-fast_muscle_cell,False,tabula,muscle
RPL19,thymus-fast_muscle_cell,False,tabula,muscle
RPL18,thymus-fast_muscle_cell,False,tabula,muscle
RPL41,thymus-fast_muscle_cell,False,tabula,muscle
EIF1,thymus-fast_muscle_cell,False,tabula,muscle
RPS27,thymus-fast_muscle_cell,False,tabula,muscle
RPS28,thymus-fast_muscle_cell,False,tabula,muscle
ND2,thymus-fast_muscle_cell,False,tabula,muscle
ND1,thymus-fast_muscle_cell,False,tabula,muscle
ND4,thymus-fast_muscle_cell,False,tabula,muscle
RPS23,thymus-fast_muscle_cell,False,tabula,muscle
ND3,thymus-fast_muscle_cell,False,tabula,muscle
ND5,thymus-fast_muscle_cell,False,tabula,muscle
RPS24,thymus-fast_muscle_cell,False,tabula,muscle
RPL30,thymus-fast_muscle_cell,False,tabula,muscle
RPL32,thymus-fast_muscle_cell,False,tabula,muscle
ATP6,thymus-fast_muscle_cell,False,tabula,muscle
RPL34,thymus-fast_muscle_cell,False,tabula,muscle
RPL9,thymus-fast_muscle_cell,False,tabula,muscle
RPL8,thymus-fast_muscle_cell,False,tabula,muscle
RPS16,thymus-fast_muscle_cell,False,tabula,muscle
RPS15,thymus-fast_muscle_cell,False,tabula,muscle
RPS18,thymus-fast_muscle_cell,False,tabula,muscle
RPS19,thymus-fast_muscle_cell,False,tabula,muscle
FTH1,thymus-fast_muscle_cell,False,tabula,muscle
RPL37,thymus-fast_muscle_cell,False,tabula,muscle
COX3,thymus-fast_muscle_cell,False,tabula,muscle
COX2,thymus-fast_muscle_cell,False,tabula,muscle
RPL39,thymus-fast_muscle_cell,False,tabula,muscle
COX1,thymus-fast_muscle_cell,False,tabula,muscle
RPS11,thymus-fast_muscle_cell,False,tabula,muscle
RPS14,thymus-fast_muscle_cell,False,tabula,muscle
RPS13,thymus-fast_muscle_cell,False,tabula,muscle
RPL13A,thymus-fast_muscle_cell,False,tabula,muscle
RPS3A,thymus-fast_muscle_cell,False,tabula,muscle
RPL37A,thymus-fast_muscle_cell,False,tabula,muscle
CYTB,thymus-fast_muscle_cell,False,tabula,muscle
BTG2,thymus-fast_muscle_cell,False,tabula,muscle
RPS15A,thymus-fast_muscle_cell,False,tabula,muscle
RPS27A,thymus-fast_muscle_cell,False,tabula,muscle
RPL35A,thymus-fast_muscle_cell,False,tabula,muscle
RPL23A,thymus-fast_muscle_cell,False,tabula,muscle
GAPDH,thymus-fast_muscle_cell,False,tabula,muscle
TPT1,thymus-fast_muscle_cell,False,tabula,muscle
RPLP2,thymus-fast_muscle_cell,False,tabula,muscle
RPLP1,thymus-fast_muscle_cell,False,tabula,muscle
ADIRF,thymus-fast_muscle_cell,False,tabula,muscle
RPS4X,thymus-fast_muscle_cell,True,tabula,muscle
RPL18A,thymus-fast_muscle_cell,False,tabula,muscle
RPL7A,thymus-fast_muscle_cell,False,tabula,muscle
ZFP36,thymus-fast_muscle_cell,False,tabula,muscle
MT2A,thymus-fast_muscle_cell,False,tabula,muscle
FOS,thymus-fast_muscle_cell,True,tabula,muscle
YBX3,thymus-fast_muscle_cell,False,tabula,muscle
SOD2,thymus-fast_muscle_cell,False,tabula,muscle
HSP90AA1,thymus-fast_muscle_cell,False,tabula,muscle
HSPB1,thymus-fast_muscle_cell,False,tabula,muscle
RPS25,thymus-fast_muscle_cell,False,tabula,muscle
EGR1,thymus-fast_muscle_cell,True,tabula,muscle
CRYAB,thymus-fast_muscle_cell,False,tabula,muscle
MT1X,thymus-fast_muscle_cell,False,tabula,muscle
RPL27A,thymus-fast_muscle_cell,False,tabula,muscle
RPL35,thymus-fast_muscle_cell,True,tabula,muscle
TPM1,thymus-fast_muscle_cell,False,tabula,muscle
DES,thymus-fast_muscle_cell,False,tabula,muscle
SYNPO2,thymus-fast_muscle_cell,False,tabula,muscle
RPL38,thymus-fast_muscle_cell,False,tabula,muscle
TXNIP,thymus-fast_muscle_cell,False,tabula,muscle
YBX1,thymus-fast_muscle_cell,True,tabula,muscle
EEF2,thymus-fast_muscle_cell,False,tabula,muscle
NDUFA4,thymus-fast_muscle_cell,False,tabula,muscle
MT1E,thymus-fast_muscle_cell,False,tabula,muscle
CKM,thymus-fast_muscle_cell,False,tabula,muscle
MYL1,thymus-fast_muscle_cell,False,tabula,muscle
COX6A2,thymus-fast_muscle_cell,False,tabula,muscle
MYL11,thymus-fast_muscle_cell,False,tabula,muscle
TNNC2,thymus-fast_muscle_cell,False,tabula,muscle
TNNT3,thymus-fast_muscle_cell,False,tabula,muscle
UQCRB,thymus-fast_muscle_cell,True,tabula,muscle
COX7A1,thymus-fast_muscle_cell,False,tabula,muscle
CMYA5,thymus-fast_muscle_cell,False,tabula,muscle
NEB,thymus-fast_muscle_cell,False,tabula,muscle
MYBPC1,thymus-fast_muscle_cell,False,tabula,muscle
MYH2,thymus-fast_muscle_cell,False,tabula,muscle
SLC25A4,thymus-fast_muscle_cell,False,tabula,muscle
MB,thymus-fast_muscle_cell,False,tabula,muscle
TCAP,thymus-fast_muscle_cell,False,tabula,muscle
TNNI2,thymus-fast_muscle_cell,False,tabula,muscle
PDK4,thymus-fast_muscle_cell,False,tabula,muscle
FKBP5,thymus-fast_muscle_cell,False,tabula,muscle
TRDN,thymus-fast_muscle_cell,False,tabula,muscle
RPS8,thymus-vascular_associated_smooth_muscle_cell,False,tabula,muscle
RPL21,thymus-vascular_associated_smooth_muscle_cell,False,tabula,muscle
RPS6,thymus-vascular_associated_smooth_muscle_cell,False,tabula,muscle
EEF1A1,thymus-vascular_associated_smooth_muscle_cell,False,tabula,muscle
FAU,thymus-vascular_associated_smooth_muscle_cell,False,tabula,muscle
S100A6,thymus-vascular_associated_smooth_muscle_cell,False,tabula,muscle
RPL28,thymus-vascular_associated_smooth_muscle_cell,False,tabula,muscle
RPL11,thymus-vascular_associated_smooth_muscle_cell,False,tabula,muscle
RPL12,thymus-vascular_associated_smooth_muscle_cell,False,tabula,muscle
RPL14,thymus-vascular_associated_smooth_muscle_cell,False,tabula,muscle
RPS2,thymus-vascular_associated_smooth_muscle_cell,False,tabula,muscle
RPS3,thymus-vascular_associated_smooth_muscle_cell,False,tabula,muscle
RPL19,thymus-vascular_associated_smooth_muscle_cell,False,tabula,muscle
RPL18,thymus-vascular_associated_smooth_muscle_cell,False,tabula,muscle
RPL41,thymus-vascular_associated_smooth_muscle_cell,False,tabula,muscle
RPS27,thymus-vascular_associated_smooth_muscle_cell,False,tabula,muscle
RPS28,thymus-vascular_associated_smooth_muscle_cell,False,tabula,muscle
ND2,thymus-vascular_associated_smooth_muscle_cell,False,tabula,muscle
ND1,thymus-vascular_associated_smooth_muscle_cell,False,tabula,muscle
FTL,thymus-vascular_associated_smooth_muscle_cell,False,tabula,muscle
ND4,thymus-vascular_associated_smooth_muscle_cell,False,tabula,muscle
RPS23,thymus-vascular_associated_smooth_muscle_cell,False,tabula,muscle
ND3,thymus-vascular_associated_smooth_muscle_cell,False,tabula,muscle
RPL5,thymus-vascular_associated_smooth_muscle_cell,False,tabula,muscle
RPL3,thymus-vascular_associated_smooth_muscle_cell,False,tabula,muscle
RPL30,thymus-vascular_associated_smooth_muscle_cell,False,tabula,muscle
RPL32,thymus-vascular_associated_smooth_muscle_cell,False,tabula,muscle
ATP6,thymus-vascular_associated_smooth_muscle_cell,False,tabula,muscle
RPL34,thymus-vascular_associated_smooth_muscle_cell,False,tabula,muscle
ACTG1,thymus-vascular_associated_smooth_muscle_cell,False,tabula,muscle
RPL8,thymus-vascular_associated_smooth_muscle_cell,False,tabula,muscle
RPS15,thymus-vascular_associated_smooth_muscle_cell,False,tabula,muscle
RPS18,thymus-vascular_associated_smooth_muscle_cell,False,tabula,muscle
RPS19,thymus-vascular_associated_smooth_muscle_cell,False,tabula,muscle
FTH1,thymus-vascular_associated_smooth_muscle_cell,False,tabula,muscle
RPL37,thymus-vascular_associated_smooth_muscle_cell,False,tabula,muscle
COX3,thymus-vascular_associated_smooth_muscle_cell,False,tabula,muscle
COX2,thymus-vascular_associated_smooth_muscle_cell,False,tabula,muscle
COX1,thymus-vascular_associated_smooth_muscle_cell,False,tabula,muscle
RPS14,thymus-vascular_associated_smooth_muscle_cell,False,tabula,muscle
RPS13,thymus-vascular_associated_smooth_muscle_cell,False,tabula,muscle
RPL13A,thymus-vascular_associated_smooth_muscle_cell,False,tabula,muscle
RPS3A,thymus-vascular_associated_smooth_muscle_cell,False,tabula,muscle
PTMA,thymus-vascular_associated_smooth_muscle_cell,False,tabula,muscle
RPL37A,thymus-vascular_associated_smooth_muscle_cell,False,tabula,muscle
CYTB,thymus-vascular_associated_smooth_muscle_cell,False,tabula,muscle
RPS27A,thymus-vascular_associated_smooth_muscle_cell,False,tabula,muscle
H3-3B,thymus-vascular_associated_smooth_muscle_cell,False,tabula,muscle
RPL35A,thymus-vascular_associated_smooth_muscle_cell,False,tabula,muscle
GAPDH,thymus-vascular_associated_smooth_muscle_cell,False,tabula,muscle
TPT1,thymus-vascular_associated_smooth_muscle_cell,False,tabula,muscle
RPLP2,thymus-vascular_associated_smooth_muscle_cell,False,tabula,muscle
RPLP1,thymus-vascular_associated_smooth_muscle_cell,False,tabula,muscle
ADIRF,thymus-vascular_associated_smooth_muscle_cell,False,tabula,muscle
RPS4X,thymus-vascular_associated_smooth_muscle_cell,True,tabula,muscle
TMSB4X,thymus-vascular_associated_smooth_muscle_cell,False,tabula,muscle
RPL18A,thymus-vascular_associated_smooth_muscle_cell,False,tabula,muscle
RPL7A,thymus-vascular_associated_smooth_muscle_cell,False,tabula,muscle
MYL6,thymus-vascular_associated_smooth_muscle_cell,False,tabula,muscle
VIM,thymus-vascular_associated_smooth_muscle_cell,False,tabula,muscle
SPARCL1,thymus-vascular_associated_smooth_muscle_cell,False,tabula,muscle
ZFP36,thymus-vascular_associated_smooth_muscle_cell,False,tabula,muscle
C11ORF96,thymus-vascular_associated_smooth_muscle_cell,False,tabula,muscle
MT2A,thymus-vascular_associated_smooth_muscle_cell,False,tabula,muscle
IGFBP7,thymus-vascular_associated_smooth_muscle_cell,False,tabula,muscle
FOS,thymus-vascular_associated_smooth_muscle_cell,True,tabula,muscle
GADD45B,thymus-vascular_associated_smooth_muscle_cell,False,tabula,muscle
CEBPD,thymus-vascular_associated_smooth_muscle_cell,True,tabula,muscle
MGP,thymus-vascular_associated_smooth_muscle_cell,False,tabula,muscle
S100A4,thymus-vascular_associated_smooth_muscle_cell,False,tabula,muscle
LGALS1,thymus-vascular_associated_smooth_muscle_cell,False,tabula,muscle
CST3,thymus-vascular_associated_smooth_muscle_cell,False,tabula,muscle
HSPB1,thymus-vascular_associated_smooth_muscle_cell,False,tabula,muscle
IFITM3,thymus-vascular_associated_smooth_muscle_cell,False,tabula,muscle
EGR1,thymus-vascular_associated_smooth_muscle_cell,True,tabula,muscle
CRYAB,thymus-vascular_associated_smooth_muscle_cell,False,tabula,muscle
ADAMTS1,thymus-vascular_associated_smooth_muscle_cell,False,tabula,muscle
RPLP0,thymus-vascular_associated_smooth_muscle_cell,False,tabula,muscle
TPM2,thymus-vascular_associated_smooth_muscle_cell,False,tabula,muscle
MYL9,thymus-vascular_associated_smooth_muscle_cell,False,tabula,muscle
TAGLN,thymus-vascular_associated_smooth_muscle_cell,False,tabula,muscle
FLNA,thymus-vascular_associated_smooth_muscle_cell,False,tabula,muscle
TPM1,thymus-vascular_associated_smooth_muscle_cell,False,tabula,muscle
MYH11,thymus-vascular_associated_smooth_muscle_cell,False,tabula,muscle
IGFBP5,thymus-vascular_associated_smooth_muscle_cell,False,tabula,muscle
DSTN,thymus-vascular_associated_smooth_muscle_cell,False,tabula,muscle
MT1M,thymus-vascular_associated_smooth_muscle_cell,False,tabula,muscle
CALD1,thymus-vascular_associated_smooth_muscle_cell,False,tabula,muscle
ACTA2,thymus-vascular_associated_smooth_muscle_cell,False,tabula,muscle
CCL2,thymus-vascular_associated_smooth_muscle_cell,False,tabula,muscle
DES,thymus-vascular_associated_smooth_muscle_cell,False,tabula,muscle
MYLK,thymus-vascular_associated_smooth_muscle_cell,True,tabula,muscle
ACTG2,thymus-vascular_associated_smooth_muscle_cell,False,tabula,muscle
CSRP1,thymus-vascular_associated_smooth_muscle_cell,False,tabula,muscle
TIMP3,thymus-vascular_associated_smooth_muscle_cell,False,tabula,muscle
APOE,thymus-vascular_associated_smooth_muscle_cell,False,tabula,muscle
PPP1R14A,thymus-vascular_associated_smooth_muscle_cell,False,tabula,muscle
RHOB,thymus-vascular_associated_smooth_muscle_cell,False,tabula,muscle
FABP4,thymus-vascular_associated_smooth_muscle_cell,False,tabula,muscle
NR4A1,thymus-vascular_associated_smooth_muscle_cell,True,tabula,muscle
RPS8,vasculature-fibroblast,False,tabula,fibroblast
RPL21,vasculature-fibroblast,False,tabula,fibroblast
RPS9,vasculature-fibroblast,False,tabula,fibroblast
RPS6,vasculature-fibroblast,False,tabula,fibroblast
EEF1A1,vasculature-fibroblast,False,tabula,fibroblast
S100A6,vasculature-fibroblast,False,tabula,fibroblast
RPL28,vasculature-fibroblast,False,tabula,fibroblast
RPL29,vasculature-fibroblast,False,tabula,fibroblast
RPL11,vasculature-fibroblast,False,tabula,fibroblast
RPL12,vasculature-fibroblast,False,tabula,fibroblast
RPL15,vasculature-fibroblast,False,tabula,fibroblast
RPL14,vasculature-fibroblast,False,tabula,fibroblast
RPS5,vasculature-fibroblast,False,tabula,fibroblast
RPS2,vasculature-fibroblast,False,tabula,fibroblast
RPS3,vasculature-fibroblast,False,tabula,fibroblast
RPL19,vasculature-fibroblast,False,tabula,fibroblast
RPL18,vasculature-fibroblast,False,tabula,fibroblast
RPL41,vasculature-fibroblast,False,tabula,fibroblast
RPS27,vasculature-fibroblast,False,tabula,fibroblast
RPS29,vasculature-fibroblast,False,tabula,fibroblast
RPS28,vasculature-fibroblast,False,tabula,fibroblast
FTL,vasculature-fibroblast,False,tabula,fibroblast
ND4,vasculature-fibroblast,False,tabula,fibroblast
RPS23,vasculature-fibroblast,False,tabula,fibroblast
ND3,vasculature-fibroblast,False,tabula,fibroblast
RPS24,vasculature-fibroblast,False,tabula,fibroblast
RPL5,vasculature-fibroblast,False,tabula,fibroblast
RPL6,vasculature-fibroblast,True,tabula,fibroblast
RPL3,vasculature-fibroblast,False,tabula,fibroblast
RPL30,vasculature-fibroblast,False,tabula,fibroblast
RPL32,vasculature-fibroblast,False,tabula,fibroblast
ATP6,vasculature-fibroblast,False,tabula,fibroblast
RPL34,vasculature-fibroblast,False,tabula,fibroblast
RPL9,vasculature-fibroblast,False,tabula,fibroblast
RPL8,vasculature-fibroblast,False,tabula,fibroblast
RPS16,vasculature-fibroblast,False,tabula,fibroblast
RPS15,vasculature-fibroblast,False,tabula,fibroblast
RPS18,vasculature-fibroblast,False,tabula,fibroblast
RPS19,vasculature-fibroblast,False,tabula,fibroblast
FTH1,vasculature-fibroblast,False,tabula,fibroblast
RPL37,vasculature-fibroblast,False,tabula,fibroblast
COX3,vasculature-fibroblast,False,tabula,fibroblast
RPL36,vasculature-fibroblast,False,tabula,fibroblast
COX2,vasculature-fibroblast,False,tabula,fibroblast
RPL39,vasculature-fibroblast,False,tabula,fibroblast
COX1,vasculature-fibroblast,False,tabula,fibroblast
RPS11,vasculature-fibroblast,False,tabula,fibroblast
RPS14,vasculature-fibroblast,False,tabula,fibroblast
RPS13,vasculature-fibroblast,False,tabula,fibroblast
RPL13A,vasculature-fibroblast,False,tabula,fibroblast
RPS3A,vasculature-fibroblast,False,tabula,fibroblast
RPL37A,vasculature-fibroblast,False,tabula,fibroblast
CYTB,vasculature-fibroblast,False,tabula,fibroblast
RPS15A,vasculature-fibroblast,False,tabula,fibroblast
RPS27A,vasculature-fibroblast,False,tabula,fibroblast
RPL35A,vasculature-fibroblast,False,tabula,fibroblast
TPT1,vasculature-fibroblast,False,tabula,fibroblast
RPLP2,vasculature-fibroblast,False,tabula,fibroblast
RPLP1,vasculature-fibroblast,False,tabula,fibroblast
RPL10A,vasculature-fibroblast,False,tabula,fibroblast
RPS4X,vasculature-fibroblast,True,tabula,fibroblast
TMSB4X,vasculature-fibroblast,False,tabula,fibroblast
RPL18A,vasculature-fibroblast,False,tabula,fibroblast
RACK1,vasculature-fibroblast,False,tabula,fibroblast
RPL7A,vasculature-fibroblast,False,tabula,fibroblast
GSN,vasculature-fibroblast,False,tabula,fibroblast
VIM,vasculature-fibroblast,False,tabula,fibroblast
SPARCL1,vasculature-fibroblast,False,tabula,fibroblast
MT2A,vasculature-fibroblast,False,tabula,fibroblast
IGFBP7,vasculature-fibroblast,False,tabula,fibroblast
JUN,vasculature-fibroblast,True,tabula,fibroblast
FOS,vasculature-fibroblast,True,tabula,fibroblast
TIMP1,vasculature-fibroblast,False,tabula,fibroblast
COL1A2,vasculature-fibroblast,False,tabula,fibroblast
MGP,vasculature-fibroblast,False,tabula,fibroblast
FBLN1,vasculature-fibroblast,False,tabula,fibroblast
IGFBP6,vasculature-fibroblast,False,tabula,fibroblast
APOD,vasculature-fibroblast,False,tabula,fibroblast
PLA2G2A,vasculature-fibroblast,False,tabula,fibroblast
DCN,vasculature-fibroblast,False,tabula,fibroblast
C1R,vasculature-fibroblast,False,tabula,fibroblast
CST3,vasculature-fibroblast,False,tabula,fibroblast
RPS20,vasculature-fibroblast,False,tabula,fibroblast
HSP90AA1,vasculature-fibroblast,False,tabula,fibroblast
IFITM3,vasculature-fibroblast,False,tabula,fibroblast
COL3A1,vasculature-fibroblast,False,tabula,fibroblast
RPL26,vasculature-fibroblast,False,tabula,fibroblast
RPL27A,vasculature-fibroblast,False,tabula,fibroblast
RPL35,vasculature-fibroblast,True,tabula,fibroblast
RPLP0,vasculature-fibroblast,False,tabula,fibroblast
IGFBP5,vasculature-fibroblast,False,tabula,fibroblast
CCDC80,vasculature-fibroblast,False,tabula,fibroblast
ADH1B,vasculature-fibroblast,False,tabula,fibroblast
GPX3,vasculature-fibroblast,False,tabula,fibroblast
TIMP3,vasculature-fibroblast,False,tabula,fibroblast
APOE,vasculature-fibroblast,False,tabula,fibroblast
COL1A1,vasculature-fibroblast,False,tabula,fibroblast
COL6A2,vasculature-fibroblast,False,tabula,fibroblast
MFAP5,vasculature-fibroblast,False,tabula,fibroblast
C1S,vasculature-fibroblast,False,tabula,fibroblast
RPS8,vasculature-smooth_muscle_cell,False,tabula,muscle
RPL21,vasculature-smooth_muscle_cell,False,tabula,muscle
RPS6,vasculature-smooth_muscle_cell,False,tabula,muscle
EEF1A1,vasculature-smooth_muscle_cell,False,tabula,muscle
S100A6,vasculature-smooth_muscle_cell,False,tabula,muscle
RPL11,vasculature-smooth_muscle_cell,False,tabula,muscle
RPL12,vasculature-smooth_muscle_cell,False,tabula,muscle
RPL15,vasculature-smooth_muscle_cell,False,tabula,muscle
RPS2,vasculature-smooth_muscle_cell,False,tabula,muscle
RPS3,vasculature-smooth_muscle_cell,False,tabula,muscle
B2M,vasculature-smooth_muscle_cell,False,tabula,muscle
RPL19,vasculature-smooth_muscle_cell,False,tabula,muscle
RPL41,vasculature-smooth_muscle_cell,False,tabula,muscle
RPS27,vasculature-smooth_muscle_cell,False,tabula,muscle
ND2,vasculature-smooth_muscle_cell,False,tabula,muscle
ND1,vasculature-smooth_muscle_cell,False,tabula,muscle
FTL,vasculature-smooth_muscle_cell,False,tabula,muscle
ND4,vasculature-smooth_muscle_cell,False,tabula,muscle
RPS23,vasculature-smooth_muscle_cell,False,tabula,muscle
ND3,vasculature-smooth_muscle_cell,False,tabula,muscle
RPS24,vasculature-smooth_muscle_cell,False,tabula,muscle
RPL5,vasculature-smooth_muscle_cell,False,tabula,muscle
RPL3,vasculature-smooth_muscle_cell,False,tabula,muscle
RPL30,vasculature-smooth_muscle_cell,False,tabula,muscle
RPL32,vasculature-smooth_muscle_cell,False,tabula,muscle
ATP6,vasculature-smooth_muscle_cell,False,tabula,muscle
RPL34,vasculature-smooth_muscle_cell,False,tabula,muscle
ACTG1,vasculature-smooth_muscle_cell,False,tabula,muscle
RPL9,vasculature-smooth_muscle_cell,False,tabula,muscle
RPL8,vasculature-smooth_muscle_cell,False,tabula,muscle
RPS16,vasculature-smooth_muscle_cell,False,tabula,muscle
RPS18,vasculature-smooth_muscle_cell,False,tabula,muscle
RPS19,vasculature-smooth_muscle_cell,False,tabula,muscle
FTH1,vasculature-smooth_muscle_cell,False,tabula,muscle
RPL37,vasculature-smooth_muscle_cell,False,tabula,muscle
COX3,vasculature-smooth_muscle_cell,False,tabula,muscle
RPL36,vasculature-smooth_muscle_cell,False,tabula,muscle
COX2,vasculature-smooth_muscle_cell,False,tabula,muscle
COX1,vasculature-smooth_muscle_cell,False,tabula,muscle
RPS11,vasculature-smooth_muscle_cell,False,tabula,muscle
RPS14,vasculature-smooth_muscle_cell,False,tabula,muscle
RPL13A,vasculature-smooth_muscle_cell,False,tabula,muscle
RPS3A,vasculature-smooth_muscle_cell,False,tabula,muscle
PTMA,vasculature-smooth_muscle_cell,False,tabula,muscle
RPL37A,vasculature-smooth_muscle_cell,False,tabula,muscle
CYTB,vasculature-smooth_muscle_cell,False,tabula,muscle
RPS27A,vasculature-smooth_muscle_cell,False,tabula,muscle
RPL35A,vasculature-smooth_muscle_cell,False,tabula,muscle
GAPDH,vasculature-smooth_muscle_cell,False,tabula,muscle
TPT1,vasculature-smooth_muscle_cell,False,tabula,muscle
RPLP2,vasculature-smooth_muscle_cell,False,tabula,muscle
RPLP1,vasculature-smooth_muscle_cell,False,tabula,muscle
ADIRF,vasculature-smooth_muscle_cell,False,tabula,muscle
RPS4X,vasculature-smooth_muscle_cell,True,tabula,muscle
TMSB4X,vasculature-smooth_muscle_cell,False,tabula,muscle
RPL18A,vasculature-smooth_muscle_cell,False,tabula,muscle
RPL7A,vasculature-smooth_muscle_cell,False,tabula,muscle
MYL6,vasculature-smooth_muscle_cell,False,tabula,muscle
VIM,vasculature-smooth_muscle_cell,False,tabula,muscle
SPARCL1,vasculature-smooth_muscle_cell,False,tabula,muscle
CALM1,vasculature-smooth_muscle_cell,False,tabula,muscle
C11ORF96,vasculature-smooth_muscle_cell,False,tabula,muscle
MT2A,vasculature-smooth_muscle_cell,False,tabula,muscle
IGFBP7,vasculature-smooth_muscle_cell,False,tabula,muscle
TMSB10,vasculature-smooth_muscle_cell,False,tabula,muscle
TIMP1,vasculature-smooth_muscle_cell,False,tabula,muscle
CD63,vasculature-smooth_muscle_cell,False,tabula,muscle
COL1A2,vasculature-smooth_muscle_cell,False,tabula,muscle
MGP,vasculature-smooth_muscle_cell,False,tabula,muscle
S100A4,vasculature-smooth_muscle_cell,False,tabula,muscle
LGALS1,vasculature-smooth_muscle_cell,False,tabula,muscle
CST3,vasculature-smooth_muscle_cell,False,tabula,muscle
HSPB1,vasculature-smooth_muscle_cell,False,tabula,muscle
IFITM3,vasculature-smooth_muscle_cell,False,tabula,muscle
TPM2,vasculature-smooth_muscle_cell,False,tabula,muscle
MYL9,vasculature-smooth_muscle_cell,False,tabula,muscle
TAGLN,vasculature-smooth_muscle_cell,False,tabula,muscle
FLNA,vasculature-smooth_muscle_cell,False,tabula,muscle
TPM1,vasculature-smooth_muscle_cell,False,tabula,muscle
MYH11,vasculature-smooth_muscle_cell,False,tabula,muscle
DSTN,vasculature-smooth_muscle_cell,False,tabula,muscle
RGS5,vasculature-smooth_muscle_cell,False,tabula,muscle
CALD1,vasculature-smooth_muscle_cell,False,tabula,muscle
ACTA2,vasculature-smooth_muscle_cell,False,tabula,muscle
LPP,vasculature-smooth_muscle_cell,False,tabula,muscle
CSRP1,vasculature-smooth_muscle_cell,False,tabula,muscle
PALLD,vasculature-smooth_muscle_cell,False,tabula,muscle
CLU,vasculature-smooth_muscle_cell,False,tabula,muscle
VCAN,vasculature-smooth_muscle_cell,False,tabula,muscle
ADH1B,vasculature-smooth_muscle_cell,False,tabula,muscle
PPP1R14A,vasculature-smooth_muscle_cell,False,tabula,muscle
SPARC,vasculature-smooth_muscle_cell,False,tabula,muscle
IGFBP2,vasculature-smooth_muscle_cell,False,tabula,muscle
FN1,vasculature-smooth_muscle_cell,False,tabula,muscle
BGN,vasculature-smooth_muscle_cell,False,tabula,muscle
ITGB1,vasculature-smooth_muscle_cell,False,tabula,muscle
TPM4,vasculature-smooth_muscle_cell,False,tabula,muscle
TCEAL4,vasculature-smooth_muscle_cell,False,tabula,muscle
MAP1B,vasculature-smooth_muscle_cell,False,tabula,muscle
MFGE8,vasculature-smooth_muscle_cell,False,tabula,muscle
RPS8,mammary-fibroblast_of_breast,False,tabula,fibroblast
RPL21,mammary-fibroblast_of_breast,False,tabula,fibroblast
RPS9,mammary-fibroblast_of_breast,False,tabula,fibroblast
RPS6,mammary-fibroblast_of_breast,False,tabula,fibroblast
RPS7,mammary-fibroblast_of_breast,False,tabula,fibroblast
EEF1A1,mammary-fibroblast_of_breast,False,tabula,fibroblast
FAU,mammary-fibroblast_of_breast,False,tabula,fibroblast
S100A6,mammary-fibroblast_of_breast,False,tabula,fibroblast
RPL28,mammary-fibroblast_of_breast,False,tabula,fibroblast
RPL29,mammary-fibroblast_of_breast,False,tabula,fibroblast
RPL11,mammary-fibroblast_of_breast,False,tabula,fibroblast
RPL12,mammary-fibroblast_of_breast,False,tabula,fibroblast
RPL15,mammary-fibroblast_of_breast,False,tabula,fibroblast
RPL14,mammary-fibroblast_of_breast,False,tabula,fibroblast
RPS5,mammary-fibroblast_of_breast,False,tabula,fibroblast
RPS2,mammary-fibroblast_of_breast,False,tabula,fibroblast
RPS3,mammary-fibroblast_of_breast,False,tabula,fibroblast
B2M,mammary-fibroblast_of_breast,False,tabula,fibroblast
RPL19,mammary-fibroblast_of_breast,False,tabula,fibroblast
RPL18,mammary-fibroblast_of_breast,False,tabula,fibroblast
S100A11,mammary-fibroblast_of_breast,False,tabula,fibroblast
RPL41,mammary-fibroblast_of_breast,False,tabula,fibroblast
EIF1,mammary-fibroblast_of_breast,False,tabula,fibroblast
RPS27,mammary-fibroblast_of_breast,False,tabula,fibroblast
RPS28,mammary-fibroblast_of_breast,False,tabula,fibroblast
NACA,mammary-fibroblast_of_breast,False,tabula,fibroblast
ND2,mammary-fibroblast_of_breast,False,tabula,fibroblast
FTL,mammary-fibroblast_of_breast,False,tabula,fibroblast
ND4,mammary-fibroblast_of_breast,False,tabula,fibroblast
RPS23,mammary-fibroblast_of_breast,False,tabula,fibroblast
ND3,mammary-fibroblast_of_breast,False,tabula,fibroblast
RPS24,mammary-fibroblast_of_breast,False,tabula,fibroblast
RPL5,mammary-fibroblast_of_breast,False,tabula,fibroblast
RPL6,mammary-fibroblast_of_breast,True,tabula,fibroblast
RPL3,mammary-fibroblast_of_breast,False,tabula,fibroblast
RPL30,mammary-fibroblast_of_breast,False,tabula,fibroblast
RPL32,mammary-fibroblast_of_breast,False,tabula,fibroblast
ATP6,mammary-fibroblast_of_breast,False,tabula,fibroblast
RPL34,mammary-fibroblast_of_breast,False,tabula,fibroblast
ACTG1,mammary-fibroblast_of_breast,False,tabula,fibroblast
RPL9,mammary-fibroblast_of_breast,False,tabula,fibroblast
RPL8,mammary-fibroblast_of_breast,False,tabula,fibroblast
RPS16,mammary-fibroblast_of_breast,False,tabula,fibroblast
RPS15,mammary-fibroblast_of_breast,False,tabula,fibroblast
RPS18,mammary-fibroblast_of_breast,False,tabula,fibroblast
RPS19,mammary-fibroblast_of_breast,False,tabula,fibroblast
FTH1,mammary-fibroblast_of_breast,False,tabula,fibroblast
RPL37,mammary-fibroblast_of_breast,False,tabula,fibroblast
COX3,mammary-fibroblast_of_breast,False,tabula,fibroblast
RPL36,mammary-fibroblast_of_breast,False,tabula,fibroblast
COX2,mammary-fibroblast_of_breast,False,tabula,fibroblast
RPL39,mammary-fibroblast_of_breast,False,tabula,fibroblast
COX1,mammary-fibroblast_of_breast,False,tabula,fibroblast
RPS11,mammary-fibroblast_of_breast,False,tabula,fibroblast
RPS14,mammary-fibroblast_of_breast,False,tabula,fibroblast
RPS13,mammary-fibroblast_of_breast,False,tabula,fibroblast
RPL13A,mammary-fibroblast_of_breast,False,tabula,fibroblast
RPS3A,mammary-fibroblast_of_breast,False,tabula,fibroblast
PTMA,mammary-fibroblast_of_breast,False,tabula,fibroblast
RPL37A,mammary-fibroblast_of_breast,False,tabula,fibroblast
CYTB,mammary-fibroblast_of_breast,False,tabula,fibroblast
RPS15A,mammary-fibroblast_of_breast,False,tabula,fibroblast
RPS27A,mammary-fibroblast_of_breast,False,tabula,fibroblast
H3-3B,mammary-fibroblast_of_breast,False,tabula,fibroblast
RPL35A,mammary-fibroblast_of_breast,False,tabula,fibroblast
RPL23A,mammary-fibroblast_of_breast,False,tabula,fibroblast
GAPDH,mammary-fibroblast_of_breast,False,tabula,fibroblast
TPT1,mammary-fibroblast_of_breast,False,tabula,fibroblast
RPLP2,mammary-fibroblast_of_breast,False,tabula,fibroblast
RPLP1,mammary-fibroblast_of_breast,False,tabula,fibroblast
RPL10A,mammary-fibroblast_of_breast,False,tabula,fibroblast
RPS4X,mammary-fibroblast_of_breast,True,tabula,fibroblast
RPL18A,mammary-fibroblast_of_breast,False,tabula,fibroblast
RACK1,mammary-fibroblast_of_breast,False,tabula,fibroblast
RPL7A,mammary-fibroblast_of_breast,False,tabula,fibroblast
VIM,mammary-fibroblast_of_breast,False,tabula,fibroblast
MT2A,mammary-fibroblast_of_breast,False,tabula,fibroblast
TMSB10,mammary-fibroblast_of_breast,False,tabula,fibroblast
TIMP1,mammary-fibroblast_of_breast,False,tabula,fibroblast
CD63,mammary-fibroblast_of_breast,False,tabula,fibroblast
APOD,mammary-fibroblast_of_breast,False,tabula,fibroblast
DCN,mammary-fibroblast_of_breast,False,tabula,fibroblast
SOD2,mammary-fibroblast_of_breast,False,tabula,fibroblast
HSP90AA1,mammary-fibroblast_of_breast,False,tabula,fibroblast
CXCL8,mammary-fibroblast_of_breast,False,tabula,fibroblast
UBA52,mammary-fibroblast_of_breast,False,tabula,fibroblast
HSP90AB1,mammary-fibroblast_of_breast,False,tabula,fibroblast
CEBPB,mammary-fibroblast_of_breast,True,tabula,fibroblast
RPL26,mammary-fibroblast_of_breast,False,tabula,fibroblast
RPL35,mammary-fibroblast_of_breast,True,tabula,fibroblast
RPLP0,mammary-fibroblast_of_breast,False,tabula,fibroblast
CD59,mammary-fibroblast_of_breast,True,tabula,fibroblast
TUBA1B,mammary-fibroblast_of_breast,False,tabula,fibroblast
ANXA5,mammary-fibroblast_of_breast,False,tabula,fibroblast
COL6A2,mammary-fibroblast_of_breast,False,tabula,fibroblast
CTSL,mammary-fibroblast_of_breast,False,tabula,fibroblast
SERPINE1,mammary-fibroblast_of_breast,False,tabula,fibroblast
MMP3,mammary-fibroblast_of_breast,False,tabula,fibroblast
TNFAIP6,mammary-fibroblast_of_breast,False,tabula,fibroblast
THBS2,mammary-fibroblast_of_breast,False,tabula,fibroblast
RPS8,mammary-vascular_associated_smooth_muscle_cell,False,tabula,muscle
RPL21,mammary-vascular_associated_smooth_muscle_cell,False,tabula,muscle
RPS9,mammary-vascular_associated_smooth_muscle_cell,False,tabula,muscle
RPS6,mammary-vascular_associated_smooth_muscle_cell,False,tabula,muscle
RPS7,mammary-vascular_associated_smooth_muscle_cell,False,tabula,muscle
EEF1A1,mammary-vascular_associated_smooth_muscle_cell,False,tabula,muscle
FAU,mammary-vascular_associated_smooth_muscle_cell,False,tabula,muscle
RPL28,mammary-vascular_associated_smooth_muscle_cell,False,tabula,muscle
RPL29,mammary-vascular_associated_smooth_muscle_cell,False,tabula,muscle
RPL11,mammary-vascular_associated_smooth_muscle_cell,False,tabula,muscle
RPL12,mammary-vascular_associated_smooth_muscle_cell,False,tabula,muscle
RPL15,mammary-vascular_associated_smooth_muscle_cell,False,tabula,muscle
RPL14,mammary-vascular_associated_smooth_muscle_cell,False,tabula,muscle
RPS5,mammary-vascular_associated_smooth_muscle_cell,False,tabula,muscle
RPS2,mammary-vascular_associated_smooth_muscle_cell,False,tabula,muscle
RPS3,mammary-vascular_associated_smooth_muscle_cell,False,tabula,muscle
B2M,mammary-vascular_associated_smooth_muscle_cell,False,tabula,muscle
RPL19,mammary-vascular_associated_smooth_muscle_cell,False,tabula,muscle
RPL18,mammary-vascular_associated_smooth_muscle_cell,False,tabula,muscle
RPL41,mammary-vascular_associated_smooth_muscle_cell,False,tabula,muscle
EIF1,mammary-vascular_associated_smooth_muscle_cell,False,tabula,muscle
RPS27,mammary-vascular_associated_smooth_muscle_cell,False,tabula,muscle
RPS28,mammary-vascular_associated_smooth_muscle_cell,False,tabula,muscle
NACA,mammary-vascular_associated_smooth_muscle_cell,False,tabula,muscle
ND2,mammary-vascular_associated_smooth_muscle_cell,False,tabula,muscle
FTL,mammary-vascular_associated_smooth_muscle_cell,False,tabula,muscle
ND4,mammary-vascular_associated_smooth_muscle_cell,False,tabula,muscle
RPS23,mammary-vascular_associated_smooth_muscle_cell,False,tabula,muscle
ND3,mammary-vascular_associated_smooth_muscle_cell,False,tabula,muscle
RPS24,mammary-vascular_associated_smooth_muscle_cell,False,tabula,muscle
RPL5,mammary-vascular_associated_smooth_muscle_cell,False,tabula,muscle
RPL6,mammary-vascular_associated_smooth_muscle_cell,True,tabula,muscle
RPL3,mammary-vascular_associated_smooth_muscle_cell,False,tabula,muscle
RPL30,mammary-vascular_associated_smooth_muscle_cell,False,tabula,muscle
RPL32,mammary-vascular_associated_smooth_muscle_cell,False,tabula,muscle
ATP6,mammary-vascular_associated_smooth_muscle_cell,False,tabula,muscle
RPL34,mammary-vascular_associated_smooth_muscle_cell,False,tabula,muscle
ACTG1,mammary-vascular_associated_smooth_muscle_cell,False,tabula,muscle
RPL9,mammary-vascular_associated_smooth_muscle_cell,False,tabula,muscle
RPL8,mammary-vascular_associated_smooth_muscle_cell,False,tabula,muscle
RPS16,mammary-vascular_associated_smooth_muscle_cell,False,tabula,muscle
RPS15,mammary-vascular_associated_smooth_muscle_cell,False,tabula,muscle
RPS18,mammary-vascular_associated_smooth_muscle_cell,False,tabula,muscle
RPS19,mammary-vascular_associated_smooth_muscle_cell,False,tabula,muscle
FTH1,mammary-vascular_associated_smooth_muscle_cell,False,tabula,muscle
RPL37,mammary-vascular_associated_smooth_muscle_cell,False,tabula,muscle
COX3,mammary-vascular_associated_smooth_muscle_cell,False,tabula,muscle
RPL36,mammary-vascular_associated_smooth_muscle_cell,False,tabula,muscle
COX2,mammary-vascular_associated_smooth_muscle_cell,False,tabula,muscle
RPL39,mammary-vascular_associated_smooth_muscle_cell,False,tabula,muscle
COX1,mammary-vascular_associated_smooth_muscle_cell,False,tabula,muscle
RPS11,mammary-vascular_associated_smooth_muscle_cell,False,tabula,muscle
RPS14,mammary-vascular_associated_smooth_muscle_cell,False,tabula,muscle
RPS13,mammary-vascular_associated_smooth_muscle_cell,False,tabula,muscle
RPL13A,mammary-vascular_associated_smooth_muscle_cell,False,tabula,muscle
RPS3A,mammary-vascular_associated_smooth_muscle_cell,False,tabula,muscle
PTMA,mammary-vascular_associated_smooth_muscle_cell,False,tabula,muscle
RPL37A,mammary-vascular_associated_smooth_muscle_cell,False,tabula,muscle
CYTB,mammary-vascular_associated_smooth_muscle_cell,False,tabula,muscle
RPS15A,mammary-vascular_associated_smooth_muscle_cell,False,tabula,muscle
RPS27A,mammary-vascular_associated_smooth_muscle_cell,False,tabula,muscle
H3-3B,mammary-vascular_associated_smooth_muscle_cell,False,tabula,muscle
RPL35A,mammary-vascular_associated_smooth_muscle_cell,False,tabula,muscle
RPL23A,mammary-vascular_associated_smooth_muscle_cell,False,tabula,muscle
GAPDH,mammary-vascular_associated_smooth_muscle_cell,False,tabula,muscle
TPT1,mammary-vascular_associated_smooth_muscle_cell,False,tabula,muscle
RPLP2,mammary-vascular_associated_smooth_muscle_cell,False,tabula,muscle
RPLP1,mammary-vascular_associated_smooth_muscle_cell,False,tabula,muscle
ADIRF,mammary-vascular_associated_smooth_muscle_cell,False,tabula,muscle
RPL10A,mammary-vascular_associated_smooth_muscle_cell,False,tabula,muscle
RPS4X,mammary-vascular_associated_smooth_muscle_cell,True,tabula,muscle
RPL18A,mammary-vascular_associated_smooth_muscle_cell,False,tabula,muscle
RPL7A,mammary-vascular_associated_smooth_muscle_cell,False,tabula,muscle
MYL6,mammary-vascular_associated_smooth_muscle_cell,False,tabula,muscle
VIM,mammary-vascular_associated_smooth_muscle_cell,False,tabula,muscle
C11ORF96,mammary-vascular_associated_smooth_muscle_cell,False,tabula,muscle
MT2A,mammary-vascular_associated_smooth_muscle_cell,False,tabula,muscle
IGFBP7,mammary-vascular_associated_smooth_muscle_cell,False,tabula,muscle
YBX3,mammary-vascular_associated_smooth_muscle_cell,False,tabula,muscle
GADD45B,mammary-vascular_associated_smooth_muscle_cell,False,tabula,muscle
CEBPD,mammary-vascular_associated_smooth_muscle_cell,True,tabula,muscle
AKAP12,mammary-vascular_associated_smooth_muscle_cell,False,tabula,muscle
HSP90AA1,mammary-vascular_associated_smooth_muscle_cell,False,tabula,muscle
UBA52,mammary-vascular_associated_smooth_muscle_cell,False,tabula,muscle
HSP90AB1,mammary-vascular_associated_smooth_muscle_cell,False,tabula,muscle
RPS25,mammary-vascular_associated_smooth_muscle_cell,False,tabula,muscle
MT1X,mammary-vascular_associated_smooth_muscle_cell,False,tabula,muscle
ADAMTS1,mammary-vascular_associated_smooth_muscle_cell,False,tabula,muscle
RPL26,mammary-vascular_associated_smooth_muscle_cell,False,tabula,muscle
RPL35,mammary-vascular_associated_smooth_muscle_cell,True,tabula,muscle
RPLP0,mammary-vascular_associated_smooth_muscle_cell,False,tabula,muscle
TPM2,mammary-vascular_associated_smooth_muscle_cell,False,tabula,muscle
TAGLN,mammary-vascular_associated_smooth_muscle_cell,False,tabula,muscle
CALD1,mammary-vascular_associated_smooth_muscle_cell,False,tabula,muscle
RPL7,mammary-vascular_associated_smooth_muscle_cell,False,tabula,muscle
MT1A,mammary-vascular_associated_smooth_muscle_cell,False,tabula,muscle
CDKN1A,mammary-vascular_associated_smooth_muscle_cell,False,tabula,muscle
LDHA,mammary-vascular_associated_smooth_muscle_cell,False,tabula,muscle
PDK4,mammary-vascular_associated_smooth_muscle_cell,False,tabula,muscle
TPM4,mammary-vascular_associated_smooth_muscle_cell,False,tabula,muscle
RPS8,uterus-fibroblast,False,tabula,fibroblast
RPL21,uterus-fibroblast,False,tabula,fibroblast
RPS9,uterus-fibroblast,False,tabula,fibroblast
RPS6,uterus-fibroblast,False,tabula,fibroblast
RPS7,uterus-fibroblast,False,tabula,fibroblast
EEF1A1,uterus-fibroblast,False,tabula,fibroblast
S100A6,uterus-fibroblast,False,tabula,fibroblast
RPL28,uterus-fibroblast,False,tabula,fibroblast
RPL29,uterus-fibroblast,False,tabula,fibroblast
RPL11,uterus-fibroblast,False,tabula,fibroblast
RPL12,uterus-fibroblast,False,tabula,fibroblast
RPL15,uterus-fibroblast,False,tabula,fibroblast
RPL14,uterus-fibroblast,False,tabula,fibroblast
RPS5,uterus-fibroblast,False,tabula,fibroblast
RPS2,uterus-fibroblast,False,tabula,fibroblast
RPS3,uterus-fibroblast,False,tabula,fibroblast
B2M,uterus-fibroblast,False,tabula,fibroblast
RPL19,uterus-fibroblast,False,tabula,fibroblast
RPL18,uterus-fibroblast,False,tabula,fibroblast
RPL41,uterus-fibroblast,False,tabula,fibroblast
EIF1,uterus-fibroblast,False,tabula,fibroblast
RPS27,uterus-fibroblast,False,tabula,fibroblast
RPS28,uterus-fibroblast,False,tabula,fibroblast
FTL,uterus-fibroblast,False,tabula,fibroblast
ND4,uterus-fibroblast,False,tabula,fibroblast
RPS23,uterus-fibroblast,False,tabula,fibroblast
ND3,uterus-fibroblast,False,tabula,fibroblast
RPS24,uterus-fibroblast,False,tabula,fibroblast
RPL5,uterus-fibroblast,False,tabula,fibroblast
RPL6,uterus-fibroblast,True,tabula,fibroblast
RPL3,uterus-fibroblast,False,tabula,fibroblast
RPL30,uterus-fibroblast,False,tabula,fibroblast
RPL32,uterus-fibroblast,False,tabula,fibroblast
ATP6,uterus-fibroblast,False,tabula,fibroblast
RPL34,uterus-fibroblast,False,tabula,fibroblast
ACTG1,uterus-fibroblast,False,tabula,fibroblast
RPL9,uterus-fibroblast,False,tabula,fibroblast
RPL8,uterus-fibroblast,False,tabula,fibroblast
RPS16,uterus-fibroblast,False,tabula,fibroblast
RPS15,uterus-fibroblast,False,tabula,fibroblast
RPS18,uterus-fibroblast,False,tabula,fibroblast
RPS19,uterus-fibroblast,False,tabula,fibroblast
FTH1,uterus-fibroblast,False,tabula,fibroblast
RPL37,uterus-fibroblast,False,tabula,fibroblast
COX3,uterus-fibroblast,False,tabula,fibroblast
RPL36,uterus-fibroblast,False,tabula,fibroblast
COX2,uterus-fibroblast,False,tabula,fibroblast
RPL39,uterus-fibroblast,False,tabula,fibroblast
COX1,uterus-fibroblast,False,tabula,fibroblast
RPS11,uterus-fibroblast,False,tabula,fibroblast
RPS14,uterus-fibroblast,False,tabula,fibroblast
RPS13,uterus-fibroblast,False,tabula,fibroblast
RPL13A,uterus-fibroblast,False,tabula,fibroblast
RPS3A,uterus-fibroblast,False,tabula,fibroblast
PTMA,uterus-fibroblast,False,tabula,fibroblast
RPL37A,uterus-fibroblast,False,tabula,fibroblast
CYTB,uterus-fibroblast,False,tabula,fibroblast
RPS15A,uterus-fibroblast,False,tabula,fibroblast
RPS27A,uterus-fibroblast,False,tabula,fibroblast
H3-3B,uterus-fibroblast,False,tabula,fibroblast
RPL35A,uterus-fibroblast,False,tabula,fibroblast
GAPDH,uterus-fibroblast,False,tabula,fibroblast
TPT1,uterus-fibroblast,False,tabula,fibroblast
RPLP2,uterus-fibroblast,False,tabula,fibroblast
RPLP1,uterus-fibroblast,False,tabula,fibroblast
RPL10A,uterus-fibroblast,False,tabula,fibroblast
RPS4X,uterus-fibroblast,True,tabula,fibroblast
TMSB4X,uterus-fibroblast,False,tabula,fibroblast
RPL18A,uterus-fibroblast,False,tabula,fibroblast
RPL7A,uterus-fibroblast,False,tabula,fibroblast
MYL6,uterus-fibroblast,False,tabula,fibroblast
VIM,uterus-fibroblast,False,tabula,fibroblast
JUND,uterus-fibroblast,True,tabula,fibroblast
C11ORF96,uterus-fibroblast,False,tabula,fibroblast
MT2A,uterus-fibroblast,False,tabula,fibroblast
TMSB10,uterus-fibroblast,False,tabula,fibroblast
JUN,uterus-fibroblast,True,tabula,fibroblast
FOS,uterus-fibroblast,True,tabula,fibroblast
CD63,uterus-fibroblast,False,tabula,fibroblast
LUM,uterus-fibroblast,False,tabula,fibroblast
COL1A2,uterus-fibroblast,False,tabula,fibroblast
LGALS1,uterus-fibroblast,False,tabula,fibroblast
IER3,uterus-fibroblast,False,tabula,fibroblast
DCN,uterus-fibroblast,False,tabula,fibroblast
FOSB,uterus-fibroblast,True,tabula,fibroblast
HSPA1A,uterus-fibroblast,False,tabula,fibroblast
HSP90AA1,uterus-fibroblast,False,tabula,fibroblast
HSPB1,uterus-fibroblast,False,tabula,fibroblast
HSP90AB1,uterus-fibroblast,False,tabula,fibroblast
IFITM3,uterus-fibroblast,False,tabula,fibroblast
COL3A1,uterus-fibroblast,False,tabula,fibroblast
RPL26,uterus-fibroblast,False,tabula,fibroblast
RPL35,uterus-fibroblast,True,tabula,fibroblast
RPLP0,uterus-fibroblast,False,tabula,fibroblast
SERF2,uterus-fibroblast,False,tabula,fibroblast
TUBA1A,uterus-fibroblast,False,tabula,fibroblast
COL1A1,uterus-fibroblast,False,tabula,fibroblast
MDK,uterus-fibroblast,False,tabula,fibroblast
SFRP4,uterus-fibroblast,False,tabula,fibroblast
MMP11,uterus-fibroblast,False,tabula,fibroblast
RPS8,uterus-vascular_associated_smooth_muscle_cell,False,tabula,muscle
RPL21,uterus-vascular_associated_smooth_muscle_cell,False,tabula,muscle
RPS9,uterus-vascular_associated_smooth_muscle_cell,False,tabula,muscle
RPS6,uterus-vascular_associated_smooth_muscle_cell,False,tabula,muscle
RPS7,uterus-vascular_associated_smooth_muscle_cell,False,tabula,muscle
EEF1A1,uterus-vascular_associated_smooth_muscle_cell,False,tabula,muscle
FAU,uterus-vascular_associated_smooth_muscle_cell,False,tabula,muscle
S100A6,uterus-vascular_associated_smooth_muscle_cell,False,tabula,muscle
RPL29,uterus-vascular_associated_smooth_muscle_cell,False,tabula,muscle
RPL11,uterus-vascular_associated_smooth_muscle_cell,False,tabula,muscle
RPL12,uterus-vascular_associated_smooth_muscle_cell,False,tabula,muscle
RPL15,uterus-vascular_associated_smooth_muscle_cell,False,tabula,muscle
RPL14,uterus-vascular_associated_smooth_muscle_cell,False,tabula,muscle
RPS2,uterus-vascular_associated_smooth_muscle_cell,False,tabula,muscle
RPS3,uterus-vascular_associated_smooth_muscle_cell,False,tabula,muscle
B2M,uterus-vascular_associated_smooth_muscle_cell,False,tabula,muscle
RPL19,uterus-vascular_associated_smooth_muscle_cell,False,tabula,muscle
RPL18,uterus-vascular_associated_smooth_muscle_cell,False,tabula,muscle
RPL41,uterus-vascular_associated_smooth_muscle_cell,False,tabula,muscle
EIF1,uterus-vascular_associated_smooth_muscle_cell,False,tabula,muscle
RPS27,uterus-vascular_associated_smooth_muscle_cell,False,tabula,muscle
RPS28,uterus-vascular_associated_smooth_muscle_cell,False,tabula,muscle
NACA,uterus-vascular_associated_smooth_muscle_cell,False,tabula,muscle
ND2,uterus-vascular_associated_smooth_muscle_cell,False,tabula,muscle
RPS21,uterus-vascular_associated_smooth_muscle_cell,False,tabula,muscle
FTL,uterus-vascular_associated_smooth_muscle_cell,False,tabula,muscle
ND4,uterus-vascular_associated_smooth_muscle_cell,False,tabula,muscle
RPS23,uterus-vascular_associated_smooth_muscle_cell,False,tabula,muscle
ND3,uterus-vascular_associated_smooth_muscle_cell,False,tabula,muscle
RPS24,uterus-vascular_associated_smooth_muscle_cell,False,tabula,muscle
RPL5,uterus-vascular_associated_smooth_muscle_cell,False,tabula,muscle
RPL6,uterus-vascular_associated_smooth_muscle_cell,True,tabula,muscle
RPL3,uterus-vascular_associated_smooth_muscle_cell,False,tabula,muscle
RPL30,uterus-vascular_associated_smooth_muscle_cell,False,tabula,muscle
RPL32,uterus-vascular_associated_smooth_muscle_cell,False,tabula,muscle
ATP6,uterus-vascular_associated_smooth_muscle_cell,False,tabula,muscle
RPL34,uterus-vascular_associated_smooth_muscle_cell,False,tabula,muscle
ACTG1,uterus-vascular_associated_smooth_muscle_cell,False,tabula,muscle
RPL9,uterus-vascular_associated_smooth_muscle_cell,False,tabula,muscle
RPL8,uterus-vascular_associated_smooth_muscle_cell,False,tabula,muscle
RPS16,uterus-vascular_associated_smooth_muscle_cell,False,tabula,muscle
RPS15,uterus-vascular_associated_smooth_muscle_cell,False,tabula,muscle
RPS18,uterus-vascular_associated_smooth_muscle_cell,False,tabula,muscle
RPS19,uterus-vascular_associated_smooth_muscle_cell,False,tabula,muscle
FTH1,uterus-vascular_associated_smooth_muscle_cell,False,tabula,muscle
RPL37,uterus-vascular_associated_smooth_muscle_cell,False,tabula,muscle
COX3,uterus-vascular_associated_smooth_muscle_cell,False,tabula,muscle
COX2,uterus-vascular_associated_smooth_muscle_cell,False,tabula,muscle
RPL39,uterus-vascular_associated_smooth_muscle_cell,False,tabula,muscle
COX1,uterus-vascular_associated_smooth_muscle_cell,False,tabula,muscle
RPS14,uterus-vascular_associated_smooth_muscle_cell,False,tabula,muscle
RPS13,uterus-vascular_associated_smooth_muscle_cell,False,tabula,muscle
RPL13A,uterus-vascular_associated_smooth_muscle_cell,False,tabula,muscle
RPS3A,uterus-vascular_associated_smooth_muscle_cell,False,tabula,muscle
PTMA,uterus-vascular_associated_smooth_muscle_cell,False,tabula,muscle
RPL37A,uterus-vascular_associated_smooth_muscle_cell,False,tabula,muscle
CYTB,uterus-vascular_associated_smooth_muscle_cell,False,tabula,muscle
RPS15A,uterus-vascular_associated_smooth_muscle_cell,False,tabula,muscle
RPS27A,uterus-vascular_associated_smooth_muscle_cell,False,tabula,muscle
H3-3B,uterus-vascular_associated_smooth_muscle_cell,False,tabula,muscle
RPL35A,uterus-vascular_associated_smooth_muscle_cell,False,tabula,muscle
RPL23A,uterus-vascular_associated_smooth_muscle_cell,False,tabula,muscle
GAPDH,uterus-vascular_associated_smooth_muscle_cell,False,tabula,muscle
TPT1,uterus-vascular_associated_smooth_muscle_cell,False,tabula,muscle
RPLP2,uterus-vascular_associated_smooth_muscle_cell,False,tabula,muscle
RPLP1,uterus-vascular_associated_smooth_muscle_cell,False,tabula,muscle
ADIRF,uterus-vascular_associated_smooth_muscle_cell,False,tabula,muscle
RPL10A,uterus-vascular_associated_smooth_muscle_cell,False,tabula,muscle
RPS4X,uterus-vascular_associated_smooth_muscle_cell,True,tabula,muscle
TMSB4X,uterus-vascular_associated_smooth_muscle_cell,False,tabula,muscle
RPL18A,uterus-vascular_associated_smooth_muscle_cell,False,tabula,muscle
RPL7A,uterus-vascular_associated_smooth_muscle_cell,False,tabula,muscle
MYL6,uterus-vascular_associated_smooth_muscle_cell,False,tabula,muscle
VIM,uterus-vascular_associated_smooth_muscle_cell,False,tabula,muscle
SPARCL1,uterus-vascular_associated_smooth_muscle_cell,False,tabula,muscle
JUND,uterus-vascular_associated_smooth_muscle_cell,True,tabula,muscle
C11ORF96,uterus-vascular_associated_smooth_muscle_cell,False,tabula,muscle
MT2A,uterus-vascular_associated_smooth_muscle_cell,False,tabula,muscle
IGFBP7,uterus-vascular_associated_smooth_muscle_cell,False,tabula,muscle
NFKBIA,uterus-vascular_associated_smooth_muscle_cell,False,tabula,muscle
GADD45B,uterus-vascular_associated_smooth_muscle_cell,False,tabula,muscle
CEBPD,uterus-vascular_associated_smooth_muscle_cell,True,tabula,muscle
MGP,uterus-vascular_associated_smooth_muscle_cell,False,tabula,muscle
S100A4,uterus-vascular_associated_smooth_muscle_cell,False,tabula,muscle
IER3,uterus-vascular_associated_smooth_muscle_cell,False,tabula,muscle
SOD2,uterus-vascular_associated_smooth_muscle_cell,False,tabula,muscle
HSPB1,uterus-vascular_associated_smooth_muscle_cell,False,tabula,muscle
MT1X,uterus-vascular_associated_smooth_muscle_cell,False,tabula,muscle
RPL26,uterus-vascular_associated_smooth_muscle_cell,False,tabula,muscle
TPM2,uterus-vascular_associated_smooth_muscle_cell,False,tabula,muscle
MYL9,uterus-vascular_associated_smooth_muscle_cell,False,tabula,muscle
TAGLN,uterus-vascular_associated_smooth_muscle_cell,False,tabula,muscle
TPM1,uterus-vascular_associated_smooth_muscle_cell,False,tabula,muscle
MYH11,uterus-vascular_associated_smooth_muscle_cell,False,tabula,muscle
DSTN,uterus-vascular_associated_smooth_muscle_cell,False,tabula,muscle
CALD1,uterus-vascular_associated_smooth_muscle_cell,False,tabula,muscle
ACTA2,uterus-vascular_associated_smooth_muscle_cell,False,tabula,muscle
MT1A,uterus-vascular_associated_smooth_muscle_cell,False,tabula,muscle
LDHA,uterus-vascular_associated_smooth_muscle_cell,False,tabula,muscle
PDK4,uterus-vascular_associated_smooth_muscle_cell,False,tabula,muscle
RPS8,eye-fibroblast,False,tabula,fibroblast
RPS6,eye-fibroblast,False,tabula,fibroblast
EEF1A1,eye-fibroblast,False,tabula,fibroblast
S100A6,eye-fibroblast,False,tabula,fibroblast
RPL28,eye-fibroblast,False,tabula,fibroblast
RPL11,eye-fibroblast,False,tabula,fibroblast
RPL12,eye-fibroblast,False,tabula,fibroblast
B2M,eye-fibroblast,False,tabula,fibroblast
RPL19,eye-fibroblast,False,tabula,fibroblast
RPL41,eye-fibroblast,False,tabula,fibroblast
EIF1,eye-fibroblast,False,tabula,fibroblast
RPS27,eye-fibroblast,False,tabula,fibroblast
RPS28,eye-fibroblast,False,tabula,fibroblast
ND2,eye-fibroblast,False,tabula,fibroblast
ND1,eye-fibroblast,False,tabula,fibroblast
FTL,eye-fibroblast,False,tabula,fibroblast
ND4,eye-fibroblast,False,tabula,fibroblast
RPS23,eye-fibroblast,False,tabula,fibroblast
ND3,eye-fibroblast,False,tabula,fibroblast
ND5,eye-fibroblast,False,tabula,fibroblast
RPS24,eye-fibroblast,False,tabula,fibroblast
RPL3,eye-fibroblast,False,tabula,fibroblast
RPL30,eye-fibroblast,False,tabula,fibroblast
RPL32,eye-fibroblast,False,tabula,fibroblast
ATP6,eye-fibroblast,False,tabula,fibroblast
RPL34,eye-fibroblast,False,tabula,fibroblast
ACTG1,eye-fibroblast,False,tabula,fibroblast
RPS18,eye-fibroblast,False,tabula,fibroblast
FTH1,eye-fibroblast,False,tabula,fibroblast
RPL37,eye-fibroblast,False,tabula,fibroblast
COX3,eye-fibroblast,False,tabula,fibroblast
COX2,eye-fibroblast,False,tabula,fibroblast
RPL39,eye-fibroblast,False,tabula,fibroblast
COX1,eye-fibroblast,False,tabula,fibroblast
RPS14,eye-fibroblast,False,tabula,fibroblast
PTMA,eye-fibroblast,False,tabula,fibroblast
RPL37A,eye-fibroblast,False,tabula,fibroblast
CYTB,eye-fibroblast,False,tabula,fibroblast
RPS27A,eye-fibroblast,False,tabula,fibroblast
H3-3B,eye-fibroblast,False,tabula,fibroblast
TPT1,eye-fibroblast,False,tabula,fibroblast
RPLP1,eye-fibroblast,False,tabula,fibroblast
VIM,eye-fibroblast,False,tabula,fibroblast
MT2A,eye-fibroblast,False,tabula,fibroblast
TMSB10,eye-fibroblast,False,tabula,fibroblast
JUN,eye-fibroblast,True,tabula,fibroblast
FOS,eye-fibroblast,True,tabula,fibroblast
S100A10,eye-fibroblast,False,tabula,fibroblast
TIMP1,eye-fibroblast,False,tabula,fibroblast
CEBPD,eye-fibroblast,True,tabula,fibroblast
LUM,eye-fibroblast,False,tabula,fibroblast
MGP,eye-fibroblast,False,tabula,fibroblast
S100A4,eye-fibroblast,False,tabula,fibroblast
IGFBP6,eye-fibroblast,False,tabula,fibroblast
APOD,eye-fibroblast,False,tabula,fibroblast
IER3,eye-fibroblast,False,tabula,fibroblast
DCN,eye-fibroblast,False,tabula,fibroblast
SOD2,eye-fibroblast,False,tabula,fibroblast
FOSB,eye-fibroblast,True,tabula,fibroblast
CST3,eye-fibroblast,False,tabula,fibroblast
HSPA1A,eye-fibroblast,False,tabula,fibroblast
HSPA1B,eye-fibroblast,False,tabula,fibroblast
HSPH1,eye-fibroblast,False,tabula,fibroblast
HSP90AA1,eye-fibroblast,False,tabula,fibroblast
HSPB1,eye-fibroblast,False,tabula,fibroblast
DNAJB1,eye-fibroblast,False,tabula,fibroblast
HSP90AB1,eye-fibroblast,False,tabula,fibroblast
THBS1,eye-fibroblast,False,tabula,fibroblast
LMNA,eye-fibroblast,False,tabula,fibroblast
UBB,eye-fibroblast,True,tabula,fibroblast
ANXA1,eye-fibroblast,True,tabula,fibroblast
IFITM3,eye-fibroblast,False,tabula,fibroblast
MT1X,eye-fibroblast,False,tabula,fibroblast
HSPA8,eye-fibroblast,False,tabula,fibroblast
MT1M,eye-fibroblast,False,tabula,fibroblast
PTGDS,eye-fibroblast,False,tabula,fibroblast
CLU,eye-fibroblast,False,tabula,fibroblast
DDX5,eye-fibroblast,False,tabula,fibroblast
NNMT,eye-fibroblast,False,tabula,fibroblast
SERPING1,eye-fibroblast,False,tabula,fibroblast
MT1E,eye-fibroblast,False,tabula,fibroblast
ID3,eye-fibroblast,False,tabula,fibroblast
RARRES1,eye-fibroblast,False,tabula,fibroblast
MT1G,eye-fibroblast,False,tabula,fibroblast
EMP1,eye-fibroblast,False,tabula,fibroblast
DNAJA1,eye-fibroblast,False,tabula,fibroblast
ATF3,eye-fibroblast,True,tabula,fibroblast
MYOC,eye-fibroblast,False,tabula,fibroblast
TSC22D1,eye-fibroblast,False,tabula,fibroblast
PTGS2,eye-fibroblast,False,tabula,fibroblast
COL6A2,eye-fibroblast,False,tabula,fibroblast
STEAP4,eye-fibroblast,False,tabula,fibroblast
ALDH3A1,eye-fibroblast,False,tabula,fibroblast
ENO1,eye-fibroblast,True,tabula,fibroblast
MMP3,eye-fibroblast,False,tabula,fibroblast
KERA,eye-fibroblast,False,tabula,fibroblast
ITGBL1,eye-fibroblast,False,tabula,fibroblast
COL12A1,eye-fibroblast,False,tabula,fibroblast
CFH,eye-fibroblast,False,tabula,fibroblast
ANGPTL7,eye-fibroblast,False,tabula,fibroblast
RPS8,trachea-smooth_muscle_cell,False,tabula,muscle
RPL21,trachea-smooth_muscle_cell,False,tabula,muscle
RPS9,trachea-smooth_muscle_cell,False,tabula,muscle
RPS6,trachea-smooth_muscle_cell,False,tabula,muscle
RPS7,trachea-smooth_muscle_cell,False,tabula,muscle
EEF1A1,trachea-smooth_muscle_cell,False,tabula,muscle
FAU,trachea-smooth_muscle_cell,False,tabula,muscle
S100A6,trachea-smooth_muscle_cell,False,tabula,muscle
RPL28,trachea-smooth_muscle_cell,False,tabula,muscle
RPL29,trachea-smooth_muscle_cell,False,tabula,muscle
RPL11,trachea-smooth_muscle_cell,False,tabula,muscle
RPL12,trachea-smooth_muscle_cell,False,tabula,muscle
RPL15,trachea-smooth_muscle_cell,False,tabula,muscle
RPL14,trachea-smooth_muscle_cell,False,tabula,muscle
RPS5,trachea-smooth_muscle_cell,False,tabula,muscle
RPS2,trachea-smooth_muscle_cell,False,tabula,muscle
RPS3,trachea-smooth_muscle_cell,False,tabula,muscle
B2M,trachea-smooth_muscle_cell,False,tabula,muscle
RPL19,trachea-smooth_muscle_cell,False,tabula,muscle
RPL18,trachea-smooth_muscle_cell,False,tabula,muscle
RPL41,trachea-smooth_muscle_cell,False,tabula,muscle
RPS27,trachea-smooth_muscle_cell,False,tabula,muscle
RPS29,trachea-smooth_muscle_cell,False,tabula,muscle
RPS28,trachea-smooth_muscle_cell,False,tabula,muscle
ND2,trachea-smooth_muscle_cell,False,tabula,muscle
ND1,trachea-smooth_muscle_cell,False,tabula,muscle
ND4,trachea-smooth_muscle_cell,False,tabula,muscle
RPS23,trachea-smooth_muscle_cell,False,tabula,muscle
ND3,trachea-smooth_muscle_cell,False,tabula,muscle
RPS24,trachea-smooth_muscle_cell,False,tabula,muscle
RPL5,trachea-smooth_muscle_cell,False,tabula,muscle
RPL6,trachea-smooth_muscle_cell,True,tabula,muscle
RPL3,trachea-smooth_muscle_cell,False,tabula,muscle
RPL30,trachea-smooth_muscle_cell,False,tabula,muscle
RPL32,trachea-smooth_muscle_cell,False,tabula,muscle
ATP6,trachea-smooth_muscle_cell,False,tabula,muscle
RPL34,trachea-smooth_muscle_cell,False,tabula,muscle
ACTG1,trachea-smooth_muscle_cell,False,tabula,muscle
RPL9,trachea-smooth_muscle_cell,False,tabula,muscle
RPL8,trachea-smooth_muscle_cell,False,tabula,muscle
RPS16,trachea-smooth_muscle_cell,False,tabula,muscle
RPS15,trachea-smooth_muscle_cell,False,tabula,muscle
RPS18,trachea-smooth_muscle_cell,False,tabula,muscle
RPS19,trachea-smooth_muscle_cell,False,tabula,muscle
FTH1,trachea-smooth_muscle_cell,False,tabula,muscle
RPL37,trachea-smooth_muscle_cell,False,tabula,muscle
COX3,trachea-smooth_muscle_cell,False,tabula,muscle
RPL36,trachea-smooth_muscle_cell,False,tabula,muscle
COX2,trachea-smooth_muscle_cell,False,tabula,muscle
RPL39,trachea-smooth_muscle_cell,False,tabula,muscle
COX1,trachea-smooth_muscle_cell,False,tabula,muscle
RPS14,trachea-smooth_muscle_cell,False,tabula,muscle
RPS13,trachea-smooth_muscle_cell,False,tabula,muscle
RPL13A,trachea-smooth_muscle_cell,False,tabula,muscle
RPS3A,trachea-smooth_muscle_cell,False,tabula,muscle
PTMA,trachea-smooth_muscle_cell,False,tabula,muscle
RPL37A,trachea-smooth_muscle_cell,False,tabula,muscle
CYTB,trachea-smooth_muscle_cell,False,tabula,muscle
RPS15A,trachea-smooth_muscle_cell,False,tabula,muscle
RPS27A,trachea-smooth_muscle_cell,False,tabula,muscle
H3-3B,trachea-smooth_muscle_cell,False,tabula,muscle
RPL35A,trachea-smooth_muscle_cell,False,tabula,muscle
RPL23A,trachea-smooth_muscle_cell,False,tabula,muscle
GAPDH,trachea-smooth_muscle_cell,False,tabula,muscle
TPT1,trachea-smooth_muscle_cell,False,tabula,muscle
RPLP2,trachea-smooth_muscle_cell,False,tabula,muscle
RPLP1,trachea-smooth_muscle_cell,False,tabula,muscle
RPL10A,trachea-smooth_muscle_cell,False,tabula,muscle
RPS4X,trachea-smooth_muscle_cell,True,tabula,muscle
TMSB4X,trachea-smooth_muscle_cell,False,tabula,muscle
RPL18A,trachea-smooth_muscle_cell,False,tabula,muscle
RPL7A,trachea-smooth_muscle_cell,False,tabula,muscle
MYL6,trachea-smooth_muscle_cell,False,tabula,muscle
VIM,trachea-smooth_muscle_cell,False,tabula,muscle
ZFP36,trachea-smooth_muscle_cell,False,tabula,muscle
JUND,trachea-smooth_muscle_cell,True,tabula,muscle
C11ORF96,trachea-smooth_muscle_cell,False,tabula,muscle
MT2A,trachea-smooth_muscle_cell,False,tabula,muscle
IGFBP7,trachea-smooth_muscle_cell,False,tabula,muscle
TMSB10,trachea-smooth_muscle_cell,False,tabula,muscle
JUN,trachea-smooth_muscle_cell,True,tabula,muscle
NFKBIA,trachea-smooth_muscle_cell,False,tabula,muscle
FOS,trachea-smooth_muscle_cell,True,tabula,muscle
CCL21,trachea-smooth_muscle_cell,False,tabula,muscle
TIMP1,trachea-smooth_muscle_cell,False,tabula,muscle
CD63,trachea-smooth_muscle_cell,False,tabula,muscle
LGALS1,trachea-smooth_muscle_cell,False,tabula,muscle
IER3,trachea-smooth_muscle_cell,False,tabula,muscle
RPS25,trachea-smooth_muscle_cell,False,tabula,muscle
IFITM3,trachea-smooth_muscle_cell,False,tabula,muscle
RPL26,trachea-smooth_muscle_cell,False,tabula,muscle
RPL35,trachea-smooth_muscle_cell,True,tabula,muscle
RPLP0,trachea-smooth_muscle_cell,False,tabula,muscle
MYL9,trachea-smooth_muscle_cell,False,tabula,muscle
TAGLN,trachea-smooth_muscle_cell,False,tabula,muscle
CALD1,trachea-smooth_muscle_cell,False,tabula,muscle
ACTA2,trachea-smooth_muscle_cell,False,tabula,muscle
IFITM2,trachea-smooth_muscle_cell,False,tabula,muscle
APOE,trachea-smooth_muscle_cell,False,tabula,muscle
CCL19,trachea-smooth_muscle_cell,False,tabula,muscle
RPS8,salivary_gland-fibroblast,False,tabula,fibroblast
RPL21,salivary_gland-fibroblast,False,tabula,fibroblast
RPS9,salivary_gland-fibroblast,False,tabula,fibroblast
RPS6,salivary_gland-fibroblast,False,tabula,fibroblast
EEF1A1,salivary_gland-fibroblast,False,tabula,fibroblast
S100A6,salivary_gland-fibroblast,False,tabula,fibroblast
RPL28,salivary_gland-fibroblast,False,tabula,fibroblast
RPL29,salivary_gland-fibroblast,False,tabula,fibroblast
RPL11,salivary_gland-fibroblast,False,tabula,fibroblast
RPL12,salivary_gland-fibroblast,False,tabula,fibroblast
RPL15,salivary_gland-fibroblast,False,tabula,fibroblast
RPL14,salivary_gland-fibroblast,False,tabula,fibroblast
RPS2,salivary_gland-fibroblast,False,tabula,fibroblast
RPS3,salivary_gland-fibroblast,False,tabula,fibroblast
RPL19,salivary_gland-fibroblast,False,tabula,fibroblast
RPL18,salivary_gland-fibroblast,False,tabula,fibroblast
RPL41,salivary_gland-fibroblast,False,tabula,fibroblast
EIF1,salivary_gland-fibroblast,False,tabula,fibroblast
RPS27,salivary_gland-fibroblast,False,tabula,fibroblast
RPS28,salivary_gland-fibroblast,False,tabula,fibroblast
ND2,salivary_gland-fibroblast,False,tabula,fibroblast
ND1,salivary_gland-fibroblast,False,tabula,fibroblast
FTL,salivary_gland-fibroblast,False,tabula,fibroblast
ND4,salivary_gland-fibroblast,False,tabula,fibroblast
RPS23,salivary_gland-fibroblast,False,tabula,fibroblast
ND3,salivary_gland-fibroblast,False,tabula,fibroblast
RPS24,salivary_gland-fibroblast,False,tabula,fibroblast
RPL5,salivary_gland-fibroblast,False,tabula,fibroblast
RPL6,salivary_gland-fibroblast,True,tabula,fibroblast
RPL3,salivary_gland-fibroblast,False,tabula,fibroblast
RPL30,salivary_gland-fibroblast,False,tabula,fibroblast
RPL32,salivary_gland-fibroblast,False,tabula,fibroblast
ATP6,salivary_gland-fibroblast,False,tabula,fibroblast
RPL34,salivary_gland-fibroblast,False,tabula,fibroblast
RPL9,salivary_gland-fibroblast,False,tabula,fibroblast
RPL8,salivary_gland-fibroblast,False,tabula,fibroblast
RPS16,salivary_gland-fibroblast,False,tabula,fibroblast
RPS15,salivary_gland-fibroblast,False,tabula,fibroblast
RPS18,salivary_gland-fibroblast,False,tabula,fibroblast
RPS19,salivary_gland-fibroblast,False,tabula,fibroblast
FTH1,salivary_gland-fibroblast,False,tabula,fibroblast
RPL37,salivary_gland-fibroblast,False,tabula,fibroblast
COX3,salivary_gland-fibroblast,False,tabula,fibroblast
COX2,salivary_gland-fibroblast,False,tabula,fibroblast
RPL39,salivary_gland-fibroblast,False,tabula,fibroblast
COX1,salivary_gland-fibroblast,False,tabula,fibroblast
RPS11,salivary_gland-fibroblast,False,tabula,fibroblast
RPS14,salivary_gland-fibroblast,False,tabula,fibroblast
RPS13,salivary_gland-fibroblast,False,tabula,fibroblast
RPL13A,salivary_gland-fibroblast,False,tabula,fibroblast
RPS3A,salivary_gland-fibroblast,False,tabula,fibroblast
RPL37A,salivary_gland-fibroblast,False,tabula,fibroblast
CYTB,salivary_gland-fibroblast,False,tabula,fibroblast
RPS15A,salivary_gland-fibroblast,False,tabula,fibroblast
RPS27A,salivary_gland-fibroblast,False,tabula,fibroblast
RPL35A,salivary_gland-fibroblast,False,tabula,fibroblast
TPT1,salivary_gland-fibroblast,False,tabula,fibroblast
RPLP2,salivary_gland-fibroblast,False,tabula,fibroblast
RPLP1,salivary_gland-fibroblast,False,tabula,fibroblast
RPL10A,salivary_gland-fibroblast,False,tabula,fibroblast
RPS4X,salivary_gland-fibroblast,True,tabula,fibroblast
TMSB4X,salivary_gland-fibroblast,False,tabula,fibroblast
RPL18A,salivary_gland-fibroblast,False,tabula,fibroblast
RACK1,salivary_gland-fibroblast,False,tabula,fibroblast
RPL7A,salivary_gland-fibroblast,False,tabula,fibroblast
GSN,salivary_gland-fibroblast,False,tabula,fibroblast
VIM,salivary_gland-fibroblast,False,tabula,fibroblast
SPARCL1,salivary_gland-fibroblast,False,tabula,fibroblast
MT2A,salivary_gland-fibroblast,False,tabula,fibroblast
IGFBP7,salivary_gland-fibroblast,False,tabula,fibroblast
JUN,salivary_gland-fibroblast,True,tabula,fibroblast
FOS,salivary_gland-fibroblast,True,tabula,fibroblast
MGP,salivary_gland-fibroblast,False,tabula,fibroblast
IGFBP6,salivary_gland-fibroblast,False,tabula,fibroblast
APOD,salivary_gland-fibroblast,False,tabula,fibroblast
PLA2G2A,salivary_gland-fibroblast,False,tabula,fibroblast
DCN,salivary_gland-fibroblast,False,tabula,fibroblast
FOSB,salivary_gland-fibroblast,True,tabula,fibroblast
CST3,salivary_gland-fibroblast,False,tabula,fibroblast
IFITM3,salivary_gland-fibroblast,False,tabula,fibroblast
RPL26,salivary_gland-fibroblast,False,tabula,fibroblast
RPLP0,salivary_gland-fibroblast,False,tabula,fibroblast
IGFBP5,salivary_gland-fibroblast,False,tabula,fibroblast
TXNIP,salivary_gland-fibroblast,False,tabula,fibroblast
ADH1B,salivary_gland-fibroblast,False,tabula,fibroblast
GPX3,salivary_gland-fibroblast,False,tabula,fibroblast
TIMP3,salivary_gland-fibroblast,False,tabula,fibroblast
APOE,salivary_gland-fibroblast,False,tabula,fibroblast
MGST1,salivary_gland-fibroblast,False,tabula,fibroblast
COL4A1,salivary_gland-fibroblast,False,tabula,fibroblast
COL4A2,salivary_gland-fibroblast,False,tabula,fibroblast
STATH,salivary_gland-fibroblast,False,tabula,fibroblast
PRB4,salivary_gland-fibroblast,False,tabula,fibroblast
PRB3,salivary_gland-fibroblast,False,tabula,fibroblast
COL6A3,salivary_gland-fibroblast,False,tabula,fibroblast
SERPINF1,salivary_gland-fibroblast,False,tabula,fibroblast
IGF1,salivary_gland-fibroblast,False,tabula,fibroblast
CXCL14,salivary_gland-fibroblast,False,tabula,fibroblast
HTN1,salivary_gland-fibroblast,False,tabula,fibroblast
HTN3,salivary_gland-fibroblast,False,tabula,fibroblast
RPS8,tongue-fibroblast,False,tabula,fibroblast
RPL21,tongue-fibroblast,False,tabula,fibroblast
RPS9,tongue-fibroblast,False,tabula,fibroblast
RPS6,tongue-fibroblast,False,tabula,fibroblast
EEF1A1,tongue-fibroblast,False,tabula,fibroblast
FAU,tongue-fibroblast,False,tabula,fibroblast
S100A6,tongue-fibroblast,False,tabula,fibroblast
RPL28,tongue-fibroblast,False,tabula,fibroblast
RPL29,tongue-fibroblast,False,tabula,fibroblast
RPL11,tongue-fibroblast,False,tabula,fibroblast
RPL12,tongue-fibroblast,False,tabula,fibroblast
RPL14,tongue-fibroblast,False,tabula,fibroblast
RPS5,tongue-fibroblast,False,tabula,fibroblast
RPS2,tongue-fibroblast,False,tabula,fibroblast
RPS3,tongue-fibroblast,False,tabula,fibroblast
B2M,tongue-fibroblast,False,tabula,fibroblast
RPL19,tongue-fibroblast,False,tabula,fibroblast
RPL18,tongue-fibroblast,False,tabula,fibroblast
RPL41,tongue-fibroblast,False,tabula,fibroblast
EIF1,tongue-fibroblast,False,tabula,fibroblast
RPS27,tongue-fibroblast,False,tabula,fibroblast
RPS29,tongue-fibroblast,False,tabula,fibroblast
RPS28,tongue-fibroblast,False,tabula,fibroblast
ND2,tongue-fibroblast,False,tabula,fibroblast
RPS21,tongue-fibroblast,False,tabula,fibroblast
ND1,tongue-fibroblast,False,tabula,fibroblast
FTL,tongue-fibroblast,False,tabula,fibroblast
ND4,tongue-fibroblast,False,tabula,fibroblast
RPS23,tongue-fibroblast,False,tabula,fibroblast
ND3,tongue-fibroblast,False,tabula,fibroblast
ND5,tongue-fibroblast,False,tabula,fibroblast
RPS24,tongue-fibroblast,False,tabula,fibroblast
RPL5,tongue-fibroblast,False,tabula,fibroblast
RPL6,tongue-fibroblast,True,tabula,fibroblast
RPL3,tongue-fibroblast,False,tabula,fibroblast
RPL30,tongue-fibroblast,False,tabula,fibroblast
RPL32,tongue-fibroblast,False,tabula,fibroblast
ATP6,tongue-fibroblast,False,tabula,fibroblast
RPL34,tongue-fibroblast,False,tabula,fibroblast
RPL9,tongue-fibroblast,False,tabula,fibroblast
RPL8,tongue-fibroblast,False,tabula,fibroblast
RPS16,tongue-fibroblast,False,tabula,fibroblast
RPS15,tongue-fibroblast,False,tabula,fibroblast
RPS18,tongue-fibroblast,False,tabula,fibroblast
RPS19,tongue-fibroblast,False,tabula,fibroblast
FTH1,tongue-fibroblast,False,tabula,fibroblast
RPL37,tongue-fibroblast,False,tabula,fibroblast
COX3,tongue-fibroblast,False,tabula,fibroblast
RPL36,tongue-fibroblast,False,tabula,fibroblast
COX2,tongue-fibroblast,False,tabula,fibroblast
RPL39,tongue-fibroblast,False,tabula,fibroblast
COX1,tongue-fibroblast,False,tabula,fibroblast
RPS11,tongue-fibroblast,False,tabula,fibroblast
RPS14,tongue-fibroblast,False,tabula,fibroblast
RPS13,tongue-fibroblast,False,tabula,fibroblast
RPL13A,tongue-fibroblast,False,tabula,fibroblast
PTMA,tongue-fibroblast,False,tabula,fibroblast
RPL37A,tongue-fibroblast,False,tabula,fibroblast
CYTB,tongue-fibroblast,False,tabula,fibroblast
RPS15A,tongue-fibroblast,False,tabula,fibroblast
RPS27A,tongue-fibroblast,False,tabula,fibroblast
RPL35A,tongue-fibroblast,False,tabula,fibroblast
TPT1,tongue-fibroblast,False,tabula,fibroblast
RPLP2,tongue-fibroblast,False,tabula,fibroblast
RPLP1,tongue-fibroblast,False,tabula,fibroblast
RPL10A,tongue-fibroblast,False,tabula,fibroblast
RPS4X,tongue-fibroblast,True,tabula,fibroblast
RPL18A,tongue-fibroblast,False,tabula,fibroblast
RACK1,tongue-fibroblast,False,tabula,fibroblast
RPL7A,tongue-fibroblast,False,tabula,fibroblast
GSN,tongue-fibroblast,False,tabula,fibroblast
VIM,tongue-fibroblast,False,tabula,fibroblast
SPARCL1,tongue-fibroblast,False,tabula,fibroblast
ZFP36,tongue-fibroblast,False,tabula,fibroblast
JUND,tongue-fibroblast,True,tabula,fibroblast
MT2A,tongue-fibroblast,False,tabula,fibroblast
IGFBP7,tongue-fibroblast,False,tabula,fibroblast
JUN,tongue-fibroblast,True,tabula,fibroblast
FOS,tongue-fibroblast,True,tabula,fibroblast
CEBPD,tongue-fibroblast,True,tabula,fibroblast
COL1A2,tongue-fibroblast,False,tabula,fibroblast
MGP,tongue-fibroblast,False,tabula,fibroblast
LGALS1,tongue-fibroblast,False,tabula,fibroblast
APOD,tongue-fibroblast,False,tabula,fibroblast
PLA2G2A,tongue-fibroblast,False,tabula,fibroblast
DCN,tongue-fibroblast,False,tabula,fibroblast
SOD2,tongue-fibroblast,False,tabula,fibroblast
FOSB,tongue-fibroblast,True,tabula,fibroblast
C1R,tongue-fibroblast,False,tabula,fibroblast
CST3,tongue-fibroblast,False,tabula,fibroblast
HSPA1A,tongue-fibroblast,False,tabula,fibroblast
IFITM3,tongue-fibroblast,False,tabula,fibroblast
MT1X,tongue-fibroblast,False,tabula,fibroblast
COL3A1,tongue-fibroblast,False,tabula,fibroblast
RPL27A,tongue-fibroblast,False,tabula,fibroblast
RPL35,tongue-fibroblast,True,tabula,fibroblast
ADH1B,tongue-fibroblast,False,tabula,fibroblast
GPX3,tongue-fibroblast,False,tabula,fibroblast
IGFBP2,tongue-fibroblast,False,tabula,fibroblast
COL1A1,tongue-fibroblast,False,tabula,fibroblast
RPS8,tongue-tongue_muscle_cell,False,tabula,muscle
RPL21,tongue-tongue_muscle_cell,False,tabula,muscle
RPS9,tongue-tongue_muscle_cell,False,tabula,muscle
RPS6,tongue-tongue_muscle_cell,False,tabula,muscle
RPS7,tongue-tongue_muscle_cell,False,tabula,muscle
RPSA,tongue-tongue_muscle_cell,False,tabula,muscle
EEF1A1,tongue-tongue_muscle_cell,False,tabula,muscle
FAU,tongue-tongue_muscle_cell,False,tabula,muscle
S100A6,tongue-tongue_muscle_cell,False,tabula,muscle
RPL28,tongue-tongue_muscle_cell,False,tabula,muscle
RPL29,tongue-tongue_muscle_cell,False,tabula,muscle
RPL11,tongue-tongue_muscle_cell,False,tabula,muscle
RPL12,tongue-tongue_muscle_cell,False,tabula,muscle
RPL15,tongue-tongue_muscle_cell,False,tabula,muscle
RPL14,tongue-tongue_muscle_cell,False,tabula,muscle
RPS5,tongue-tongue_muscle_cell,False,tabula,muscle
RPS2,tongue-tongue_muscle_cell,False,tabula,muscle
RPS3,tongue-tongue_muscle_cell,False,tabula,muscle
RPL19,tongue-tongue_muscle_cell,False,tabula,muscle
RPL18,tongue-tongue_muscle_cell,False,tabula,muscle
RPL41,tongue-tongue_muscle_cell,False,tabula,muscle
EIF1,tongue-tongue_muscle_cell,False,tabula,muscle
RPS27,tongue-tongue_muscle_cell,False,tabula,muscle
RPS29,tongue-tongue_muscle_cell,False,tabula,muscle
RPS28,tongue-tongue_muscle_cell,False,tabula,muscle
NACA,tongue-tongue_muscle_cell,False,tabula,muscle
ND2,tongue-tongue_muscle_cell,False,tabula,muscle
RPS21,tongue-tongue_muscle_cell,False,tabula,muscle
ND1,tongue-tongue_muscle_cell,False,tabula,muscle
FTL,tongue-tongue_muscle_cell,False,tabula,muscle
ND4,tongue-tongue_muscle_cell,False,tabula,muscle
RPS23,tongue-tongue_muscle_cell,False,tabula,muscle
ND3,tongue-tongue_muscle_cell,False,tabula,muscle
ND5,tongue-tongue_muscle_cell,False,tabula,muscle
RPS24,tongue-tongue_muscle_cell,False,tabula,muscle
RPL5,tongue-tongue_muscle_cell,False,tabula,muscle
RPL6,tongue-tongue_muscle_cell,True,tabula,muscle
RPL3,tongue-tongue_muscle_cell,False,tabula,muscle
RPL30,tongue-tongue_muscle_cell,False,tabula,muscle
RPL32,tongue-tongue_muscle_cell,False,tabula,muscle
ATP6,tongue-tongue_muscle_cell,False,tabula,muscle
RPL34,tongue-tongue_muscle_cell,False,tabula,muscle
ACTG1,tongue-tongue_muscle_cell,False,tabula,muscle
RPL9,tongue-tongue_muscle_cell,False,tabula,muscle
RPL8,tongue-tongue_muscle_cell,False,tabula,muscle
RPS16,tongue-tongue_muscle_cell,False,tabula,muscle
RPS15,tongue-tongue_muscle_cell,False,tabula,muscle
RPS18,tongue-tongue_muscle_cell,False,tabula,muscle
RPS19,tongue-tongue_muscle_cell,False,tabula,muscle
FTH1,tongue-tongue_muscle_cell,False,tabula,muscle
RPL37,tongue-tongue_muscle_cell,False,tabula,muscle
COX3,tongue-tongue_muscle_cell,False,tabula,muscle
RPL36,tongue-tongue_muscle_cell,False,tabula,muscle
COX2,tongue-tongue_muscle_cell,False,tabula,muscle
RPL39,tongue-tongue_muscle_cell,False,tabula,muscle
COX1,tongue-tongue_muscle_cell,False,tabula,muscle
RPS11,tongue-tongue_muscle_cell,False,tabula,muscle
RPS14,tongue-tongue_muscle_cell,False,tabula,muscle
RPS13,tongue-tongue_muscle_cell,False,tabula,muscle
RPL13A,tongue-tongue_muscle_cell,False,tabula,muscle
RPS3A,tongue-tongue_muscle_cell,False,tabula,muscle
PTMA,tongue-tongue_muscle_cell,False,tabula,muscle
RPL37A,tongue-tongue_muscle_cell,False,tabula,muscle
CYTB,tongue-tongue_muscle_cell,False,tabula,muscle
BTG2,tongue-tongue_muscle_cell,False,tabula,muscle
RPS15A,tongue-tongue_muscle_cell,False,tabula,muscle
RPS27A,tongue-tongue_muscle_cell,False,tabula,muscle
RPL35A,tongue-tongue_muscle_cell,False,tabula,muscle
RPL23A,tongue-tongue_muscle_cell,False,tabula,muscle
TPT1,tongue-tongue_muscle_cell,False,tabula,muscle
RPLP2,tongue-tongue_muscle_cell,False,tabula,muscle
RPLP1,tongue-tongue_muscle_cell,False,tabula,muscle
RPL10A,tongue-tongue_muscle_cell,False,tabula,muscle
RPS4X,tongue-tongue_muscle_cell,True,tabula,muscle
RPL18A,tongue-tongue_muscle_cell,False,tabula,muscle
RACK1,tongue-tongue_muscle_cell,False,tabula,muscle
RPL7A,tongue-tongue_muscle_cell,False,tabula,muscle
VIM,tongue-tongue_muscle_cell,False,tabula,muscle
SPARCL1,tongue-tongue_muscle_cell,False,tabula,muscle
ZFP36,tongue-tongue_muscle_cell,False,tabula,muscle
JUND,tongue-tongue_muscle_cell,True,tabula,muscle
MT2A,tongue-tongue_muscle_cell,False,tabula,muscle
JUN,tongue-tongue_muscle_cell,True,tabula,muscle
FOS,tongue-tongue_muscle_cell,True,tabula,muscle
CEBPD,tongue-tongue_muscle_cell,True,tabula,muscle
FOSB,tongue-tongue_muscle_cell,True,tabula,muscle
RPS20,tongue-tongue_muscle_cell,False,tabula,muscle
UBA52,tongue-tongue_muscle_cell,False,tabula,muscle
MT1X,tongue-tongue_muscle_cell,False,tabula,muscle
RPL26,tongue-tongue_muscle_cell,False,tabula,muscle
RPL27A,tongue-tongue_muscle_cell,False,tabula,muscle
RPL35,tongue-tongue_muscle_cell,True,tabula,muscle
RPLP0,tongue-tongue_muscle_cell,False,tabula,muscle
IGFBP5,tongue-tongue_muscle_cell,False,tabula,muscle
MT1M,tongue-tongue_muscle_cell,False,tabula,muscle
RPL38,tongue-tongue_muscle_cell,False,tabula,muscle
NNMT,tongue-tongue_muscle_cell,False,tabula,muscle
APOE,tongue-tongue_muscle_cell,False,tabula,muscle
APOC1,tongue-tongue_muscle_cell,False,tabula,muscle
MT1E,tongue-tongue_muscle_cell,False,tabula,muscle
RPS8,prostate-fibroblast,False,tabula,fibroblast
RPL21,prostate-fibroblast,False,tabula,fibroblast
RPS9,prostate-fibroblast,False,tabula,fibroblast
RPS6,prostate-fibroblast,False,tabula,fibroblast
EEF1A1,prostate-fibroblast,False,tabula,fibroblast
FAU,prostate-fibroblast,False,tabula,fibroblast
S100A6,prostate-fibroblast,False,tabula,fibroblast
RPL28,prostate-fibroblast,False,tabula,fibroblast
RPL29,prostate-fibroblast,False,tabula,fibroblast
RPL11,prostate-fibroblast,False,tabula,fibroblast
RPL12,prostate-fibroblast,False,tabula,fibroblast
RPL15,prostate-fibroblast,False,tabula,fibroblast
RPL14,prostate-fibroblast,False,tabula,fibroblast
RPS2,prostate-fibroblast,False,tabula,fibroblast
RPS3,prostate-fibroblast,False,tabula,fibroblast
B2M,prostate-fibroblast,False,tabula,fibroblast
RPL19,prostate-fibroblast,False,tabula,fibroblast
RPL18,prostate-fibroblast,False,tabula,fibroblast
RPL41,prostate-fibroblast,False,tabula,fibroblast
EIF1,prostate-fibroblast,False,tabula,fibroblast
RPS27,prostate-fibroblast,False,tabula,fibroblast
RPS28,prostate-fibroblast,False,tabula,fibroblast
NACA,prostate-fibroblast,False,tabula,fibroblast
ND2,prostate-fibroblast,False,tabula,fibroblast
RPS21,prostate-fibroblast,False,tabula,fibroblast
ND1,prostate-fibroblast,False,tabula,fibroblast
FTL,prostate-fibroblast,False,tabula,fibroblast
ND4,prostate-fibroblast,False,tabula,fibroblast
RPS23,prostate-fibroblast,False,tabula,fibroblast
ND3,prostate-fibroblast,False,tabula,fibroblast
ND5,prostate-fibroblast,False,tabula,fibroblast
RPS24,prostate-fibroblast,False,tabula,fibroblast
RPL5,prostate-fibroblast,False,tabula,fibroblast
RPL6,prostate-fibroblast,True,tabula,fibroblast
RPL3,prostate-fibroblast,False,tabula,fibroblast
RPL30,prostate-fibroblast,False,tabula,fibroblast
RPL32,prostate-fibroblast,False,tabula,fibroblast
ATP6,prostate-fibroblast,False,tabula,fibroblast
RPL34,prostate-fibroblast,False,tabula,fibroblast
RPL9,prostate-fibroblast,False,tabula,fibroblast
RPL8,prostate-fibroblast,False,tabula,fibroblast
RPS16,prostate-fibroblast,False,tabula,fibroblast
RPS15,prostate-fibroblast,False,tabula,fibroblast
RPS18,prostate-fibroblast,False,tabula,fibroblast
RPS19,prostate-fibroblast,False,tabula,fibroblast
FTH1,prostate-fibroblast,False,tabula,fibroblast
RPL37,prostate-fibroblast,False,tabula,fibroblast
COX3,prostate-fibroblast,False,tabula,fibroblast
RPL36,prostate-fibroblast,False,tabula,fibroblast
COX2,prostate-fibroblast,False,tabula,fibroblast
RPL39,prostate-fibroblast,False,tabula,fibroblast
COX1,prostate-fibroblast,False,tabula,fibroblast
RPS11,prostate-fibroblast,False,tabula,fibroblast
RPS14,prostate-fibroblast,False,tabula,fibroblast
RPS13,prostate-fibroblast,False,tabula,fibroblast
RPL13A,prostate-fibroblast,False,tabula,fibroblast
RPS3A,prostate-fibroblast,False,tabula,fibroblast
PTMA,prostate-fibroblast,False,tabula,fibroblast
RPL37A,prostate-fibroblast,False,tabula,fibroblast
CYTB,prostate-fibroblast,False,tabula,fibroblast
RPS15A,prostate-fibroblast,False,tabula,fibroblast
RPS27A,prostate-fibroblast,False,tabula,fibroblast
H3-3B,prostate-fibroblast,False,tabula,fibroblast
RPL35A,prostate-fibroblast,False,tabula,fibroblast
TPT1,prostate-fibroblast,False,tabula,fibroblast
RPLP2,prostate-fibroblast,False,tabula,fibroblast
RPLP1,prostate-fibroblast,False,tabula,fibroblast
RPL10A,prostate-fibroblast,False,tabula,fibroblast
RPS4X,prostate-fibroblast,True,tabula,fibroblast
TMSB4X,prostate-fibroblast,False,tabula,fibroblast
RPL18A,prostate-fibroblast,False,tabula,fibroblast
RACK1,prostate-fibroblast,False,tabula,fibroblast
RPL7A,prostate-fibroblast,False,tabula,fibroblast
VIM,prostate-fibroblast,False,tabula,fibroblast
SPARCL1,prostate-fibroblast,False,tabula,fibroblast
ZFP36,prostate-fibroblast,False,tabula,fibroblast
JUND,prostate-fibroblast,True,tabula,fibroblast
IGFBP7,prostate-fibroblast,False,tabula,fibroblast
JUN,prostate-fibroblast,True,tabula,fibroblast
FOS,prostate-fibroblast,True,tabula,fibroblast
CEBPD,prostate-fibroblast,True,tabula,fibroblast
MGP,prostate-fibroblast,False,tabula,fibroblast
FBLN1,prostate-fibroblast,False,tabula,fibroblast
IGFBP6,prostate-fibroblast,False,tabula,fibroblast
LGALS1,prostate-fibroblast,False,tabula,fibroblast
APOD,prostate-fibroblast,False,tabula,fibroblast
DCN,prostate-fibroblast,False,tabula,fibroblast
FOSB,prostate-fibroblast,True,tabula,fibroblast
CST3,prostate-fibroblast,False,tabula,fibroblast
HSP90AA1,prostate-fibroblast,False,tabula,fibroblast
HSP90AB1,prostate-fibroblast,False,tabula,fibroblast
EGR1,prostate-fibroblast,True,tabula,fibroblast
RPL26,prostate-fibroblast,False,tabula,fibroblast
IGFBP5,prostate-fibroblast,False,tabula,fibroblast
PTGDS,prostate-fibroblast,False,tabula,fibroblast
ITM2B,prostate-fibroblast,False,tabula,fibroblast
TXNIP,prostate-fibroblast,False,tabula,fibroblast
IGFBP2,prostate-fibroblast,False,tabula,fibroblast
CD81,prostate-fibroblast,False,tabula,fibroblast
PTN,prostate-fibroblast,False,tabula,fibroblast
RPS8,prostate-smooth_muscle_cell,False,tabula,muscle
RPL21,prostate-smooth_muscle_cell,False,tabula,muscle
RPS9,prostate-smooth_muscle_cell,False,tabula,muscle
RPS6,prostate-smooth_muscle_cell,False,tabula,muscle
EEF1A1,prostate-smooth_muscle_cell,False,tabula,muscle
FAU,prostate-smooth_muscle_cell,False,tabula,muscle
S100A6,prostate-smooth_muscle_cell,False,tabula,muscle
RPL28,prostate-smooth_muscle_cell,False,tabula,muscle
RPL29,prostate-smooth_muscle_cell,False,tabula,muscle
RPL11,prostate-smooth_muscle_cell,False,tabula,muscle
RPL12,prostate-smooth_muscle_cell,False,tabula,muscle
RPL15,prostate-smooth_muscle_cell,False,tabula,muscle
RPS3,prostate-smooth_muscle_cell,False,tabula,muscle
B2M,prostate-smooth_muscle_cell,False,tabula,muscle
RPL19,prostate-smooth_muscle_cell,False,tabula,muscle
RPL18,prostate-smooth_muscle_cell,False,tabula,muscle
RPL41,prostate-smooth_muscle_cell,False,tabula,muscle
EIF1,prostate-smooth_muscle_cell,False,tabula,muscle
RPS27,prostate-smooth_muscle_cell,False,tabula,muscle
RPS28,prostate-smooth_muscle_cell,False,tabula,muscle
NACA,prostate-smooth_muscle_cell,False,tabula,muscle
ND2,prostate-smooth_muscle_cell,False,tabula,muscle
ND1,prostate-smooth_muscle_cell,False,tabula,muscle
FTL,prostate-smooth_muscle_cell,False,tabula,muscle
ND4,prostate-smooth_muscle_cell,False,tabula,muscle
RPS23,prostate-smooth_muscle_cell,False,tabula,muscle
ND3,prostate-smooth_muscle_cell,False,tabula,muscle
ND5,prostate-smooth_muscle_cell,False,tabula,muscle
RPS24,prostate-smooth_muscle_cell,False,tabula,muscle
RPL5,prostate-smooth_muscle_cell,False,tabula,muscle
RPL3,prostate-smooth_muscle_cell,False,tabula,muscle
RPL30,prostate-smooth_muscle_cell,False,tabula,muscle
RPL32,prostate-smooth_muscle_cell,False,tabula,muscle
ATP6,prostate-smooth_muscle_cell,False,tabula,muscle
RPL34,prostate-smooth_muscle_cell,False,tabula,muscle
ACTG1,prostate-smooth_muscle_cell,False,tabula,muscle
RPL9,prostate-smooth_muscle_cell,False,tabula,muscle
RPL8,prostate-smooth_muscle_cell,False,tabula,muscle
RPS16,prostate-smooth_muscle_cell,False,tabula,muscle
RPS15,prostate-smooth_muscle_cell,False,tabula,muscle
RPS18,prostate-smooth_muscle_cell,False,tabula,muscle
RPS19,prostate-smooth_muscle_cell,False,tabula,muscle
FTH1,prostate-smooth_muscle_cell,False,tabula,muscle
RPL37,prostate-smooth_muscle_cell,False,tabula,muscle
COX3,prostate-smooth_muscle_cell,False,tabula,muscle
COX2,prostate-smooth_muscle_cell,False,tabula,muscle
COX1,prostate-smooth_muscle_cell,False,tabula,muscle
RPS11,prostate-smooth_muscle_cell,False,tabula,muscle
RPS14,prostate-smooth_muscle_cell,False,tabula,muscle
RPS13,prostate-smooth_muscle_cell,False,tabula,muscle
RPL13A,prostate-smooth_muscle_cell,False,tabula,muscle
RPS3A,prostate-smooth_muscle_cell,False,tabula,muscle
PTMA,prostate-smooth_muscle_cell,False,tabula,muscle
RPL37A,prostate-smooth_muscle_cell,False,tabula,muscle
CYTB,prostate-smooth_muscle_cell,False,tabula,muscle
RPS27A,prostate-smooth_muscle_cell,False,tabula,muscle
H3-3B,prostate-smooth_muscle_cell,False,tabula,muscle
RPL35A,prostate-smooth_muscle_cell,False,tabula,muscle
TPT1,prostate-smooth_muscle_cell,False,tabula,muscle
RPLP1,prostate-smooth_muscle_cell,False,tabula,muscle
ADIRF,prostate-smooth_muscle_cell,False,tabula,muscle
RPS4X,prostate-smooth_muscle_cell,True,tabula,muscle
TMSB4X,prostate-smooth_muscle_cell,False,tabula,muscle
RPL18A,prostate-smooth_muscle_cell,False,tabula,muscle
RPL7A,prostate-smooth_muscle_cell,False,tabula,muscle
MYL6,prostate-smooth_muscle_cell,False,tabula,muscle
VIM,prostate-smooth_muscle_cell,False,tabula,muscle
SPARCL1,prostate-smooth_muscle_cell,False,tabula,muscle
ZFP36,prostate-smooth_muscle_cell,False,tabula,muscle
JUND,prostate-smooth_muscle_cell,True,tabula,muscle
C11ORF96,prostate-smooth_muscle_cell,False,tabula,muscle
MT2A,prostate-smooth_muscle_cell,False,tabula,muscle
IGFBP7,prostate-smooth_muscle_cell,False,tabula,muscle
JUN,prostate-smooth_muscle_cell,True,tabula,muscle
FOS,prostate-smooth_muscle_cell,True,tabula,muscle
GADD45B,prostate-smooth_muscle_cell,False,tabula,muscle
CEBPD,prostate-smooth_muscle_cell,True,tabula,muscle
MGP,prostate-smooth_muscle_cell,False,tabula,muscle
IGFBP6,prostate-smooth_muscle_cell,False,tabula,muscle
LGALS1,prostate-smooth_muscle_cell,False,tabula,muscle
FOSB,prostate-smooth_muscle_cell,True,tabula,muscle
CST3,prostate-smooth_muscle_cell,False,tabula,muscle
HSPA1A,prostate-smooth_muscle_cell,False,tabula,muscle
HSP90AA1,prostate-smooth_muscle_cell,False,tabula,muscle
BTG1,prostate-smooth_muscle_cell,False,tabula,muscle
EGR1,prostate-smooth_muscle_cell,True,tabula,muscle
TPM2,prostate-smooth_muscle_cell,False,tabula,muscle
MYL9,prostate-smooth_muscle_cell,False,tabula,muscle
TAGLN,prostate-smooth_muscle_cell,False,tabula,muscle
TPM1,prostate-smooth_muscle_cell,False,tabula,muscle
MYH11,prostate-smooth_muscle_cell,False,tabula,muscle
IGFBP5,prostate-smooth_muscle_cell,False,tabula,muscle
DSTN,prostate-smooth_muscle_cell,False,tabula,muscle
RGS5,prostate-smooth_muscle_cell,False,tabula,muscle
CALD1,prostate-smooth_muscle_cell,False,tabula,muscle
ACTA2,prostate-smooth_muscle_cell,False,tabula,muscle
KLF2,prostate-smooth_muscle_cell,True,tabula,muscle
TXNIP,prostate-smooth_muscle_cell,False,tabula,muscle
TIMP3,prostate-smooth_muscle_cell,False,tabula,muscle
RHOB,prostate-smooth_muscle_cell,False,tabula,muscle
EEF1A1,pancreas-fibroblast,False,tabula,fibroblast
S100A6,pancreas-fibroblast,False,tabula,fibroblast
RPL41,pancreas-fibroblast,False,tabula,fibroblast
ND2,pancreas-fibroblast,False,tabula,fibroblast
ND1,pancreas-fibroblast,False,tabula,fibroblast
ND4,pancreas-fibroblast,False,tabula,fibroblast
ND3,pancreas-fibroblast,False,tabula,fibroblast
ND5,pancreas-fibroblast,False,tabula,fibroblast
ATP6,pancreas-fibroblast,False,tabula,fibroblast
ACTG1,pancreas-fibroblast,False,tabula,fibroblast
FTH1,pancreas-fibroblast,False,tabula,fibroblast
COX3,pancreas-fibroblast,False,tabula,fibroblast
COX2,pancreas-fibroblast,False,tabula,fibroblast
COX1,pancreas-fibroblast,False,tabula,fibroblast
CYTB,pancreas-fibroblast,False,tabula,fibroblast
ND4L,pancreas-fibroblast,False,tabula,fibroblast
GSN,pancreas-fibroblast,False,tabula,fibroblast
VIM,pancreas-fibroblast,False,tabula,fibroblast
SPARCL1,pancreas-fibroblast,False,tabula,fibroblast
ZFP36,pancreas-fibroblast,False,tabula,fibroblast
MT2A,pancreas-fibroblast,False,tabula,fibroblast
IGFBP7,pancreas-fibroblast,False,tabula,fibroblast
FOS,pancreas-fibroblast,True,tabula,fibroblast
TIMP1,pancreas-fibroblast,False,tabula,fibroblast
CEBPD,pancreas-fibroblast,True,tabula,fibroblast
COL1A2,pancreas-fibroblast,False,tabula,fibroblast
SFRP2,pancreas-fibroblast,False,tabula,fibroblast
MGP,pancreas-fibroblast,False,tabula,fibroblast
FBLN1,pancreas-fibroblast,False,tabula,fibroblast
APOD,pancreas-fibroblast,False,tabula,fibroblast
DCN,pancreas-fibroblast,False,tabula,fibroblast
C1R,pancreas-fibroblast,False,tabula,fibroblast
THBS1,pancreas-fibroblast,False,tabula,fibroblast
PDGFRA,pancreas-fibroblast,False,tabula,fibroblast
IFITM3,pancreas-fibroblast,False,tabula,fibroblast
EGR1,pancreas-fibroblast,True,tabula,fibroblast
MT1X,pancreas-fibroblast,False,tabula,fibroblast
A2M,pancreas-fibroblast,False,tabula,fibroblast
COL3A1,pancreas-fibroblast,False,tabula,fibroblast
CEBPB,pancreas-fibroblast,True,tabula,fibroblast
ADAMTS1,pancreas-fibroblast,False,tabula,fibroblast
IGFBP5,pancreas-fibroblast,False,tabula,fibroblast
CALD1,pancreas-fibroblast,False,tabula,fibroblast
CCL2,pancreas-fibroblast,False,tabula,fibroblast
ZFP36L2,pancreas-fibroblast,False,tabula,fibroblast
TXNIP,pancreas-fibroblast,False,tabula,fibroblast
NAMPT,pancreas-fibroblast,False,tabula,fibroblast
DDX5,pancreas-fibroblast,False,tabula,fibroblast
CCDC80,pancreas-fibroblast,False,tabula,fibroblast
C3,pancreas-fibroblast,False,tabula,fibroblast
NNMT,pancreas-fibroblast,False,tabula,fibroblast
ADH1B,pancreas-fibroblast,False,tabula,fibroblast
CCN2,pancreas-fibroblast,False,tabula,fibroblast
GPX3,pancreas-fibroblast,False,tabula,fibroblast
TIMP3,pancreas-fibroblast,False,tabula,fibroblast
EDNRB,pancreas-fibroblast,False,tabula,fibroblast
PDGFRB,pancreas-fibroblast,False,tabula,fibroblast
COL4A1,pancreas-fibroblast,False,tabula,fibroblast
COL4A2,pancreas-fibroblast,False,tabula,fibroblast
HNRNPA2B1,pancreas-fibroblast,False,tabula,fibroblast
ND6,pancreas-fibroblast,False,tabula,fibroblast
COL6A3,pancreas-fibroblast,False,tabula,fibroblast
COL1A1,pancreas-fibroblast,False,tabula,fibroblast
COL6A1,pancreas-fibroblast,False,tabula,fibroblast
IGFBP4,pancreas-fibroblast,False,tabula,fibroblast
PRSS2,pancreas-fibroblast,False,tabula,fibroblast
CLPS,pancreas-fibroblast,False,tabula,fibroblast
REG1A,pancreas-fibroblast,False,tabula,fibroblast
DST,pancreas-fibroblast,False,tabula,fibroblast
MCL1,pancreas-fibroblast,False,tabula,fibroblast
IL6ST,pancreas-fibroblast,False,tabula,fibroblast
AHNAK,pancreas-fibroblast,False,tabula,fibroblast
DDX17,pancreas-fibroblast,False,tabula,fibroblast
VMP1,pancreas-fibroblast,False,tabula,fibroblast
IGF1,pancreas-fibroblast,False,tabula,fibroblast
SLC20A1,pancreas-fibroblast,False,tabula,fibroblast
COL6A2,pancreas-fibroblast,False,tabula,fibroblast
NR4A1,pancreas-fibroblast,True,tabula,fibroblast
MMP2,pancreas-fibroblast,False,tabula,fibroblast
C1S,pancreas-fibroblast,False,tabula,fibroblast
STEAP4,pancreas-fibroblast,False,tabula,fibroblast
MFGE8,pancreas-fibroblast,False,tabula,fibroblast
SERPINE1,pancreas-fibroblast,False,tabula,fibroblast
HNRNPU,pancreas-fibroblast,False,tabula,fibroblast
CRISPLD2,pancreas-fibroblast,False,tabula,fibroblast
EGR3,pancreas-fibroblast,True,tabula,fibroblast
NR2F1,pancreas-fibroblast,True,tabula,fibroblast
FGF7,pancreas-fibroblast,False,tabula,fibroblast
SVEP1,pancreas-fibroblast,False,tabula,fibroblast
LAMB1,pancreas-fibroblast,False,tabula,fibroblast
SON,pancreas-fibroblast,False,tabula,fibroblast
NID1,pancreas-fibroblast,False,tabula,fibroblast
LAMC1,pancreas-fibroblast,False,tabula,fibroblast
EMILIN1,pancreas-fibroblast,False,tabula,fibroblast
STAT3,pancreas-fibroblast,True,tabula,fibroblast
LIMA1,pancreas-fibroblast,False,tabula,fibroblast
KLF9,pancreas-fibroblast,True,tabula,fibroblast
NFIB,pancreas-fibroblast,True,tabula,fibroblast
COL15A1,pancreas-fibroblast,False,tabula,fibroblast
LAMA2,pancreas-fibroblast,False,tabula,fibroblast
RPS8,fat-fibroblast,False,tabula,fibroblast
RPL21,fat-fibroblast,False,tabula,fibroblast
RPS9,fat-fibroblast,False,tabula,fibroblast
RPS6,fat-fibroblast,False,tabula,fibroblast
EEF1A1,fat-fibroblast,False,tabula,fibroblast
S100A6,fat-fibroblast,False,tabula,fibroblast
RPL28,fat-fibroblast,False,tabula,fibroblast
RPL29,fat-fibroblast,False,tabula,fibroblast
RPL11,fat-fibroblast,False,tabula,fibroblast
RPL12,fat-fibroblast,False,tabula,fibroblast
RPL15,fat-fibroblast,False,tabula,fibroblast
RPL14,fat-fibroblast,False,tabula,fibroblast
RPS2,fat-fibroblast,False,tabula,fibroblast
RPS3,fat-fibroblast,False,tabula,fibroblast
B2M,fat-fibroblast,False,tabula,fibroblast
RPL19,fat-fibroblast,False,tabula,fibroblast
RPL18,fat-fibroblast,False,tabula,fibroblast
RPL41,fat-fibroblast,False,tabula,fibroblast
EIF1,fat-fibroblast,False,tabula,fibroblast
RPS27,fat-fibroblast,False,tabula,fibroblast
RPS29,fat-fibroblast,False,tabula,fibroblast
RPS28,fat-fibroblast,False,tabula,fibroblast
ND2,fat-fibroblast,False,tabula,fibroblast
ND1,fat-fibroblast,False,tabula,fibroblast
FTL,fat-fibroblast,False,tabula,fibroblast
ND4,fat-fibroblast,False,tabula,fibroblast
RPS23,fat-fibroblast,False,tabula,fibroblast
ND3,fat-fibroblast,False,tabula,fibroblast
RPS24,fat-fibroblast,False,tabula,fibroblast
RPL5,fat-fibroblast,False,tabula,fibroblast
RPL3,fat-fibroblast,False,tabula,fibroblast
RPL30,fat-fibroblast,False,tabula,fibroblast
RPL32,fat-fibroblast,False,tabula,fibroblast
ATP6,fat-fibroblast,False,tabula,fibroblast
RPL34,fat-fibroblast,False,tabula,fibroblast
RPL9,fat-fibroblast,False,tabula,fibroblast
RPL8,fat-fibroblast,False,tabula,fibroblast
RPS16,fat-fibroblast,False,tabula,fibroblast
RPS15,fat-fibroblast,False,tabula,fibroblast
RPS18,fat-fibroblast,False,tabula,fibroblast
RPS19,fat-fibroblast,False,tabula,fibroblast
FTH1,fat-fibroblast,False,tabula,fibroblast
RPL37,fat-fibroblast,False,tabula,fibroblast
COX3,fat-fibroblast,False,tabula,fibroblast
RPL36,fat-fibroblast,False,tabula,fibroblast
COX2,fat-fibroblast,False,tabula,fibroblast
RPL39,fat-fibroblast,False,tabula,fibroblast
COX1,fat-fibroblast,False,tabula,fibroblast
RPS11,fat-fibroblast,False,tabula,fibroblast
RPS14,fat-fibroblast,False,tabula,fibroblast
RPS13,fat-fibroblast,False,tabula,fibroblast
RPL13A,fat-fibroblast,False,tabula,fibroblast
RPS3A,fat-fibroblast,False,tabula,fibroblast
PTMA,fat-fibroblast,False,tabula,fibroblast
RPL37A,fat-fibroblast,False,tabula,fibroblast
CYTB,fat-fibroblast,False,tabula,fibroblast
RPS15A,fat-fibroblast,False,tabula,fibroblast
RPS27A,fat-fibroblast,False,tabula,fibroblast
RPL35A,fat-fibroblast,False,tabula,fibroblast
RPL23A,fat-fibroblast,False,tabula,fibroblast
TPT1,fat-fibroblast,False,tabula,fibroblast
RPLP2,fat-fibroblast,False,tabula,fibroblast
RPLP1,fat-fibroblast,False,tabula,fibroblast
RPL10A,fat-fibroblast,False,tabula,fibroblast
RPS4X,fat-fibroblast,True,tabula,fibroblast
TMSB4X,fat-fibroblast,False,tabula,fibroblast
RPL18A,fat-fibroblast,False,tabula,fibroblast
RACK1,fat-fibroblast,False,tabula,fibroblast
RPL7A,fat-fibroblast,False,tabula,fibroblast
GSN,fat-fibroblast,False,tabula,fibroblast
VIM,fat-fibroblast,False,tabula,fibroblast
ZFP36,fat-fibroblast,False,tabula,fibroblast
C11ORF96,fat-fibroblast,False,tabula,fibroblast
MT2A,fat-fibroblast,False,tabula,fibroblast
JUN,fat-fibroblast,True,tabula,fibroblast
FOS,fat-fibroblast,True,tabula,fibroblast
CEBPD,fat-fibroblast,True,tabula,fibroblast
MGP,fat-fibroblast,False,tabula,fibroblast
S100A4,fat-fibroblast,False,tabula,fibroblast
IGFBP6,fat-fibroblast,False,tabula,fibroblast
APOD,fat-fibroblast,False,tabula,fibroblast
PLA2G2A,fat-fibroblast,False,tabula,fibroblast
DCN,fat-fibroblast,False,tabula,fibroblast
CST3,fat-fibroblast,False,tabula,fibroblast
HSPA1A,fat-fibroblast,False,tabula,fibroblast
HSP90AA1,fat-fibroblast,False,tabula,fibroblast
RPS25,fat-fibroblast,False,tabula,fibroblast
RPL26,fat-fibroblast,False,tabula,fibroblast
RPLP0,fat-fibroblast,False,tabula,fibroblast
IGFBP5,fat-fibroblast,False,tabula,fibroblast
TXNIP,fat-fibroblast,False,tabula,fibroblast
C3,fat-fibroblast,False,tabula,fibroblast
ADH1B,fat-fibroblast,False,tabula,fibroblast
SERPING1,fat-fibroblast,False,tabula,fibroblast
GPX3,fat-fibroblast,False,tabula,fibroblast
TIMP3,fat-fibroblast,False,tabula,fibroblast
COL6A2,fat-fibroblast,False,tabula,fibroblast
FBN1,fat-fibroblast,False,tabula,fibroblast
MFAP5,fat-fibroblast,False,tabula,fibroblast
C1S,fat-fibroblast,False,tabula,fibroblast
RPS8,fat-myofibroblast_cell,False,tabula,myofibroblast
RPL21,fat-myofibroblast_cell,False,tabula,myofibroblast
RPS9,fat-myofibroblast_cell,False,tabula,myofibroblast
RPS6,fat-myofibroblast_cell,False,tabula,myofibroblast
RPS7,fat-myofibroblast_cell,False,tabula,myofibroblast
EEF1A1,fat-myofibroblast_cell,False,tabula,myofibroblast
FAU,fat-myofibroblast_cell,False,tabula,myofibroblast
S100A6,fat-myofibroblast_cell,False,tabula,myofibroblast
RPL29,fat-myofibroblast_cell,False,tabula,myofibroblast
RPL11,fat-myofibroblast_cell,False,tabula,myofibroblast
RPL12,fat-myofibroblast_cell,False,tabula,myofibroblast
RPL15,fat-myofibroblast_cell,False,tabula,myofibroblast
RPL14,fat-myofibroblast_cell,False,tabula,myofibroblast
RPS2,fat-myofibroblast_cell,False,tabula,myofibroblast
RPS3,fat-myofibroblast_cell,False,tabula,myofibroblast
RPL19,fat-myofibroblast_cell,False,tabula,myofibroblast
RPL18,fat-myofibroblast_cell,False,tabula,myofibroblast
RPL41,fat-myofibroblast_cell,False,tabula,myofibroblast
EIF1,fat-myofibroblast_cell,False,tabula,myofibroblast
RPS27,fat-myofibroblast_cell,False,tabula,myofibroblast
RPS28,fat-myofibroblast_cell,False,tabula,myofibroblast
ND2,fat-myofibroblast_cell,False,tabula,myofibroblast
RPS21,fat-myofibroblast_cell,False,tabula,myofibroblast
ND1,fat-myofibroblast_cell,False,tabula,myofibroblast
ND4,fat-myofibroblast_cell,False,tabula,myofibroblast
RPS23,fat-myofibroblast_cell,False,tabula,myofibroblast
ND3,fat-myofibroblast_cell,False,tabula,myofibroblast
RPS24,fat-myofibroblast_cell,False,tabula,myofibroblast
RPL5,fat-myofibroblast_cell,False,tabula,myofibroblast
RPL6,fat-myofibroblast_cell,True,tabula,myofibroblast
RPL3,fat-myofibroblast_cell,False,tabula,myofibroblast
RPL30,fat-myofibroblast_cell,False,tabula,myofibroblast
RPL32,fat-myofibroblast_cell,False,tabula,myofibroblast
ATP6,fat-myofibroblast_cell,False,tabula,myofibroblast
RPL34,fat-myofibroblast_cell,False,tabula,myofibroblast
ACTG1,fat-myofibroblast_cell,False,tabula,myofibroblast
RPL9,fat-myofibroblast_cell,False,tabula,myofibroblast
RPL8,fat-myofibroblast_cell,False,tabula,myofibroblast
RPS16,fat-myofibroblast_cell,False,tabula,myofibroblast
RPS18,fat-myofibroblast_cell,False,tabula,myofibroblast
RPS19,fat-myofibroblast_cell,False,tabula,myofibroblast
FTH1,fat-myofibroblast_cell,False,tabula,myofibroblast
RPL37,fat-myofibroblast_cell,False,tabula,myofibroblast
COX3,fat-myofibroblast_cell,False,tabula,myofibroblast
COX2,fat-myofibroblast_cell,False,tabula,myofibroblast
RPL39,fat-myofibroblast_cell,False,tabula,myofibroblast
COX1,fat-myofibroblast_cell,False,tabula,myofibroblast
RPS11,fat-myofibroblast_cell,False,tabula,myofibroblast
RPS14,fat-myofibroblast_cell,False,tabula,myofibroblast
RPS13,fat-myofibroblast_cell,False,tabula,myofibroblast
RPL13A,fat-myofibroblast_cell,False,tabula,myofibroblast
RPS3A,fat-myofibroblast_cell,False,tabula,myofibroblast
PTMA,fat-myofibroblast_cell,False,tabula,myofibroblast
RPL37A,fat-myofibroblast_cell,False,tabula,myofibroblast
CYTB,fat-myofibroblast_cell,False,tabula,myofibroblast
RPS27A,fat-myofibroblast_cell,False,tabula,myofibroblast
H3-3B,fat-myofibroblast_cell,False,tabula,myofibroblast
RPL35A,fat-myofibroblast_cell,False,tabula,myofibroblast
RPL23A,fat-myofibroblast_cell,False,tabula,myofibroblast
TPT1,fat-myofibroblast_cell,False,tabula,myofibroblast
RPLP2,fat-myofibroblast_cell,False,tabula,myofibroblast
RPLP1,fat-myofibroblast_cell,False,tabula,myofibroblast
ADIRF,fat-myofibroblast_cell,False,tabula,myofibroblast
RPL10A,fat-myofibroblast_cell,False,tabula,myofibroblast
RPS4X,fat-myofibroblast_cell,True,tabula,myofibroblast
TMSB4X,fat-myofibroblast_cell,False,tabula,myofibroblast
RPL18A,fat-myofibroblast_cell,False,tabula,myofibroblast
RPL7A,fat-myofibroblast_cell,False,tabula,myofibroblast
MYL6,fat-myofibroblast_cell,False,tabula,myofibroblast
VIM,fat-myofibroblast_cell,False,tabula,myofibroblast
SPARCL1,fat-myofibroblast_cell,False,tabula,myofibroblast
C11ORF96,fat-myofibroblast_cell,False,tabula,myofibroblast
MT2A,fat-myofibroblast_cell,False,tabula,myofibroblast
IGFBP7,fat-myofibroblast_cell,False,tabula,myofibroblast
FOS,fat-myofibroblast_cell,True,tabula,myofibroblast
GADD45B,fat-myofibroblast_cell,False,tabula,myofibroblast
CEBPD,fat-myofibroblast_cell,True,tabula,myofibroblast
S100A4,fat-myofibroblast_cell,False,tabula,myofibroblast
LGALS1,fat-myofibroblast_cell,False,tabula,myofibroblast
HSPA1A,fat-myofibroblast_cell,False,tabula,myofibroblast
HSP90AA1,fat-myofibroblast_cell,False,tabula,myofibroblast
HSP90AB1,fat-myofibroblast_cell,False,tabula,myofibroblast
EGR1,fat-myofibroblast_cell,True,tabula,myofibroblast
ADAMTS1,fat-myofibroblast_cell,False,tabula,myofibroblast
RPL27A,fat-myofibroblast_cell,False,tabula,myofibroblast
TPM2,fat-myofibroblast_cell,False,tabula,myofibroblast
MYL9,fat-myofibroblast_cell,False,tabula,myofibroblast
TAGLN,fat-myofibroblast_cell,False,tabula,myofibroblast
TPM1,fat-myofibroblast_cell,False,tabula,myofibroblast
MYH11,fat-myofibroblast_cell,False,tabula,myofibroblast
IGFBP5,fat-myofibroblast_cell,False,tabula,myofibroblast
DSTN,fat-myofibroblast_cell,False,tabula,myofibroblast
MT1M,fat-myofibroblast_cell,False,tabula,myofibroblast
RGS5,fat-myofibroblast_cell,False,tabula,myofibroblast
CALD1,fat-myofibroblast_cell,False,tabula,myofibroblast
ACTA2,fat-myofibroblast_cell,False,tabula,myofibroblast
TIMP3,fat-myofibroblast_cell,False,tabula,myofibroblast
MT1E,fat-myofibroblast_cell,False,tabula,myofibroblast
FABP4,fat-myofibroblast_cell,False,tabula,myofibroblast
STEAP4,fat-myofibroblast_cell,False,tabula,myofibroblast
RPS8,fat-smooth_muscle_cell,False,tabula,muscle
RPL21,fat-smooth_muscle_cell,False,tabula,muscle
RPS6,fat-smooth_muscle_cell,False,tabula,muscle
EEF1A1,fat-smooth_muscle_cell,False,tabula,muscle
FAU,fat-smooth_muscle_cell,False,tabula,muscle
S100A6,fat-smooth_muscle_cell,False,tabula,muscle
RPL29,fat-smooth_muscle_cell,False,tabula,muscle
RPL11,fat-smooth_muscle_cell,False,tabula,muscle
RPL15,fat-smooth_muscle_cell,False,tabula,muscle
RPL14,fat-smooth_muscle_cell,False,tabula,muscle
RPS2,fat-smooth_muscle_cell,False,tabula,muscle
RPS3,fat-smooth_muscle_cell,False,tabula,muscle
RPL19,fat-smooth_muscle_cell,False,tabula,muscle
RPL41,fat-smooth_muscle_cell,False,tabula,muscle
EIF1,fat-smooth_muscle_cell,False,tabula,muscle
RPS27,fat-smooth_muscle_cell,False,tabula,muscle
RPS28,fat-smooth_muscle_cell,False,tabula,muscle
ND2,fat-smooth_muscle_cell,False,tabula,muscle
RPS21,fat-smooth_muscle_cell,False,tabula,muscle
ND1,fat-smooth_muscle_cell,False,tabula,muscle
FTL,fat-smooth_muscle_cell,False,tabula,muscle
ND4,fat-smooth_muscle_cell,False,tabula,muscle
RPS23,fat-smooth_muscle_cell,False,tabula,muscle
ND3,fat-smooth_muscle_cell,False,tabula,muscle
RPS24,fat-smooth_muscle_cell,False,tabula,muscle
RPL5,fat-smooth_muscle_cell,False,tabula,muscle
RPL3,fat-smooth_muscle_cell,False,tabula,muscle
RPL30,fat-smooth_muscle_cell,False,tabula,muscle
RPL32,fat-smooth_muscle_cell,False,tabula,muscle
ATP6,fat-smooth_muscle_cell,False,tabula,muscle
RPL34,fat-smooth_muscle_cell,False,tabula,muscle
ACTG1,fat-smooth_muscle_cell,False,tabula,muscle
RPL9,fat-smooth_muscle_cell,False,tabula,muscle
RPL8,fat-smooth_muscle_cell,False,tabula,muscle
RPS16,fat-smooth_muscle_cell,False,tabula,muscle
RPS15,fat-smooth_muscle_cell,False,tabula,muscle
RPS18,fat-smooth_muscle_cell,False,tabula,muscle
RPS19,fat-smooth_muscle_cell,False,tabula,muscle
FTH1,fat-smooth_muscle_cell,False,tabula,muscle
RPL37,fat-smooth_muscle_cell,False,tabula,muscle
COX3,fat-smooth_muscle_cell,False,tabula,muscle
RPL36,fat-smooth_muscle_cell,False,tabula,muscle
COX2,fat-smooth_muscle_cell,False,tabula,muscle
COX1,fat-smooth_muscle_cell,False,tabula,muscle
RPS11,fat-smooth_muscle_cell,False,tabula,muscle
RPS14,fat-smooth_muscle_cell,False,tabula,muscle
RPS13,fat-smooth_muscle_cell,False,tabula,muscle
RPL13A,fat-smooth_muscle_cell,False,tabula,muscle
RPS3A,fat-smooth_muscle_cell,False,tabula,muscle
PTMA,fat-smooth_muscle_cell,False,tabula,muscle
RPL37A,fat-smooth_muscle_cell,False,tabula,muscle
CYTB,fat-smooth_muscle_cell,False,tabula,muscle
RPS27A,fat-smooth_muscle_cell,False,tabula,muscle
RPL35A,fat-smooth_muscle_cell,False,tabula,muscle
RPL23A,fat-smooth_muscle_cell,False,tabula,muscle
TPT1,fat-smooth_muscle_cell,False,tabula,muscle
RPLP2,fat-smooth_muscle_cell,False,tabula,muscle
RPLP1,fat-smooth_muscle_cell,False,tabula,muscle
ADIRF,fat-smooth_muscle_cell,False,tabula,muscle
RPS4X,fat-smooth_muscle_cell,True,tabula,muscle
RPL18A,fat-smooth_muscle_cell,False,tabula,muscle
RPL7A,fat-smooth_muscle_cell,False,tabula,muscle
MYL6,fat-smooth_muscle_cell,False,tabula,muscle
VIM,fat-smooth_muscle_cell,False,tabula,muscle
SPARCL1,fat-smooth_muscle_cell,False,tabula,muscle
C11ORF96,fat-smooth_muscle_cell,False,tabula,muscle
MT2A,fat-smooth_muscle_cell,False,tabula,muscle
IGFBP7,fat-smooth_muscle_cell,False,tabula,muscle
FOS,fat-smooth_muscle_cell,True,tabula,muscle
MGP,fat-smooth_muscle_cell,False,tabula,muscle
LGALS1,fat-smooth_muscle_cell,False,tabula,muscle
CST3,fat-smooth_muscle_cell,False,tabula,muscle
HSPA1A,fat-smooth_muscle_cell,False,tabula,muscle
HSPB1,fat-smooth_muscle_cell,False,tabula,muscle
RPS25,fat-smooth_muscle_cell,False,tabula,muscle
CRYAB,fat-smooth_muscle_cell,False,tabula,muscle
RPL27A,fat-smooth_muscle_cell,False,tabula,muscle
TPM2,fat-smooth_muscle_cell,False,tabula,muscle
MYL9,fat-smooth_muscle_cell,False,tabula,muscle
TAGLN,fat-smooth_muscle_cell,False,tabula,muscle
FLNA,fat-smooth_muscle_cell,False,tabula,muscle
TPM1,fat-smooth_muscle_cell,False,tabula,muscle
MYH11,fat-smooth_muscle_cell,False,tabula,muscle
DSTN,fat-smooth_muscle_cell,False,tabula,muscle
RGS5,fat-smooth_muscle_cell,False,tabula,muscle
CALD1,fat-smooth_muscle_cell,False,tabula,muscle
ACTA2,fat-smooth_muscle_cell,False,tabula,muscle
SYNPO2,fat-smooth_muscle_cell,False,tabula,muscle
LPP,fat-smooth_muscle_cell,False,tabula,muscle
CNN1,fat-smooth_muscle_cell,False,tabula,muscle
CSRP1,fat-smooth_muscle_cell,False,tabula,muscle
RPL38,fat-smooth_muscle_cell,False,tabula,muscle
SELENOM,fat-smooth_muscle_cell,False,tabula,muscle
PPP1R14A,fat-smooth_muscle_cell,False,tabula,muscle
NDUFA4,fat-smooth_muscle_cell,False,tabula,muscle
FN1,fat-smooth_muscle_cell,False,tabula,muscle
ITGB1,fat-smooth_muscle_cell,False,tabula,muscle
LMOD1,fat-smooth_muscle_cell,False,tabula,muscle
PLN,fat-smooth_muscle_cell,False,tabula,muscle
RPS8,skin-muscle_cell,False,tabula,muscle
RPL21,skin-muscle_cell,False,tabula,muscle
RPS9,skin-muscle_cell,False,tabula,muscle
RPS6,skin-muscle_cell,False,tabula,muscle
RPS7,skin-muscle_cell,False,tabula,muscle
EEF1A1,skin-muscle_cell,False,tabula,muscle
FAU,skin-muscle_cell,False,tabula,muscle
RPL28,skin-muscle_cell,False,tabula,muscle
RPL29,skin-muscle_cell,False,tabula,muscle
RPL11,skin-muscle_cell,False,tabula,muscle
RPL12,skin-muscle_cell,False,tabula,muscle
RPL15,skin-muscle_cell,False,tabula,muscle
RPL14,skin-muscle_cell,False,tabula,muscle
RPS5,skin-muscle_cell,False,tabula,muscle
RPS2,skin-muscle_cell,False,tabula,muscle
RPS3,skin-muscle_cell,False,tabula,muscle
B2M,skin-muscle_cell,False,tabula,muscle
RPL19,skin-muscle_cell,False,tabula,muscle
RPL18,skin-muscle_cell,False,tabula,muscle
RPL41,skin-muscle_cell,False,tabula,muscle
EIF1,skin-muscle_cell,False,tabula,muscle
RPS27,skin-muscle_cell,False,tabula,muscle
RPS29,skin-muscle_cell,False,tabula,muscle
RPS28,skin-muscle_cell,False,tabula,muscle
NACA,skin-muscle_cell,False,tabula,muscle
ND2,skin-muscle_cell,False,tabula,muscle
RPS21,skin-muscle_cell,False,tabula,muscle
ND1,skin-muscle_cell,False,tabula,muscle
FTL,skin-muscle_cell,False,tabula,muscle
ND4,skin-muscle_cell,False,tabula,muscle
RPS23,skin-muscle_cell,False,tabula,muscle
ND3,skin-muscle_cell,False,tabula,muscle
RPS24,skin-muscle_cell,False,tabula,muscle
RPL5,skin-muscle_cell,False,tabula,muscle
RPL6,skin-muscle_cell,True,tabula,muscle
RPL3,skin-muscle_cell,False,tabula,muscle
RPL30,skin-muscle_cell,False,tabula,muscle
RPL32,skin-muscle_cell,False,tabula,muscle
ATP6,skin-muscle_cell,False,tabula,muscle
RPL34,skin-muscle_cell,False,tabula,muscle
RPL9,skin-muscle_cell,False,tabula,muscle
RPL8,skin-muscle_cell,False,tabula,muscle
RPS16,skin-muscle_cell,False,tabula,muscle
RPS15,skin-muscle_cell,False,tabula,muscle
RPS18,skin-muscle_cell,False,tabula,muscle
RPS19,skin-muscle_cell,False,tabula,muscle
FTH1,skin-muscle_cell,False,tabula,muscle
RPL37,skin-muscle_cell,False,tabula,muscle
COX3,skin-muscle_cell,False,tabula,muscle
RPL36,skin-muscle_cell,False,tabula,muscle
COX2,skin-muscle_cell,False,tabula,muscle
RPL39,skin-muscle_cell,False,tabula,muscle
COX1,skin-muscle_cell,False,tabula,muscle
RPS14,skin-muscle_cell,False,tabula,muscle
RPS13,skin-muscle_cell,False,tabula,muscle
RPL13A,skin-muscle_cell,False,tabula,muscle
RPS3A,skin-muscle_cell,False,tabula,muscle
PTMA,skin-muscle_cell,False,tabula,muscle
RPL37A,skin-muscle_cell,False,tabula,muscle
CYTB,skin-muscle_cell,False,tabula,muscle
RPS15A,skin-muscle_cell,False,tabula,muscle
RPS27A,skin-muscle_cell,False,tabula,muscle
H3-3B,skin-muscle_cell,False,tabula,muscle
RPL35A,skin-muscle_cell,False,tabula,muscle
RPL23A,skin-muscle_cell,False,tabula,muscle
GAPDH,skin-muscle_cell,False,tabula,muscle
TPT1,skin-muscle_cell,False,tabula,muscle
RPLP2,skin-muscle_cell,False,tabula,muscle
RPLP1,skin-muscle_cell,False,tabula,muscle
RPL10A,skin-muscle_cell,False,tabula,muscle
RPS4X,skin-muscle_cell,True,tabula,muscle
RPL18A,skin-muscle_cell,False,tabula,muscle
RACK1,skin-muscle_cell,False,tabula,muscle
RPL7A,skin-muscle_cell,False,tabula,muscle
MYL6,skin-muscle_cell,False,tabula,muscle
VIM,skin-muscle_cell,False,tabula,muscle
C11ORF96,skin-muscle_cell,False,tabula,muscle
MT2A,skin-muscle_cell,False,tabula,muscle
IGFBP7,skin-muscle_cell,False,tabula,muscle
YBX3,skin-muscle_cell,False,tabula,muscle
CEBPD,skin-muscle_cell,True,tabula,muscle
MGP,skin-muscle_cell,False,tabula,muscle
SOD2,skin-muscle_cell,False,tabula,muscle
HSP90AB1,skin-muscle_cell,False,tabula,muscle
RPS25,skin-muscle_cell,False,tabula,muscle
PNRC1,skin-muscle_cell,False,tabula,muscle
IFITM3,skin-muscle_cell,False,tabula,muscle
MT1X,skin-muscle_cell,False,tabula,muscle
ADAMTS1,skin-muscle_cell,False,tabula,muscle
RPL26,skin-muscle_cell,False,tabula,muscle
RPL35,skin-muscle_cell,True,tabula,muscle
RPLP0,skin-muscle_cell,False,tabula,muscle
TPM2,skin-muscle_cell,False,tabula,muscle
TAGLN,skin-muscle_cell,False,tabula,muscle
CALD1,skin-muscle_cell,False,tabula,muscle
RPL38,skin-muscle_cell,False,tabula,muscle
RHOB,skin-muscle_cell,False,tabula,muscle
MT1A,skin-muscle_cell,False,tabula,muscle
IL6,skin-muscle_cell,False,tabula,muscle
PDK4,skin-muscle_cell,False,tabula,muscle
RPS8,heart-cardiac_muscle_cell,False,tabula,muscle
RPL21,heart-cardiac_muscle_cell,False,tabula,muscle
RPS9,heart-cardiac_muscle_cell,False,tabula,muscle
RPS6,heart-cardiac_muscle_cell,False,tabula,muscle
RPS7,heart-cardiac_muscle_cell,False,tabula,muscle
EEF1A1,heart-cardiac_muscle_cell,False,tabula,muscle
FAU,heart-cardiac_muscle_cell,False,tabula,muscle
RPL28,heart-cardiac_muscle_cell,False,tabula,muscle
RPL29,heart-cardiac_muscle_cell,False,tabula,muscle
RPL11,heart-cardiac_muscle_cell,False,tabula,muscle
RPL12,heart-cardiac_muscle_cell,False,tabula,muscle
RPL15,heart-cardiac_muscle_cell,False,tabula,muscle
RPS2,heart-cardiac_muscle_cell,False,tabula,muscle
RPS3,heart-cardiac_muscle_cell,False,tabula,muscle
RPL19,heart-cardiac_muscle_cell,False,tabula,muscle
RPL18,heart-cardiac_muscle_cell,False,tabula,muscle
RPL41,heart-cardiac_muscle_cell,False,tabula,muscle
RPS27,heart-cardiac_muscle_cell,False,tabula,muscle
RPS29,heart-cardiac_muscle_cell,False,tabula,muscle
RPS28,heart-cardiac_muscle_cell,False,tabula,muscle
ND2,heart-cardiac_muscle_cell,False,tabula,muscle
RPS21,heart-cardiac_muscle_cell,False,tabula,muscle
ND1,heart-cardiac_muscle_cell,False,tabula,muscle
ND4,heart-cardiac_muscle_cell,False,tabula,muscle
RPS23,heart-cardiac_muscle_cell,False,tabula,muscle
ND3,heart-cardiac_muscle_cell,False,tabula,muscle
ND5,heart-cardiac_muscle_cell,False,tabula,muscle
RPS24,heart-cardiac_muscle_cell,False,tabula,muscle
RPL5,heart-cardiac_muscle_cell,False,tabula,muscle
RPL6,heart-cardiac_muscle_cell,True,tabula,muscle
RPL3,heart-cardiac_muscle_cell,False,tabula,muscle
RPL30,heart-cardiac_muscle_cell,False,tabula,muscle
RPL32,heart-cardiac_muscle_cell,False,tabula,muscle
ATP6,heart-cardiac_muscle_cell,False,tabula,muscle
RPL34,heart-cardiac_muscle_cell,False,tabula,muscle
RPL9,heart-cardiac_muscle_cell,False,tabula,muscle
RPL8,heart-cardiac_muscle_cell,False,tabula,muscle
RPS16,heart-cardiac_muscle_cell,False,tabula,muscle
RPS15,heart-cardiac_muscle_cell,False,tabula,muscle
RPS18,heart-cardiac_muscle_cell,False,tabula,muscle
RPS19,heart-cardiac_muscle_cell,False,tabula,muscle
RPL37,heart-cardiac_muscle_cell,False,tabula,muscle
COX3,heart-cardiac_muscle_cell,False,tabula,muscle
RPL36,heart-cardiac_muscle_cell,False,tabula,muscle
COX2,heart-cardiac_muscle_cell,False,tabula,muscle
RPL39,heart-cardiac_muscle_cell,False,tabula,muscle
COX1,heart-cardiac_muscle_cell,False,tabula,muscle
RPS14,heart-cardiac_muscle_cell,False,tabula,muscle
RPS13,heart-cardiac_muscle_cell,False,tabula,muscle
RPS3A,heart-cardiac_muscle_cell,False,tabula,muscle
RPL37A,heart-cardiac_muscle_cell,False,tabula,muscle
CYTB,heart-cardiac_muscle_cell,False,tabula,muscle
RPS15A,heart-cardiac_muscle_cell,False,tabula,muscle
RPS27A,heart-cardiac_muscle_cell,False,tabula,muscle
RPL35A,heart-cardiac_muscle_cell,False,tabula,muscle
GAPDH,heart-cardiac_muscle_cell,False,tabula,muscle
TPT1,heart-cardiac_muscle_cell,False,tabula,muscle
RPLP2,heart-cardiac_muscle_cell,False,tabula,muscle
RPLP1,heart-cardiac_muscle_cell,False,tabula,muscle
RPS4X,heart-cardiac_muscle_cell,True,tabula,muscle
RPL18A,heart-cardiac_muscle_cell,False,tabula,muscle
RPL7A,heart-cardiac_muscle_cell,False,tabula,muscle
MYL6,heart-cardiac_muscle_cell,False,tabula,muscle
SRP14,heart-cardiac_muscle_cell,False,tabula,muscle
GNAS,heart-cardiac_muscle_cell,False,tabula,muscle
ATP5F1E,heart-cardiac_muscle_cell,False,tabula,muscle
HSP90AA1,heart-cardiac_muscle_cell,False,tabula,muscle
HSPB1,heart-cardiac_muscle_cell,False,tabula,muscle
HSP90AB1,heart-cardiac_muscle_cell,False,tabula,muscle
RPL26,heart-cardiac_muscle_cell,False,tabula,muscle
RPS26,heart-cardiac_muscle_cell,False,tabula,muscle
RPL35,heart-cardiac_muscle_cell,True,tabula,muscle
MYL9,heart-cardiac_muscle_cell,False,tabula,muscle
TAGLN,heart-cardiac_muscle_cell,False,tabula,muscle
TPM1,heart-cardiac_muscle_cell,False,tabula,muscle
RPL27,heart-cardiac_muscle_cell,False,tabula,muscle
ACTC1,heart-cardiac_muscle_cell,False,tabula,muscle
SERF2,heart-cardiac_muscle_cell,False,tabula,muscle
RPL38,heart-cardiac_muscle_cell,False,tabula,muscle
PRDX2,heart-cardiac_muscle_cell,False,tabula,muscle
NDUFA4,heart-cardiac_muscle_cell,False,tabula,muscle
SELENOW,heart-cardiac_muscle_cell,False,tabula,muscle
COX7C,heart-cardiac_muscle_cell,False,tabula,muscle
LDHA,heart-cardiac_muscle_cell,False,tabula,muscle
MYL3,heart-cardiac_muscle_cell,False,tabula,muscle
TNNI1,heart-cardiac_muscle_cell,False,tabula,muscle
ATP5MC3,heart-cardiac_muscle_cell,False,tabula,muscle
COX7B,heart-cardiac_muscle_cell,False,tabula,muscle
ATP5ME,heart-cardiac_muscle_cell,False,tabula,muscle
COX5B,heart-cardiac_muscle_cell,False,tabula,muscle
MDK,heart-cardiac_muscle_cell,False,tabula,muscle
ENO1,heart-cardiac_muscle_cell,True,tabula,muscle
TPI1,heart-cardiac_muscle_cell,True,tabula,muscle
MYL7,heart-cardiac_muscle_cell,False,tabula,muscle
MYL4,heart-cardiac_muscle_cell,False,tabula,muscle
TNNT2,heart-cardiac_muscle_cell,False,tabula,muscle
NPPB,heart-cardiac_muscle_cell,False,tabula,muscle
MYH6,heart-cardiac_muscle_cell,False,tabula,muscle
SLC25A3,heart-cardiac_muscle_cell,False,tabula,muscle
COX6B1,heart-cardiac_muscle_cell,False,tabula,muscle
RPS8,heart-fibroblast_of_cardiac_tissue,False,tabula,fibroblast
RPL21,heart-fibroblast_of_cardiac_tissue,False,tabula,fibroblast
RPS9,heart-fibroblast_of_cardiac_tissue,False,tabula,fibroblast
RPS6,heart-fibroblast_of_cardiac_tissue,False,tabula,fibroblast
EEF1A1,heart-fibroblast_of_cardiac_tissue,False,tabula,fibroblast
FAU,heart-fibroblast_of_cardiac_tissue,False,tabula,fibroblast
S100A6,heart-fibroblast_of_cardiac_tissue,False,tabula,fibroblast
RPL28,heart-fibroblast_of_cardiac_tissue,False,tabula,fibroblast
RPL29,heart-fibroblast_of_cardiac_tissue,False,tabula,fibroblast
RPL11,heart-fibroblast_of_cardiac_tissue,False,tabula,fibroblast
RPL12,heart-fibroblast_of_cardiac_tissue,False,tabula,fibroblast
RPL14,heart-fibroblast_of_cardiac_tissue,False,tabula,fibroblast
RPS3,heart-fibroblast_of_cardiac_tissue,False,tabula,fibroblast
B2M,heart-fibroblast_of_cardiac_tissue,False,tabula,fibroblast
RPL19,heart-fibroblast_of_cardiac_tissue,False,tabula,fibroblast
RPL18,heart-fibroblast_of_cardiac_tissue,False,tabula,fibroblast
RPL41,heart-fibroblast_of_cardiac_tissue,False,tabula,fibroblast
EIF1,heart-fibroblast_of_cardiac_tissue,False,tabula,fibroblast
RPS27,heart-fibroblast_of_cardiac_tissue,False,tabula,fibroblast
RPS29,heart-fibroblast_of_cardiac_tissue,False,tabula,fibroblast
RPS28,heart-fibroblast_of_cardiac_tissue,False,tabula,fibroblast
ND2,heart-fibroblast_of_cardiac_tissue,False,tabula,fibroblast
RPS21,heart-fibroblast_of_cardiac_tissue,False,tabula,fibroblast
ND1,heart-fibroblast_of_cardiac_tissue,False,tabula,fibroblast
FTL,heart-fibroblast_of_cardiac_tissue,False,tabula,fibroblast
ND4,heart-fibroblast_of_cardiac_tissue,False,tabula,fibroblast
RPS23,heart-fibroblast_of_cardiac_tissue,False,tabula,fibroblast
ND3,heart-fibroblast_of_cardiac_tissue,False,tabula,fibroblast
ND5,heart-fibroblast_of_cardiac_tissue,False,tabula,fibroblast
RPS24,heart-fibroblast_of_cardiac_tissue,False,tabula,fibroblast
RPL6,heart-fibroblast_of_cardiac_tissue,True,tabula,fibroblast
RPL3,heart-fibroblast_of_cardiac_tissue,False,tabula,fibroblast
RPL30,heart-fibroblast_of_cardiac_tissue,False,tabula,fibroblast
RPL32,heart-fibroblast_of_cardiac_tissue,False,tabula,fibroblast
ATP6,heart-fibroblast_of_cardiac_tissue,False,tabula,fibroblast
RPL34,heart-fibroblast_of_cardiac_tissue,False,tabula,fibroblast
RPL9,heart-fibroblast_of_cardiac_tissue,False,tabula,fibroblast
RPL8,heart-fibroblast_of_cardiac_tissue,False,tabula,fibroblast
RPS15,heart-fibroblast_of_cardiac_tissue,False,tabula,fibroblast
RPS18,heart-fibroblast_of_cardiac_tissue,False,tabula,fibroblast
RPS19,heart-fibroblast_of_cardiac_tissue,False,tabula,fibroblast
FTH1,heart-fibroblast_of_cardiac_tissue,False,tabula,fibroblast
RPL37,heart-fibroblast_of_cardiac_tissue,False,tabula,fibroblast
COX3,heart-fibroblast_of_cardiac_tissue,False,tabula,fibroblast
RPL36,heart-fibroblast_of_cardiac_tissue,False,tabula,fibroblast
COX2,heart-fibroblast_of_cardiac_tissue,False,tabula,fibroblast
RPL39,heart-fibroblast_of_cardiac_tissue,False,tabula,fibroblast
COX1,heart-fibroblast_of_cardiac_tissue,False,tabula,fibroblast
RPS14,heart-fibroblast_of_cardiac_tissue,False,tabula,fibroblast
RPS13,heart-fibroblast_of_cardiac_tissue,False,tabula,fibroblast
RPS3A,heart-fibroblast_of_cardiac_tissue,False,tabula,fibroblast
PTMA,heart-fibroblast_of_cardiac_tissue,False,tabula,fibroblast
RPL37A,heart-fibroblast_of_cardiac_tissue,False,tabula,fibroblast
CYTB,heart-fibroblast_of_cardiac_tissue,False,tabula,fibroblast
RPS15A,heart-fibroblast_of_cardiac_tissue,False,tabula,fibroblast
RPS27A,heart-fibroblast_of_cardiac_tissue,False,tabula,fibroblast
RPL35A,heart-fibroblast_of_cardiac_tissue,False,tabula,fibroblast
ND4L,heart-fibroblast_of_cardiac_tissue,False,tabula,fibroblast
TPT1,heart-fibroblast_of_cardiac_tissue,False,tabula,fibroblast
RPLP2,heart-fibroblast_of_cardiac_tissue,False,tabula,fibroblast
RPLP1,heart-fibroblast_of_cardiac_tissue,False,tabula,fibroblast
RPS4X,heart-fibroblast_of_cardiac_tissue,True,tabula,fibroblast
TMSB4X,heart-fibroblast_of_cardiac_tissue,False,tabula,fibroblast
RPL18A,heart-fibroblast_of_cardiac_tissue,False,tabula,fibroblast
RPL7A,heart-fibroblast_of_cardiac_tissue,False,tabula,fibroblast
GSN,heart-fibroblast_of_cardiac_tissue,False,tabula,fibroblast
VIM,heart-fibroblast_of_cardiac_tissue,False,tabula,fibroblast
SPARCL1,heart-fibroblast_of_cardiac_tissue,False,tabula,fibroblast
C11ORF96,heart-fibroblast_of_cardiac_tissue,False,tabula,fibroblast
IGFBP7,heart-fibroblast_of_cardiac_tissue,False,tabula,fibroblast
GADD45B,heart-fibroblast_of_cardiac_tissue,False,tabula,fibroblast
TIMP1,heart-fibroblast_of_cardiac_tissue,False,tabula,fibroblast
CEBPD,heart-fibroblast_of_cardiac_tissue,True,tabula,fibroblast
LUM,heart-fibroblast_of_cardiac_tissue,False,tabula,fibroblast
MGP,heart-fibroblast_of_cardiac_tissue,False,tabula,fibroblast
FBLN1,heart-fibroblast_of_cardiac_tissue,False,tabula,fibroblast
IGFBP6,heart-fibroblast_of_cardiac_tissue,False,tabula,fibroblast
APOD,heart-fibroblast_of_cardiac_tissue,False,tabula,fibroblast
PLA2G2A,heart-fibroblast_of_cardiac_tissue,False,tabula,fibroblast
DCN,heart-fibroblast_of_cardiac_tissue,False,tabula,fibroblast
C1R,heart-fibroblast_of_cardiac_tissue,False,tabula,fibroblast
CST3,heart-fibroblast_of_cardiac_tissue,False,tabula,fibroblast
IFITM3,heart-fibroblast_of_cardiac_tissue,False,tabula,fibroblast
RPL26,heart-fibroblast_of_cardiac_tissue,False,tabula,fibroblast
RPL35,heart-fibroblast_of_cardiac_tissue,True,tabula,fibroblast
ITM2B,heart-fibroblast_of_cardiac_tissue,False,tabula,fibroblast
SERF2,heart-fibroblast_of_cardiac_tissue,False,tabula,fibroblast
TXNIP,heart-fibroblast_of_cardiac_tissue,False,tabula,fibroblast
ADH1B,heart-fibroblast_of_cardiac_tissue,False,tabula,fibroblast
CCN2,heart-fibroblast_of_cardiac_tissue,False,tabula,fibroblast
SERPING1,heart-fibroblast_of_cardiac_tissue,False,tabula,fibroblast
GPX3,heart-fibroblast_of_cardiac_tissue,False,tabula,fibroblast
TIMP3,heart-fibroblast_of_cardiac_tissue,False,tabula,fibroblast
APOE,heart-fibroblast_of_cardiac_tissue,False,tabula,fibroblast
MGST1,heart-fibroblast_of_cardiac_tissue,False,tabula,fibroblast
FN1,heart-fibroblast_of_cardiac_tissue,False,tabula,fibroblast
PRELP,heart-fibroblast_of_cardiac_tissue,False,tabula,fibroblast
SERPINF1,heart-fibroblast_of_cardiac_tissue,False,tabula,fibroblast
CFH,heart-fibroblast_of_cardiac_tissue,False,tabula,fibroblast
CRLF1,heart-fibroblast_of_cardiac_tissue,False,tabula,fibroblast
RPS8,heart-smooth_muscle_cell,False,tabula,muscle
RPS7,heart-smooth_muscle_cell,False,tabula,muscle
EEF1A1,heart-smooth_muscle_cell,False,tabula,muscle
FAU,heart-smooth_muscle_cell,False,tabula,muscle
RPL28,heart-smooth_muscle_cell,False,tabula,muscle
RPL29,heart-smooth_muscle_cell,False,tabula,muscle
RPL11,heart-smooth_muscle_cell,False,tabula,muscle
B2M,heart-smooth_muscle_cell,False,tabula,muscle
RPL19,heart-smooth_muscle_cell,False,tabula,muscle
RPL18,heart-smooth_muscle_cell,False,tabula,muscle
RPL41,heart-smooth_muscle_cell,False,tabula,muscle
EIF1,heart-smooth_muscle_cell,False,tabula,muscle
RPS27,heart-smooth_muscle_cell,False,tabula,muscle
RPS29,heart-smooth_muscle_cell,False,tabula,muscle
RPS28,heart-smooth_muscle_cell,False,tabula,muscle
ND2,heart-smooth_muscle_cell,False,tabula,muscle
ND1,heart-smooth_muscle_cell,False,tabula,muscle
FTL,heart-smooth_muscle_cell,False,tabula,muscle
ND4,heart-smooth_muscle_cell,False,tabula,muscle
RPS23,heart-smooth_muscle_cell,False,tabula,muscle
ND3,heart-smooth_muscle_cell,False,tabula,muscle
ND5,heart-smooth_muscle_cell,False,tabula,muscle
RPS24,heart-smooth_muscle_cell,False,tabula,muscle
RPL3,heart-smooth_muscle_cell,False,tabula,muscle
RPL30,heart-smooth_muscle_cell,False,tabula,muscle
RPL32,heart-smooth_muscle_cell,False,tabula,muscle
ATP6,heart-smooth_muscle_cell,False,tabula,muscle
RPL34,heart-smooth_muscle_cell,False,tabula,muscle
ACTG1,heart-smooth_muscle_cell,False,tabula,muscle
RPL8,heart-smooth_muscle_cell,False,tabula,muscle
RPS15,heart-smooth_muscle_cell,False,tabula,muscle
RPS18,heart-smooth_muscle_cell,False,tabula,muscle
RPS19,heart-smooth_muscle_cell,False,tabula,muscle
FTH1,heart-smooth_muscle_cell,False,tabula,muscle
RPL37,heart-smooth_muscle_cell,False,tabula,muscle
COX3,heart-smooth_muscle_cell,False,tabula,muscle
RPL36,heart-smooth_muscle_cell,False,tabula,muscle
COX2,heart-smooth_muscle_cell,False,tabula,muscle
RPL39,heart-smooth_muscle_cell,False,tabula,muscle
COX1,heart-smooth_muscle_cell,False,tabula,muscle
RPS14,heart-smooth_muscle_cell,False,tabula,muscle
RPS3A,heart-smooth_muscle_cell,False,tabula,muscle
PTMA,heart-smooth_muscle_cell,False,tabula,muscle
RPL37A,heart-smooth_muscle_cell,False,tabula,muscle
CYTB,heart-smooth_muscle_cell,False,tabula,muscle
RPS27A,heart-smooth_muscle_cell,False,tabula,muscle
H3-3B,heart-smooth_muscle_cell,False,tabula,muscle
RPL35A,heart-smooth_muscle_cell,False,tabula,muscle
ND4L,heart-smooth_muscle_cell,False,tabula,muscle
GAPDH,heart-smooth_muscle_cell,False,tabula,muscle
TPT1,heart-smooth_muscle_cell,False,tabula,muscle
RPLP1,heart-smooth_muscle_cell,False,tabula,muscle
ADIRF,heart-smooth_muscle_cell,False,tabula,muscle
TMSB4X,heart-smooth_muscle_cell,False,tabula,muscle
RPL18A,heart-smooth_muscle_cell,False,tabula,muscle
RPL7A,heart-smooth_muscle_cell,False,tabula,muscle
GSN,heart-smooth_muscle_cell,False,tabula,muscle
MYL6,heart-smooth_muscle_cell,False,tabula,muscle
VIM,heart-smooth_muscle_cell,False,tabula,muscle
SPARCL1,heart-smooth_muscle_cell,False,tabula,muscle
C11ORF96,heart-smooth_muscle_cell,False,tabula,muscle
MT2A,heart-smooth_muscle_cell,False,tabula,muscle
IGFBP7,heart-smooth_muscle_cell,False,tabula,muscle
CD63,heart-smooth_muscle_cell,False,tabula,muscle
CEBPD,heart-smooth_muscle_cell,True,tabula,muscle
MGP,heart-smooth_muscle_cell,False,tabula,muscle
LGALS1,heart-smooth_muscle_cell,False,tabula,muscle
CST3,heart-smooth_muscle_cell,False,tabula,muscle
HSPB1,heart-smooth_muscle_cell,False,tabula,muscle
IFITM3,heart-smooth_muscle_cell,False,tabula,muscle
RPL35,heart-smooth_muscle_cell,True,tabula,muscle
TPM2,heart-smooth_muscle_cell,False,tabula,muscle
MYL9,heart-smooth_muscle_cell,False,tabula,muscle
TAGLN,heart-smooth_muscle_cell,False,tabula,muscle
FLNA,heart-smooth_muscle_cell,False,tabula,muscle
TPM1,heart-smooth_muscle_cell,False,tabula,muscle
MYH11,heart-smooth_muscle_cell,False,tabula,muscle
IGFBP5,heart-smooth_muscle_cell,False,tabula,muscle
DSTN,heart-smooth_muscle_cell,False,tabula,muscle
RGS5,heart-smooth_muscle_cell,False,tabula,muscle
CALD1,heart-smooth_muscle_cell,False,tabula,muscle
ACTA2,heart-smooth_muscle_cell,False,tabula,muscle
ITM2B,heart-smooth_muscle_cell,False,tabula,muscle
SERF2,heart-smooth_muscle_cell,False,tabula,muscle
TXNIP,heart-smooth_muscle_cell,False,tabula,muscle
TIMP3,heart-smooth_muscle_cell,False,tabula,muscle
CD9,heart-smooth_muscle_cell,False,tabula,muscle
CALM2,heart-smooth_muscle_cell,False,tabula,muscle
PPP1R14A,heart-smooth_muscle_cell,False,tabula,muscle
MT1E,heart-smooth_muscle_cell,False,tabula,muscle
SPARC,heart-smooth_muscle_cell,False,tabula,muscle
RHOB,heart-smooth_muscle_cell,False,tabula,muscle
ID3,heart-smooth_muscle_cell,False,tabula,muscle
FABP4,heart-smooth_muscle_cell,False,tabula,muscle
NDUFA4L2,heart-smooth_muscle_cell,False,tabula,muscle
ITGB1,heart-smooth_muscle_cell,False,tabula,muscle
CD36,heart-smooth_muscle_cell,False,tabula,muscle
PDK4,heart-smooth_muscle_cell,False,tabula,muscle
MAP1B,heart-smooth_muscle_cell,False,tabula,muscle
MFGE8,heart-smooth_muscle_cell,False,tabula,muscle
RPS8,lung-smooth_muscle_cell,False,tabula,muscle
RPL21,lung-smooth_muscle_cell,False,tabula,muscle
RPS9,lung-smooth_muscle_cell,False,tabula,muscle
RPS6,lung-smooth_muscle_cell,False,tabula,muscle
RPS7,lung-smooth_muscle_cell,False,tabula,muscle
EEF1A1,lung-smooth_muscle_cell,False,tabula,muscle
FAU,lung-smooth_muscle_cell,False,tabula,muscle
S100A6,lung-smooth_muscle_cell,False,tabula,muscle
RPL28,lung-smooth_muscle_cell,False,tabula,muscle
RPL29,lung-smooth_muscle_cell,False,tabula,muscle
RPL11,lung-smooth_muscle_cell,False,tabula,muscle
RPL12,lung-smooth_muscle_cell,False,tabula,muscle
RPL15,lung-smooth_muscle_cell,False,tabula,muscle
RPL14,lung-smooth_muscle_cell,False,tabula,muscle
RPS5,lung-smooth_muscle_cell,False,tabula,muscle
RPS2,lung-smooth_muscle_cell,False,tabula,muscle
RPS3,lung-smooth_muscle_cell,False,tabula,muscle
B2M,lung-smooth_muscle_cell,False,tabula,muscle
RPL19,lung-smooth_muscle_cell,False,tabula,muscle
RPL18,lung-smooth_muscle_cell,False,tabula,muscle
RPL41,lung-smooth_muscle_cell,False,tabula,muscle
EIF1,lung-smooth_muscle_cell,False,tabula,muscle
RPS27,lung-smooth_muscle_cell,False,tabula,muscle
RPS29,lung-smooth_muscle_cell,False,tabula,muscle
RPS28,lung-smooth_muscle_cell,False,tabula,muscle
ND2,lung-smooth_muscle_cell,False,tabula,muscle
ND1,lung-smooth_muscle_cell,False,tabula,muscle
FTL,lung-smooth_muscle_cell,False,tabula,muscle
ND4,lung-smooth_muscle_cell,False,tabula,muscle
RPS23,lung-smooth_muscle_cell,False,tabula,muscle
ND3,lung-smooth_muscle_cell,False,tabula,muscle
RPS24,lung-smooth_muscle_cell,False,tabula,muscle
RPL6,lung-smooth_muscle_cell,True,tabula,muscle
RPL3,lung-smooth_muscle_cell,False,tabula,muscle
RPL30,lung-smooth_muscle_cell,False,tabula,muscle
RPL32,lung-smooth_muscle_cell,False,tabula,muscle
ATP6,lung-smooth_muscle_cell,False,tabula,muscle
RPL34,lung-smooth_muscle_cell,False,tabula,muscle
ACTG1,lung-smooth_muscle_cell,False,tabula,muscle
RPL9,lung-smooth_muscle_cell,False,tabula,muscle
RPL8,lung-smooth_muscle_cell,False,tabula,muscle
RPS16,lung-smooth_muscle_cell,False,tabula,muscle
RPS15,lung-smooth_muscle_cell,False,tabula,muscle
RPS18,lung-smooth_muscle_cell,False,tabula,muscle
RPS19,lung-smooth_muscle_cell,False,tabula,muscle
FTH1,lung-smooth_muscle_cell,False,tabula,muscle
RPL37,lung-smooth_muscle_cell,False,tabula,muscle
COX3,lung-smooth_muscle_cell,False,tabula,muscle
RPL36,lung-smooth_muscle_cell,False,tabula,muscle
COX2,lung-smooth_muscle_cell,False,tabula,muscle
RPL39,lung-smooth_muscle_cell,False,tabula,muscle
COX1,lung-smooth_muscle_cell,False,tabula,muscle
RPS11,lung-smooth_muscle_cell,False,tabula,muscle
RPS14,lung-smooth_muscle_cell,False,tabula,muscle
RPS13,lung-smooth_muscle_cell,False,tabula,muscle
RPL13A,lung-smooth_muscle_cell,False,tabula,muscle
PTMA,lung-smooth_muscle_cell,False,tabula,muscle
RPL37A,lung-smooth_muscle_cell,False,tabula,muscle
CYTB,lung-smooth_muscle_cell,False,tabula,muscle
RPS15A,lung-smooth_muscle_cell,False,tabula,muscle
RPS27A,lung-smooth_muscle_cell,False,tabula,muscle
H3-3B,lung-smooth_muscle_cell,False,tabula,muscle
RPL35A,lung-smooth_muscle_cell,False,tabula,muscle
RPL23A,lung-smooth_muscle_cell,False,tabula,muscle
GAPDH,lung-smooth_muscle_cell,False,tabula,muscle
TPT1,lung-smooth_muscle_cell,False,tabula,muscle
RPLP2,lung-smooth_muscle_cell,False,tabula,muscle
RPLP1,lung-smooth_muscle_cell,False,tabula,muscle
TMSB4X,lung-smooth_muscle_cell,False,tabula,muscle
RPL18A,lung-smooth_muscle_cell,False,tabula,muscle
RPL7A,lung-smooth_muscle_cell,False,tabula,muscle
MYL6,lung-smooth_muscle_cell,False,tabula,muscle
VIM,lung-smooth_muscle_cell,False,tabula,muscle
ZFP36,lung-smooth_muscle_cell,False,tabula,muscle
C11ORF96,lung-smooth_muscle_cell,False,tabula,muscle
MT2A,lung-smooth_muscle_cell,False,tabula,muscle
IGFBP7,lung-smooth_muscle_cell,False,tabula,muscle
TMSB10,lung-smooth_muscle_cell,False,tabula,muscle
JUN,lung-smooth_muscle_cell,True,tabula,muscle
FOS,lung-smooth_muscle_cell,True,tabula,muscle
TIMP1,lung-smooth_muscle_cell,False,tabula,muscle
CD63,lung-smooth_muscle_cell,False,tabula,muscle
MGP,lung-smooth_muscle_cell,False,tabula,muscle
LGALS1,lung-smooth_muscle_cell,False,tabula,muscle
FOSB,lung-smooth_muscle_cell,True,tabula,muscle
CST3,lung-smooth_muscle_cell,False,tabula,muscle
HSP90AA1,lung-smooth_muscle_cell,False,tabula,muscle
UBA52,lung-smooth_muscle_cell,False,tabula,muscle
HSP90AB1,lung-smooth_muscle_cell,False,tabula,muscle
THBS1,lung-smooth_muscle_cell,False,tabula,muscle
IFITM3,lung-smooth_muscle_cell,False,tabula,muscle
RPL35,lung-smooth_muscle_cell,True,tabula,muscle
RPLP0,lung-smooth_muscle_cell,False,tabula,muscle
TPM2,lung-smooth_muscle_cell,False,tabula,muscle
MYL9,lung-smooth_muscle_cell,False,tabula,muscle
TAGLN,lung-smooth_muscle_cell,False,tabula,muscle
CALD1,lung-smooth_muscle_cell,False,tabula,muscle
ACTA2,lung-smooth_muscle_cell,False,tabula,muscle
TIMP3,lung-smooth_muscle_cell,False,tabula,muscle
IER2,lung-smooth_muscle_cell,False,tabula,muscle
RPS8,muscle-mesothelial_cell,False,tabula,muscle
RPL21,muscle-mesothelial_cell,False,tabula,muscle
RPS9,muscle-mesothelial_cell,False,tabula,muscle
RPS6,muscle-mesothelial_cell,False,tabula,muscle
RPS7,muscle-mesothelial_cell,False,tabula,muscle
EEF1A1,muscle-mesothelial_cell,False,tabula,muscle
FAU,muscle-mesothelial_cell,False,tabula,muscle
S100A6,muscle-mesothelial_cell,False,tabula,muscle
RPL28,muscle-mesothelial_cell,False,tabula,muscle
RPL29,muscle-mesothelial_cell,False,tabula,muscle
RPL11,muscle-mesothelial_cell,False,tabula,muscle
RPL12,muscle-mesothelial_cell,False,tabula,muscle
RPL15,muscle-mesothelial_cell,False,tabula,muscle
RPL14,muscle-mesothelial_cell,False,tabula,muscle
RPS5,muscle-mesothelial_cell,False,tabula,muscle
RPS2,muscle-mesothelial_cell,False,tabula,muscle
RPS3,muscle-mesothelial_cell,False,tabula,muscle
B2M,muscle-mesothelial_cell,False,tabula,muscle
RPL19,muscle-mesothelial_cell,False,tabula,muscle
RPL18,muscle-mesothelial_cell,False,tabula,muscle
RPL41,muscle-mesothelial_cell,False,tabula,muscle
EIF1,muscle-mesothelial_cell,False,tabula,muscle
RPS27,muscle-mesothelial_cell,False,tabula,muscle
RPS29,muscle-mesothelial_cell,False,tabula,muscle
RPS28,muscle-mesothelial_cell,False,tabula,muscle
NACA,muscle-mesothelial_cell,False,tabula,muscle
ND2,muscle-mesothelial_cell,False,tabula,muscle
RPS21,muscle-mesothelial_cell,False,tabula,muscle
ND1,muscle-mesothelial_cell,False,tabula,muscle
FTL,muscle-mesothelial_cell,False,tabula,muscle
ND4,muscle-mesothelial_cell,False,tabula,muscle
RPS23,muscle-mesothelial_cell,False,tabula,muscle
ND3,muscle-mesothelial_cell,False,tabula,muscle
RPS24,muscle-mesothelial_cell,False,tabula,muscle
RPL5,muscle-mesothelial_cell,False,tabula,muscle
RPL6,muscle-mesothelial_cell,True,tabula,muscle
RPL3,muscle-mesothelial_cell,False,tabula,muscle
RPL30,muscle-mesothelial_cell,False,tabula,muscle
RPL32,muscle-mesothelial_cell,False,tabula,muscle
ATP6,muscle-mesothelial_cell,False,tabula,muscle
RPL34,muscle-mesothelial_cell,False,tabula,muscle
RPL9,muscle-mesothelial_cell,False,tabula,muscle
RPL8,muscle-mesothelial_cell,False,tabula,muscle
RPS16,muscle-mesothelial_cell,False,tabula,muscle
RPS15,muscle-mesothelial_cell,False,tabula,muscle
RPS18,muscle-mesothelial_cell,False,tabula,muscle
RPS19,muscle-mesothelial_cell,False,tabula,muscle
FTH1,muscle-mesothelial_cell,False,tabula,muscle
RPL37,muscle-mesothelial_cell,False,tabula,muscle
COX3,muscle-mesothelial_cell,False,tabula,muscle
RPL36,muscle-mesothelial_cell,False,tabula,muscle
COX2,muscle-mesothelial_cell,False,tabula,muscle
RPL39,muscle-mesothelial_cell,False,tabula,muscle
COX1,muscle-mesothelial_cell,False,tabula,muscle
RPS11,muscle-mesothelial_cell,False,tabula,muscle
RPS14,muscle-mesothelial_cell,False,tabula,muscle
RPS13,muscle-mesothelial_cell,False,tabula,muscle
RPL13A,muscle-mesothelial_cell,False,tabula,muscle
RPS3A,muscle-mesothelial_cell,False,tabula,muscle
PTMA,muscle-mesothelial_cell,False,tabula,muscle
RPL37A,muscle-mesothelial_cell,False,tabula,muscle
CYTB,muscle-mesothelial_cell,False,tabula,muscle
RPS15A,muscle-mesothelial_cell,False,tabula,muscle
RPS27A,muscle-mesothelial_cell,False,tabula,muscle
RPL35A,muscle-mesothelial_cell,False,tabula,muscle
RPL23A,muscle-mesothelial_cell,False,tabula,muscle
TPT1,muscle-mesothelial_cell,False,tabula,muscle
RPLP2,muscle-mesothelial_cell,False,tabula,muscle
RPLP1,muscle-mesothelial_cell,False,tabula,muscle
RPL10A,muscle-mesothelial_cell,False,tabula,muscle
RPS4X,muscle-mesothelial_cell,True,tabula,muscle
TMSB4X,muscle-mesothelial_cell,False,tabula,muscle
RPL18A,muscle-mesothelial_cell,False,tabula,muscle
RACK1,muscle-mesothelial_cell,False,tabula,muscle
RPL7A,muscle-mesothelial_cell,False,tabula,muscle
TM4SF1,muscle-mesothelial_cell,False,tabula,muscle
MT2A,muscle-mesothelial_cell,False,tabula,muscle
TMSB10,muscle-mesothelial_cell,False,tabula,muscle
S100A10,muscle-mesothelial_cell,False,tabula,muscle
TIMP1,muscle-mesothelial_cell,False,tabula,muscle
KLF6,muscle-mesothelial_cell,True,tabula,muscle
CST3,muscle-mesothelial_cell,False,tabula,muscle
HSPA1A,muscle-mesothelial_cell,False,tabula,muscle
HSP90AA1,muscle-mesothelial_cell,False,tabula,muscle
DNAJB1,muscle-mesothelial_cell,False,tabula,muscle
UBA52,muscle-mesothelial_cell,False,tabula,muscle
RPS25,muscle-mesothelial_cell,False,tabula,muscle
SLPI,muscle-mesothelial_cell,False,tabula,muscle
IFITM3,muscle-mesothelial_cell,False,tabula,muscle
RPL26,muscle-mesothelial_cell,False,tabula,muscle
RPL27A,muscle-mesothelial_cell,False,tabula,muscle
RPL35,muscle-mesothelial_cell,True,tabula,muscle
RPLP0,muscle-mesothelial_cell,False,tabula,muscle
RPL7,muscle-mesothelial_cell,False,tabula,muscle
RPL38,muscle-mesothelial_cell,False,tabula,muscle
CCDC80,muscle-mesothelial_cell,False,tabula,muscle
ITLN1,muscle-mesothelial_cell,False,tabula,muscle
C3,muscle-mesothelial_cell,False,tabula,muscle
SERPING1,muscle-mesothelial_cell,False,tabula,muscle
OGN,muscle-mesothelial_cell,False,tabula,muscle
RPS8,muscle-smooth_muscle_cell,False,tabula,muscle
RPL21,muscle-smooth_muscle_cell,False,tabula,muscle
RPS6,muscle-smooth_muscle_cell,False,tabula,muscle
EEF1A1,muscle-smooth_muscle_cell,False,tabula,muscle
FAU,muscle-smooth_muscle_cell,False,tabula,muscle
S100A6,muscle-smooth_muscle_cell,False,tabula,muscle
RPL11,muscle-smooth_muscle_cell,False,tabula,muscle
RPL15,muscle-smooth_muscle_cell,False,tabula,muscle
RPS3,muscle-smooth_muscle_cell,False,tabula,muscle
B2M,muscle-smooth_muscle_cell,False,tabula,muscle
RPL19,muscle-smooth_muscle_cell,False,tabula,muscle
RPL41,muscle-smooth_muscle_cell,False,tabula,muscle
EIF1,muscle-smooth_muscle_cell,False,tabula,muscle
RPS27,muscle-smooth_muscle_cell,False,tabula,muscle
RPS28,muscle-smooth_muscle_cell,False,tabula,muscle
ND2,muscle-smooth_muscle_cell,False,tabula,muscle
ND1,muscle-smooth_muscle_cell,False,tabula,muscle
ND4,muscle-smooth_muscle_cell,False,tabula,muscle
RPS23,muscle-smooth_muscle_cell,False,tabula,muscle
ND3,muscle-smooth_muscle_cell,False,tabula,muscle
RPS24,muscle-smooth_muscle_cell,False,tabula,muscle
RPL3,muscle-smooth_muscle_cell,False,tabula,muscle
RPL30,muscle-smooth_muscle_cell,False,tabula,muscle
RPL32,muscle-smooth_muscle_cell,False,tabula,muscle
ATP6,muscle-smooth_muscle_cell,False,tabula,muscle
RPL34,muscle-smooth_muscle_cell,False,tabula,muscle
ACTG1,muscle-smooth_muscle_cell,False,tabula,muscle
RPL9,muscle-smooth_muscle_cell,False,tabula,muscle
RPL8,muscle-smooth_muscle_cell,False,tabula,muscle
RPS16,muscle-smooth_muscle_cell,False,tabula,muscle
RPS18,muscle-smooth_muscle_cell,False,tabula,muscle
RPS19,muscle-smooth_muscle_cell,False,tabula,muscle
FTH1,muscle-smooth_muscle_cell,False,tabula,muscle
RPL37,muscle-smooth_muscle_cell,False,tabula,muscle
COX3,muscle-smooth_muscle_cell,False,tabula,muscle
COX2,muscle-smooth_muscle_cell,False,tabula,muscle
COX1,muscle-smooth_muscle_cell,False,tabula,muscle
RPS11,muscle-smooth_muscle_cell,False,tabula,muscle
RPS14,muscle-smooth_muscle_cell,False,tabula,muscle
PTMA,muscle-smooth_muscle_cell,False,tabula,muscle
RPL37A,muscle-smooth_muscle_cell,False,tabula,muscle
CYTB,muscle-smooth_muscle_cell,False,tabula,muscle
RPS27A,muscle-smooth_muscle_cell,False,tabula,muscle
H3-3B,muscle-smooth_muscle_cell,False,tabula,muscle
RPL35A,muscle-smooth_muscle_cell,False,tabula,muscle
RPL23A,muscle-smooth_muscle_cell,False,tabula,muscle
TPT1,muscle-smooth_muscle_cell,False,tabula,muscle
RPLP1,muscle-smooth_muscle_cell,False,tabula,muscle
ADIRF,muscle-smooth_muscle_cell,False,tabula,muscle
RPS4X,muscle-smooth_muscle_cell,True,tabula,muscle
TMSB4X,muscle-smooth_muscle_cell,False,tabula,muscle
RPL7A,muscle-smooth_muscle_cell,False,tabula,muscle
MYL6,muscle-smooth_muscle_cell,False,tabula,muscle
VIM,muscle-smooth_muscle_cell,False,tabula,muscle
SPARCL1,muscle-smooth_muscle_cell,False,tabula,muscle
ZFP36,muscle-smooth_muscle_cell,False,tabula,muscle
JUND,muscle-smooth_muscle_cell,True,tabula,muscle
C11ORF96,muscle-smooth_muscle_cell,False,tabula,muscle
MT2A,muscle-smooth_muscle_cell,False,tabula,muscle
IGFBP7,muscle-smooth_muscle_cell,False,tabula,muscle
JUN,muscle-smooth_muscle_cell,True,tabula,muscle
FOS,muscle-smooth_muscle_cell,True,tabula,muscle
YBX3,muscle-smooth_muscle_cell,False,tabula,muscle
GADD45B,muscle-smooth_muscle_cell,False,tabula,muscle
CEBPD,muscle-smooth_muscle_cell,True,tabula,muscle
S100A4,muscle-smooth_muscle_cell,False,tabula,muscle
LGALS1,muscle-smooth_muscle_cell,False,tabula,muscle
CST3,muscle-smooth_muscle_cell,False,tabula,muscle
HSPA1A,muscle-smooth_muscle_cell,False,tabula,muscle
HSPA1B,muscle-smooth_muscle_cell,False,tabula,muscle
HSP90AA1,muscle-smooth_muscle_cell,False,tabula,muscle
HSPB1,muscle-smooth_muscle_cell,False,tabula,muscle
DNAJB1,muscle-smooth_muscle_cell,False,tabula,muscle
HSP90AB1,muscle-smooth_muscle_cell,False,tabula,muscle
IFITM3,muscle-smooth_muscle_cell,False,tabula,muscle
EGR1,muscle-smooth_muscle_cell,True,tabula,muscle
ADAMTS1,muscle-smooth_muscle_cell,False,tabula,muscle
TPM2,muscle-smooth_muscle_cell,False,tabula,muscle
MYL9,muscle-smooth_muscle_cell,False,tabula,muscle
TAGLN,muscle-smooth_muscle_cell,False,tabula,muscle
FLNA,muscle-smooth_muscle_cell,False,tabula,muscle
TPM1,muscle-smooth_muscle_cell,False,tabula,muscle
MYH11,muscle-smooth_muscle_cell,False,tabula,muscle
IGFBP5,muscle-smooth_muscle_cell,False,tabula,muscle
DSTN,muscle-smooth_muscle_cell,False,tabula,muscle
CALD1,muscle-smooth_muscle_cell,False,tabula,muscle
ACTA2,muscle-smooth_muscle_cell,False,tabula,muscle
LPP,muscle-smooth_muscle_cell,False,tabula,muscle
TIMP3,muscle-smooth_muscle_cell,False,tabula,muscle
CALM2,muscle-smooth_muscle_cell,False,tabula,muscle
PPP1R14A,muscle-smooth_muscle_cell,False,tabula,muscle
RHOB,muscle-smooth_muscle_cell,False,tabula,muscle
CDKN1A,muscle-smooth_muscle_cell,False,tabula,muscle
ATF3,muscle-smooth_muscle_cell,True,tabula,muscle
PPP1R15A,muscle-smooth_muscle_cell,False,tabula,muscle
PDK4,muscle-smooth_muscle_cell,False,tabula,muscle
NR4A1,muscle-smooth_muscle_cell,True,tabula,muscle
MFGE8,muscle-smooth_muscle_cell,False,tabula,muscle
CYCS,muscle-smooth_muscle_cell,True,tabula,muscle
RERGL,muscle-smooth_muscle_cell,False,tabula,muscle
RPS8,skin-cell_of_skeletal_muscle,False,tabula,skeletal_muscle
RPL21,skin-cell_of_skeletal_muscle,False,tabula,skeletal_muscle
RPS6,skin-cell_of_skeletal_muscle,False,tabula,skeletal_muscle
RPS7,skin-cell_of_skeletal_muscle,False,tabula,skeletal_muscle
EEF1A1,skin-cell_of_skeletal_muscle,False,tabula,skeletal_muscle
FAU,skin-cell_of_skeletal_muscle,False,tabula,skeletal_muscle
S100A6,skin-cell_of_skeletal_muscle,False,tabula,skeletal_muscle
RPL29,skin-cell_of_skeletal_muscle,False,tabula,skeletal_muscle
RPL11,skin-cell_of_skeletal_muscle,False,tabula,skeletal_muscle
RPL12,skin-cell_of_skeletal_muscle,False,tabula,skeletal_muscle
RPL15,skin-cell_of_skeletal_muscle,False,tabula,skeletal_muscle
RPL14,skin-cell_of_skeletal_muscle,False,tabula,skeletal_muscle
RPS5,skin-cell_of_skeletal_muscle,False,tabula,skeletal_muscle
RPS2,skin-cell_of_skeletal_muscle,False,tabula,skeletal_muscle
RPS3,skin-cell_of_skeletal_muscle,False,tabula,skeletal_muscle
RPL19,skin-cell_of_skeletal_muscle,False,tabula,skeletal_muscle
RPL18,skin-cell_of_skeletal_muscle,False,tabula,skeletal_muscle
RPL41,skin-cell_of_skeletal_muscle,False,tabula,skeletal_muscle
EIF1,skin-cell_of_skeletal_muscle,False,tabula,skeletal_muscle
RPS27,skin-cell_of_skeletal_muscle,False,tabula,skeletal_muscle
ND2,skin-cell_of_skeletal_muscle,False,tabula,skeletal_muscle
RPS21,skin-cell_of_skeletal_muscle,False,tabula,skeletal_muscle
ND1,skin-cell_of_skeletal_muscle,False,tabula,skeletal_muscle
FTL,skin-cell_of_skeletal_muscle,False,tabula,skeletal_muscle
ND4,skin-cell_of_skeletal_muscle,False,tabula,skeletal_muscle
RPS23,skin-cell_of_skeletal_muscle,False,tabula,skeletal_muscle
ND3,skin-cell_of_skeletal_muscle,False,tabula,skeletal_muscle
RPS24,skin-cell_of_skeletal_muscle,False,tabula,skeletal_muscle
RPL5,skin-cell_of_skeletal_muscle,False,tabula,skeletal_muscle
RPL6,skin-cell_of_skeletal_muscle,True,tabula,skeletal_muscle
RPL3,skin-cell_of_skeletal_muscle,False,tabula,skeletal_muscle
RPL30,skin-cell_of_skeletal_muscle,False,tabula,skeletal_muscle
RPL32,skin-cell_of_skeletal_muscle,False,tabula,skeletal_muscle
ATP6,skin-cell_of_skeletal_muscle,False,tabula,skeletal_muscle
RPL34,skin-cell_of_skeletal_muscle,False,tabula,skeletal_muscle
RPL9,skin-cell_of_skeletal_muscle,False,tabula,skeletal_muscle
RPL8,skin-cell_of_skeletal_muscle,False,tabula,skeletal_muscle
RPS16,skin-cell_of_skeletal_muscle,False,tabula,skeletal_muscle
RPS15,skin-cell_of_skeletal_muscle,False,tabula,skeletal_muscle
RPS18,skin-cell_of_skeletal_muscle,False,tabula,skeletal_muscle
RPS19,skin-cell_of_skeletal_muscle,False,tabula,skeletal_muscle
FTH1,skin-cell_of_skeletal_muscle,False,tabula,skeletal_muscle
RPL37,skin-cell_of_skeletal_muscle,False,tabula,skeletal_muscle
COX3,skin-cell_of_skeletal_muscle,False,tabula,skeletal_muscle
RPL36,skin-cell_of_skeletal_muscle,False,tabula,skeletal_muscle
COX2,skin-cell_of_skeletal_muscle,False,tabula,skeletal_muscle
RPL39,skin-cell_of_skeletal_muscle,False,tabula,skeletal_muscle
COX1,skin-cell_of_skeletal_muscle,False,tabula,skeletal_muscle
RPS14,skin-cell_of_skeletal_muscle,False,tabula,skeletal_muscle
RPS13,skin-cell_of_skeletal_muscle,False,tabula,skeletal_muscle
RPS3A,skin-cell_of_skeletal_muscle,False,tabula,skeletal_muscle
PTMA,skin-cell_of_skeletal_muscle,False,tabula,skeletal_muscle
RPL37A,skin-cell_of_skeletal_muscle,False,tabula,skeletal_muscle
CYTB,skin-cell_of_skeletal_muscle,False,tabula,skeletal_muscle
RPS15A,skin-cell_of_skeletal_muscle,False,tabula,skeletal_muscle
RPS27A,skin-cell_of_skeletal_muscle,False,tabula,skeletal_muscle
H3-3B,skin-cell_of_skeletal_muscle,False,tabula,skeletal_muscle
RPL35A,skin-cell_of_skeletal_muscle,False,tabula,skeletal_muscle
RPL23A,skin-cell_of_skeletal_muscle,False,tabula,skeletal_muscle
GAPDH,skin-cell_of_skeletal_muscle,False,tabula,skeletal_muscle
TPT1,skin-cell_of_skeletal_muscle,False,tabula,skeletal_muscle
RPLP2,skin-cell_of_skeletal_muscle,False,tabula,skeletal_muscle
RPLP1,skin-cell_of_skeletal_muscle,False,tabula,skeletal_muscle
RPL10A,skin-cell_of_skeletal_muscle,False,tabula,skeletal_muscle
RPS4X,skin-cell_of_skeletal_muscle,True,tabula,skeletal_muscle
RPL18A,skin-cell_of_skeletal_muscle,False,tabula,skeletal_muscle
RPL7A,skin-cell_of_skeletal_muscle,False,tabula,skeletal_muscle
MYL6,skin-cell_of_skeletal_muscle,False,tabula,skeletal_muscle
VIM,skin-cell_of_skeletal_muscle,False,tabula,skeletal_muscle
C11ORF96,skin-cell_of_skeletal_muscle,False,tabula,skeletal_muscle
MT2A,skin-cell_of_skeletal_muscle,False,tabula,skeletal_muscle
GADD45B,skin-cell_of_skeletal_muscle,False,tabula,skeletal_muscle
CD63,skin-cell_of_skeletal_muscle,False,tabula,skeletal_muscle
CEBPD,skin-cell_of_skeletal_muscle,True,tabula,skeletal_muscle
LGALS1,skin-cell_of_skeletal_muscle,False,tabula,skeletal_muscle
HSP90AA1,skin-cell_of_skeletal_muscle,False,tabula,skeletal_muscle
HSPB1,skin-cell_of_skeletal_muscle,False,tabula,skeletal_muscle
HSP90AB1,skin-cell_of_skeletal_muscle,False,tabula,skeletal_muscle
RPS25,skin-cell_of_skeletal_muscle,False,tabula,skeletal_muscle
CRYAB,skin-cell_of_skeletal_muscle,False,tabula,skeletal_muscle
RPL26,skin-cell_of_skeletal_muscle,False,tabula,skeletal_muscle
PFN1,skin-cell_of_skeletal_muscle,False,tabula,skeletal_muscle
RPL35,skin-cell_of_skeletal_muscle,True,tabula,skeletal_muscle
TPM2,skin-cell_of_skeletal_muscle,False,tabula,skeletal_muscle
MYL9,skin-cell_of_skeletal_muscle,False,tabula,skeletal_muscle
TAGLN,skin-cell_of_skeletal_muscle,False,tabula,skeletal_muscle
FLNA,skin-cell_of_skeletal_muscle,False,tabula,skeletal_muscle
TPM1,skin-cell_of_skeletal_muscle,False,tabula,skeletal_muscle
MYH11,skin-cell_of_skeletal_muscle,False,tabula,skeletal_muscle
DSTN,skin-cell_of_skeletal_muscle,False,tabula,skeletal_muscle
CALD1,skin-cell_of_skeletal_muscle,False,tabula,skeletal_muscle
ACTA2,skin-cell_of_skeletal_muscle,False,tabula,skeletal_muscle
DES,skin-cell_of_skeletal_muscle,False,tabula,skeletal_muscle
MYLK,skin-cell_of_skeletal_muscle,True,tabula,skeletal_muscle
ACTG2,skin-cell_of_skeletal_muscle,False,tabula,skeletal_muscle
CNN1,skin-cell_of_skeletal_muscle,False,tabula,skeletal_muscle
CSRP1,skin-cell_of_skeletal_muscle,False,tabula,skeletal_muscle
TXNIP,skin-cell_of_skeletal_muscle,False,tabula,skeletal_muscle
RHOB,skin-cell_of_skeletal_muscle,False,tabula,skeletal_muscle
TPM4,skin-cell_of_skeletal_muscle,False,tabula,skeletal_muscle
RPS8,skin-smooth_muscle_cell,False,tabula,muscle
RPL21,skin-smooth_muscle_cell,False,tabula,muscle
RPS9,skin-smooth_muscle_cell,False,tabula,muscle
RPS6,skin-smooth_muscle_cell,False,tabula,muscle
RPS7,skin-smooth_muscle_cell,False,tabula,muscle
EEF1A1,skin-smooth_muscle_cell,False,tabula,muscle
FAU,skin-smooth_muscle_cell,False,tabula,muscle
S100A6,skin-smooth_muscle_cell,False,tabula,muscle
RPL28,skin-smooth_muscle_cell,False,tabula,muscle
RPL29,skin-smooth_muscle_cell,False,tabula,muscle
RPL11,skin-smooth_muscle_cell,False,tabula,muscle
RPL12,skin-smooth_muscle_cell,False,tabula,muscle
RPL15,skin-smooth_muscle_cell,False,tabula,muscle
RPL14,skin-smooth_muscle_cell,False,tabula,muscle
RPS5,skin-smooth_muscle_cell,False,tabula,muscle
RPS2,skin-smooth_muscle_cell,False,tabula,muscle
RPS3,skin-smooth_muscle_cell,False,tabula,muscle
B2M,skin-smooth_muscle_cell,False,tabula,muscle
RPL19,skin-smooth_muscle_cell,False,tabula,muscle
RPL18,skin-smooth_muscle_cell,False,tabula,muscle
RPL41,skin-smooth_muscle_cell,False,tabula,muscle
EIF1,skin-smooth_muscle_cell,False,tabula,muscle
RPS27,skin-smooth_muscle_cell,False,tabula,muscle
RPS29,skin-smooth_muscle_cell,False,tabula,muscle
RPS28,skin-smooth_muscle_cell,False,tabula,muscle
NACA,skin-smooth_muscle_cell,False,tabula,muscle
ND2,skin-smooth_muscle_cell,False,tabula,muscle
RPS21,skin-smooth_muscle_cell,False,tabula,muscle
ND1,skin-smooth_muscle_cell,False,tabula,muscle
FTL,skin-smooth_muscle_cell,False,tabula,muscle
ND4,skin-smooth_muscle_cell,False,tabula,muscle
RPS23,skin-smooth_muscle_cell,False,tabula,muscle
ND3,skin-smooth_muscle_cell,False,tabula,muscle
RPS24,skin-smooth_muscle_cell,False,tabula,muscle
RPL5,skin-smooth_muscle_cell,False,tabula,muscle
RPL6,skin-smooth_muscle_cell,True,tabula,muscle
RPL3,skin-smooth_muscle_cell,False,tabula,muscle
RPL30,skin-smooth_muscle_cell,False,tabula,muscle
RPL32,skin-smooth_muscle_cell,False,tabula,muscle
ATP6,skin-smooth_muscle_cell,False,tabula,muscle
RPL34,skin-smooth_muscle_cell,False,tabula,muscle
RPL9,skin-smooth_muscle_cell,False,tabula,muscle
RPL8,skin-smooth_muscle_cell,False,tabula,muscle
RPS16,skin-smooth_muscle_cell,False,tabula,muscle
RPS15,skin-smooth_muscle_cell,False,tabula,muscle
RPS18,skin-smooth_muscle_cell,False,tabula,muscle
RPS19,skin-smooth_muscle_cell,False,tabula,muscle
FTH1,skin-smooth_muscle_cell,False,tabula,muscle
RPL37,skin-smooth_muscle_cell,False,tabula,muscle
COX3,skin-smooth_muscle_cell,False,tabula,muscle
RPL36,skin-smooth_muscle_cell,False,tabula,muscle
COX2,skin-smooth_muscle_cell,False,tabula,muscle
RPL39,skin-smooth_muscle_cell,False,tabula,muscle
COX1,skin-smooth_muscle_cell,False,tabula,muscle
RPS14,skin-smooth_muscle_cell,False,tabula,muscle
RPS13,skin-smooth_muscle_cell,False,tabula,muscle
RPS3A,skin-smooth_muscle_cell,False,tabula,muscle
PTMA,skin-smooth_muscle_cell,False,tabula,muscle
RPL37A,skin-smooth_muscle_cell,False,tabula,muscle
CYTB,skin-smooth_muscle_cell,False,tabula,muscle
RPS15A,skin-smooth_muscle_cell,False,tabula,muscle
RPS27A,skin-smooth_muscle_cell,False,tabula,muscle
H3-3B,skin-smooth_muscle_cell,False,tabula,muscle
RPL35A,skin-smooth_muscle_cell,False,tabula,muscle
RPL23A,skin-smooth_muscle_cell,False,tabula,muscle
GAPDH,skin-smooth_muscle_cell,False,tabula,muscle
TPT1,skin-smooth_muscle_cell,False,tabula,muscle
RPLP2,skin-smooth_muscle_cell,False,tabula,muscle
RPLP1,skin-smooth_muscle_cell,False,tabula,muscle
RPL10A,skin-smooth_muscle_cell,False,tabula,muscle
RPS4X,skin-smooth_muscle_cell,True,tabula,muscle
RPL18A,skin-smooth_muscle_cell,False,tabula,muscle
RPL7A,skin-smooth_muscle_cell,False,tabula,muscle
MYL6,skin-smooth_muscle_cell,False,tabula,muscle
VIM,skin-smooth_muscle_cell,False,tabula,muscle
C11ORF96,skin-smooth_muscle_cell,False,tabula,muscle
MT2A,skin-smooth_muscle_cell,False,tabula,muscle
FOS,skin-smooth_muscle_cell,True,tabula,muscle
YBX3,skin-smooth_muscle_cell,False,tabula,muscle
GADD45B,skin-smooth_muscle_cell,False,tabula,muscle
CEBPD,skin-smooth_muscle_cell,True,tabula,muscle
SOD2,skin-smooth_muscle_cell,False,tabula,muscle
HSP90AB1,skin-smooth_muscle_cell,False,tabula,muscle
RPS25,skin-smooth_muscle_cell,False,tabula,muscle
PNRC1,skin-smooth_muscle_cell,False,tabula,muscle
ZFP36L1,skin-smooth_muscle_cell,False,tabula,muscle
MT1X,skin-smooth_muscle_cell,False,tabula,muscle
RPL26,skin-smooth_muscle_cell,False,tabula,muscle
TPM2,skin-smooth_muscle_cell,False,tabula,muscle
MYL9,skin-smooth_muscle_cell,False,tabula,muscle
TAGLN,skin-smooth_muscle_cell,False,tabula,muscle
MYH11,skin-smooth_muscle_cell,False,tabula,muscle
DSTN,skin-smooth_muscle_cell,False,tabula,muscle
CALD1,skin-smooth_muscle_cell,False,tabula,muscle
ZFP36L2,skin-smooth_muscle_cell,False,tabula,muscle
DES,skin-smooth_muscle_cell,False,tabula,muscle
TXNIP,skin-smooth_muscle_cell,False,tabula,muscle
RHOB,skin-smooth_muscle_cell,False,tabula,muscle
PDK4,skin-smooth_muscle_cell,False,tabula,muscle
TPM4,skin-smooth_muscle_cell,False,tabula,muscle
