group,names,scores,logfoldchanges,pvals,pvals_adj,pct_nz_group,abs_lfc
mmMYOD1,MYOD1,69.67867,32.184513,0.0,0.0,1.0,32.184513
mmMYOD1,ESR1,38.310966,8.280114,0.0,0.0,0.5523944997629208,8.280114
mmMYOD1,ZNF704,7.038711,7.452746,1.940262569199307e-12,1.056262070823675e-11,0.10194404931247036,7.452746
mmMYOD1,BACH2,9.891577,7.3547206,4.52838742504789e-23,3.5032399721362146e-22,0.14366998577524892,7.3547206
mmMYOD1,BOLL,9.413764,6.132032,4.786827816211079e-21,3.4948029788209287e-20,0.1379800853485064,6.132032
mmMYOD1,SP140,6.358303,6.0984735,2.0399460518241584e-10,1.0052012796100074e-09,0.09293504030346135,6.0984735
mmMYOD1,NANOS1,-27.598892,-4.894578,1.1473158108763033e-167,5.300937737262802e-166,0.01422475106685633,4.894578
mmMYOD1,GATA3,3.4486687,4.0595098,0.0005633572610916031,0.0017966877906591856,0.05357989568515884,4.0595098
mmMYOD1,ZSCAN30,35.081253,3.8479772,1.3021264904707171e-269,1.1604217642123737e-267,0.5533428165007113,3.8479772
mmMYOD1,ATF3,31.773733,3.7167616,1.4930366945967657e-221,1.0299896668344961e-219,0.5547652916073968,3.7167616
mmMYOD1,FOSB,-26.619019,-3.680415,4.089366750424839e-156,1.7269126840495583e-154,0.028923660502607872,3.680415
mmMYOD1,TIGD6,12.089065,3.3690324,1.2065186503893546e-33,1.2148628887434748e-32,0.19867235656709342,3.3690324
mmMYOD1,ZNF483,2.7640932,3.345434,0.005708125777201343,0.01606280320403147,0.04504504504504504,3.345434
mmMYOD1,RARB,4.6101747,3.3183556,4.0233075847409095e-06,1.5509801191053243e-05,0.07728781412991939,3.3183556
mmMYOD1,FOS,-47.17845,-3.3161502,0.0,0.0,0.12754860123281175,3.3161502
mmMYOD1,ZNF442,4.8359866,3.2615218,1.3248671731707682e-06,5.283854714212833e-06,0.0820293978188715,3.2615218
mmMYOD1,CREB5,18.245268,3.2543216,2.2563144391671197e-74,4.380048541521164e-73,0.32147937411095306,3.2543216
mmMYOD1,EGR2,2.5381339,3.2343647,0.011144536968934131,0.02988024569336708,0.0431484115694642,3.2343647
mmMYOD1,IKZF2,18.456188,3.1849759,4.6502610021631455e-76,9.14782686694183e-75,0.3134186818397345,3.1849759
mmMYOD1,ZNF462,25.149881,3.110656,1.4174132134350705e-139,5.258498028272746e-138,0.43717401612138457,3.110656
mmMYOD1,ZFHX2,6.0435,3.0911338,1.5080630712634558e-09,7.125455741618767e-09,0.10431484115694642,3.0911338
mmMYOD1,SOX5,11.0206375,3.083135,3.038999954620119e-28,2.7111733830992883e-27,0.18871503082029398,3.083135
mmMYOD1,ZNF433,10.526238,3.0073512,6.539583753677943e-26,5.504680886037076e-25,0.18207681365576103,3.0073512
mmMYOD1,ZNF256,2.4397771,2.8980281,0.01469632587389923,0.038552838103308666,0.04220009483167378,2.8980281
mmMYOD1,FOXP2,4.881999,2.8476498,1.0501583191167154e-06,4.216663635819057e-06,0.0858226647700332,2.8476498
mmMYOD1,ZNF133,14.665602,2.8443696,1.070639496021471e-48,1.394950793931825e-47,0.25889046941678523,2.8443696
mmMYOD1,ZNF670,9.247013,2.838776,2.3085379717003143e-20,1.6432748120329525e-19,0.16880037932669512,2.838776
mmMYOD1,ZNF155,-6.03271,-2.8225987,1.612323402363776e-09,7.603729311109922e-09,0.010905642484589853,2.8225987
mmMYOD1,GADD45A,41.74326,2.7863975,0.0,0.0,0.8392603129445235,2.7863975
mmMYOD1,ZNF438,20.331999,2.770233,6.701487557725266e-92,1.5757619851695408e-90,0.3755334281650071,2.770233
mmMYOD1,ZNF773,7.6954174,2.753783,1.4103294100366246e-14,8.343366190913572e-14,0.1379800853485064,2.753783
mmMYOD1,ZNF610,4.790924,2.7280934,1.6601495663615154e-06,6.572879911592896e-06,0.0858226647700332,2.7280934
mmMYOD1,ZNF732,6.9810596,2.7252169,2.929623723545174e-12,1.5807721888605527e-11,0.12612612612612611,2.7252169
mmMYOD1,DDIT3,30.105867,2.7145438,4.060162982687884e-199,2.353578736399768e-197,0.6348980559506875,2.7145438
mmMYOD1,ZNF554,3.6199243,2.707696,0.00029468925017573554,0.0009665498628553726,0.07349454717875771,2.707696
mmMYOD1,ZNF267,18.78376,2.694825,1.0255326412543861e-78,2.0811497894888442e-77,0.34186818397344715,2.694825
mmMYOD1,RELB,16.352665,2.6881804,4.1636214283109046e-60,6.541117177400356e-59,0.30346135609293506,2.6881804
mmMYOD1,ZNF408,4.3039446,2.6755145,1.6778363150636323e-05,6.149938085746997e-05,0.07918444760550024,2.6755145
mmMYOD1,ZNF841,10.003533,2.6723979,1.470544552836701e-23,1.156212768983883e-22,0.18018018018018017,2.6723979
mmMYOD1,ZNF441,8.061801,2.6621432,7.517862646802566e-16,4.642720503112944e-15,0.1512565196775723,2.6621432
mmMYOD1,SOX15,4.3320417,2.6198337,1.4773290788483874e-05,5.442882858985041e-05,0.07965860597439545,2.6198337
mmMYOD1,NR3C2,4.6168346,2.5858977,3.896374786349675e-06,1.5038997749656067e-05,0.08345187292555714,2.5858977
mmMYOD1,NFAT5,48.234932,2.5571055,0.0,0.0,0.8563300142247511,2.5571055
mmMYOD1,ZHX2,13.374191,2.5510905,8.557989309755829e-41,9.76796573814519e-40,0.25130393551446184,2.5510905
mmMYOD1,HEYL,2.3970642,2.5249267,0.016527031188896004,0.04300393963345114,0.04599336178283547,2.5249267
mmMYOD1,TBX19,2.5631788,2.5119932,0.010371865918753243,0.02797183631214922,0.04694167852062589,2.5119932
mmMYOD1,ZNF169,3.3445446,2.5030186,0.0008241778389689686,0.0025779492185187248,0.06258890469416785,2.5030186
mmMYOD1,ZNF782,7.6578646,2.4834023,1.890503415668692e-14,1.1134051395854982e-13,0.14461830251303937,2.4834023
mmMYOD1,POU2F2,28.298962,2.4543452,3.5590981053355925e-176,1.75102032915155e-174,0.5433854907539118,2.4543452
mmMYOD1,ZNF594,8.509704,2.4325366,1.7437879517636784e-17,1.1413470435981712e-16,0.16168800379326695,2.4325366
mmMYOD1,ZNF587,18.50698,2.4247751,1.8138811536410434e-76,3.5879314257092423e-75,0.34992887624466573,2.4247751
mmMYOD1,ZNF18,3.3826957,2.4118915,0.0007177810047205287,0.002261768492600641,0.06353722143195828,2.4118915
mmMYOD1,STAT4,4.363604,2.4064696,1.279369630897175e-05,4.7379435517490474e-05,0.08724513987671882,2.4064696
mmMYOD1,ZNF620,5.1630225,2.3936188,2.42993621609573e-07,1.0192707323864199e-06,0.09815078236130868,2.3936188
mmMYOD1,ZNF177,8.220302,2.3920267,2.0299260543690356e-16,1.2836719255936715e-15,0.1602655286865813,2.3920267
mmMYOD1,SOX13,2.7364943,2.3855271,0.006209766566629459,0.01736903544750753,0.05310573731626363,2.3855271
mmMYOD1,MAFF,19.914463,2.378461,3.0490179784884826e-88,6.909819748172722e-87,0.39971550497866287,2.378461
mmMYOD1,ZNF582,3.2440755,2.3730402,0.0011783250248567343,0.0036161293226056788,0.06401137980085349,2.3730402
mmMYOD1,ZNF385D,6.37093,2.3671613,1.878853818969574e-10,9.274641698134452e-10,0.12470365101944049,2.3671613
mmMYOD1,ZNF707,3.2276986,2.365405,0.0012479040040354872,0.0038216964741416984,0.06164058795637743,2.365405
mmMYOD1,NFKB1,27.579325,2.3630626,1.9698667025575016e-167,9.067904773059734e-166,0.5509720246562352,2.3630626
mmMYOD1,ZBTB49,2.707614,2.3489256,0.006776880752863303,0.018844873396936378,0.05215742057847321,2.3489256
mmMYOD1,HLX,7.983775,2.3468256,1.4192426741532593e-15,8.689651600524673e-15,0.15789473684210525,2.3468256
mmMYOD1,HHAT,13.193218,2.3452756,9.599766371039854e-40,1.0775318218896461e-38,0.26363205310573734,2.3452756
mmMYOD1,EDN1,17.202007,2.339077,2.564890102933639e-66,4.448059415350705e-65,0.35941204362256995,2.339077
mmMYOD1,HIVEP2,22.419806,2.333649,2.522866572464061e-111,7.203834060164767e-110,0.4523470839260313,2.333649
mmMYOD1,RUNX1,37.844135,2.3315918,0.0,0.0,0.7780938833570412,2.3315918
mmMYOD1,ZNF493,8.499488,2.3249207,1.90428728430393e-17,1.245420793249909e-16,0.16737790422000948,2.3249207
mmMYOD1,ZNF30,2.9391842,2.3071797,0.0032907757036344134,0.009591201719089034,0.05832147937411095,2.3071797
mmMYOD1,ZNF202,3.7697425,2.3043017,0.00016341602327732787,0.0005503313683312055,0.07586533902323377,2.3043017
mmMYOD1,ZNF562,17.794199,2.3024335,7.838115137989893e-71,1.4528651316472458e-69,0.3489805595068753,2.3024335
mmMYOD1,ZSCAN12,5.7643704,2.301809,8.196328315569496e-09,3.7230628274712735e-08,0.11522048364153627,2.301809
mmMYOD1,NR1D1,12.720912,2.2978623,4.525486414427029e-37,4.8575752588976285e-36,0.2797534376481745,2.2978623
mmMYOD1,ARG2,-5.312523,-2.2976289,1.0811779243074183e-07,4.637694001457069e-07,0.01422475106685633,2.2976289
mmMYOD1,ZFP69B,2.7707577,2.2920623,0.005592601486738566,0.015757192442721328,0.05405405405405406,2.2920623
mmMYOD1,ZNF675,12.859917,2.2892778,7.56583585628741e-38,8.230393636539937e-37,0.25367472735893787,2.2892778
mmMYOD1,ZNF510,8.91101,2.2862833,5.056973437124091e-19,3.4647531822834877e-18,0.173067804646752,2.2862833
mmMYOD1,ZNF772,5.459175,2.2852824,4.7835196511145136e-08,2.086187723845518e-07,0.10715979137031768,2.2852824
mmMYOD1,ZNF398,12.833837,2.2845306,1.0598280627125715e-37,1.1494246143979306e-36,0.2550972024656235,2.2845306
mmMYOD1,ZBTB43,14.983158,2.2753673,9.46125519275247e-51,1.277932861579867e-49,0.30440967283072545,2.2753673
mmMYOD1,ZSCAN32,7.4560103,2.2685814,8.918190319505266e-14,5.125759053960313e-13,0.14888572783309625,2.2685814
mmMYOD1,ZNF844,10.323682,2.264854,5.507020107985983e-25,4.523017302203509e-24,0.21906116642958748,2.264854
mmMYOD1,ETV4,5.526221,2.263186,3.2720214984452515e-08,1.4413010090424976e-07,0.11474632527264106,2.263186
mmMYOD1,YY2,5.6536384,2.2497275,1.570865663490044e-08,7.033366340982957e-08,0.11095305832147938,2.2497275
mmMYOD1,ZNF682,7.4647255,2.2464862,8.347344431577895e-14,4.804279458873216e-13,0.15362731152204837,2.2464862
mmMYOD1,ZNF44,16.099825,2.2450116,2.5583044082533144e-58,3.947323412906932e-57,0.32479848269321954,2.2450116
mmMYOD1,IRF1,45.856625,2.2352328,0.0,0.0,0.9174964438122333,2.2352328
mmMYOD1,ZNF542P,14.478444,2.2307708,1.658085398692265e-47,2.120621785191609e-46,0.29492650545282123,2.2307708
mmMYOD1,ZNF763,2.5946035,2.2258687,0.009470011404680264,0.025729415818162436,0.05263157894736842,2.2258687
mmMYOD1,ZNF273,6.2827888,2.2126622,3.3255280513437367e-10,1.6230339789855751e-09,0.12470365101944049,2.2126622
mmMYOD1,HIVEP3,15.726097,2.206247,1.0019972414136969e-55,1.4742664465030434e-54,0.3181602655286866,2.206247
mmMYOD1,ZNF90,5.775108,2.1978717,7.690379570333788e-09,3.4970489413528005e-08,0.1166429587482219,2.1978717
mmMYOD1,ZNF625,14.080048,2.193944,5.037616886264186e-45,6.19302906557819e-44,0.28686581318160265,2.193944
mmMYOD1,ZNF765,7.0346146,2.1882913,1.9981275748253755e-12,1.0870543282376071e-11,0.13987671882408725,2.1882913
mmMYOD1,NR6A1,14.832927,2.1806982,8.973382438521332e-50,1.1921031460236137e-48,0.30488383119962065,2.1806982
mmMYOD1,ZNF578,6.324315,2.1718035,2.5435835214175954e-10,1.2479705827456785e-09,0.12754860123281175,2.1718035
mmMYOD1,ZNF75A,19.082125,2.1664083,3.5550846053551344e-81,7.481212494731368e-80,0.38501659554291134,2.1664083
mmMYOD1,YOD1,5.654208,2.1625116,1.565665429076023e-08,7.012590533879766e-08,0.11711711711711711,2.1625116
mmMYOD1,ZNF627,8.911504,2.1530063,5.034502716570423e-19,3.450301505975822e-18,0.18729255571360834,2.1530063
mmMYOD1,ZNF691,2.5386465,2.1502168,0.011128221255211804,0.02983969554267202,0.05263157894736842,2.1502168
mmMYOD1,ETV7,15.359838,2.150207,3.043369884852513e-53,4.2624199472302365e-52,0.31436699857752487,2.150207
mmMYOD1,ZNF654,20.20603,2.1499226,8.664290352688092e-91,2.0145882916621652e-89,0.40825035561877665,2.1499226
mmMYOD1,ETS2,17.46168,2.132622,2.8055675057970854e-68,5.0076280456286964e-67,0.3831199620673305,2.132622
mmMYOD1,ZNF175,6.4641457,2.1321864,1.0187265731673169e-10,5.101169935064177e-10,0.1327643432906591,2.1321864
mmMYOD1,ZNF341,2.4171817,2.1277435,0.015641208439457592,0.040877389035785534,0.049786628733997154,2.1277435
mmMYOD1,ZNF697,7.8994646,2.0907667,2.8010343452034138e-15,1.7025121862277642e-14,0.17117117117117117,2.0907667
mmMYOD1,THRA,-18.006063,-2.0838664,1.7461237539108573e-72,3.310100760441763e-71,0.08345187292555714,2.0838664
mmMYOD1,ZNF461,4.769463,2.0801911,1.8471754937945468e-06,7.2765406190975365e-06,0.0990990990990991,2.0801911
mmMYOD1,NR2C2,9.838861,2.0775332,7.657212407981526e-23,5.889186520905202e-22,0.20388809862494073,2.0775332
mmMYOD1,ZNF419,5.695369,2.0742362,1.2310557815835377e-08,5.5442420671390656e-08,0.11711711711711711,2.0742362
mmMYOD1,ZNF350,6.584884,2.074134,4.5523991807489673e-11,2.3213435203485164e-10,0.13845424371740161,2.074134
mmMYOD1,ZNF66,9.09334,2.0687592,9.604220791251884e-20,6.714374568803173e-19,0.1944049312470365,2.0687592
mmMYOD1,ZNF224,7.6315,2.0685906,2.3203807224266555e-14,1.3598636567050855e-13,0.15647226173541964,2.0685906
mmMYOD1,ZNF140,7.0361667,2.0590353,1.9760054035277875e-12,1.0752526578692494e-11,0.14793741109530584,2.0590353
mmMYOD1,ZNF583,7.4767118,2.0509722,7.620543607086504e-14,4.3930398943061747e-13,0.16073968705547653,2.0509722
mmMYOD1,MSANTD3,28.704887,2.0398216,3.3153743878654033e-181,1.6909084607113124e-179,0.6187766714082503,2.0398216
mmMYOD1,ZBTB40,8.339397,2.0366936,7.467011337156567e-17,4.779879803299457e-16,0.1763869132290185,2.0366936
mmMYOD1,ZNF649,8.141355,2.0290017,3.908789584846096e-16,2.4458747822017975e-15,0.17496443812233287,2.0290017
mmMYOD1,MYC,20.417555,2.021633,1.16766200934948e-92,2.7716200984009175e-91,0.4703651019440493,2.021633
mmMYOD1,NFKB2,13.344812,2.0141075,1.269904715468235e-40,1.4454979038525247e-39,0.29966808914177334,2.0141075
mmMYOD1,ZSCAN16,2.4553092,2.004821,0.01407634861066405,0.03708183483150106,0.05215742057847321,2.004821
mmMYOD1,PPP1R10,29.785933,2.0034745,5.943328887936927e-195,3.300063015780854e-193,0.6410621147463252,2.0034745
mmMYOD1,ZNF223,2.390295,1.9974921,0.016834845385450832,0.04374125317933801,0.049786628733997154,1.9974921
mmMYOD1,TCF7L1,9.126725,1.9969211,7.060251336973291e-20,4.959405721752739e-19,0.206733048838312,1.9969211
mmMYOD1,ZNF394,8.089651,1.9965484,5.983586536469537e-16,3.7135309552978976e-15,0.1763869132290185,1.9965484
mmMYOD1,THRB,7.401145,1.9919994,1.3501526575109348e-13,7.703468409521264e-13,0.15457562825983878,1.9919994
mmMYOD1,ZBTB34,4.22909,1.9887657,2.3463841816167754e-05,8.49474521845414e-05,0.09009009009009009,1.9887657
mmMYOD1,ZNF274,11.267379,1.9733835,1.9014688797280426e-29,1.7435585384895512e-28,0.24561403508771928,1.9733835
mmMYOD1,ZNF595,3.849254,1.9729737,0.00011847816855095887,0.00040415887438402287,0.08297771455666192,1.9729737
mmMYOD1,ZNF776,4.294261,1.9637288,1.7527630730962362e-05,6.413309888438918e-05,0.0953058321479374,1.9637288
mmMYOD1,ZNF101,4.4281864,1.9550223,9.502877736056316e-06,3.557647843718378e-05,0.09435751541014699,1.9550223
mmMYOD1,ZNF3,6.551314,1.9482182,5.7033046064273875e-11,2.8946524919771915e-10,0.1427216690374585,1.9482182
mmMYOD1,ZNF134,5.521056,1.9478685,3.369679630194696e-08,1.4817123318583946e-07,0.12138454243717402,1.9478685
mmMYOD1,ZNF440,6.664082,1.941383,2.663242831839777e-11,1.3751118968027153e-10,0.14414414414414414,1.941383
mmMYOD1,GATA6,3.7759042,1.9381229,0.00015942833165318764,0.0005375527509437356,0.0858226647700332,1.9381229
mmMYOD1,HES1,-27.694324,-1.9347223,8.172427593530428e-169,3.811060182442998e-167,0.14841156946420103,1.9347223
mmMYOD1,FOXO1,5.612435,1.9241796,1.9949930835322923e-08,8.884690876367715e-08,0.12375533428165007,1.9241796
mmMYOD1,ZNF484,5.660061,1.9215451,1.5131923815259833e-08,6.78241697121419e-08,0.12470365101944049,1.9215451
mmMYOD1,ZNF680,5.793716,1.9127023,6.884588173161157e-09,3.140897377159805e-08,0.12849691797060217,1.9127023
mmMYOD1,ZNF425,4.495009,1.9088787,6.956697622100617e-06,2.6339525529580234e-05,0.09720246562351825,1.9088787
mmMYOD1,ZSCAN9,5.291513,1.9079436,1.213085663115613e-07,5.183090117000714e-07,0.11711711711711711,1.9079436
mmMYOD1,ZNF573,5.754027,1.9009917,8.714238182524854e-09,3.9532962421519456e-08,0.12849691797060217,1.9009917
mmMYOD1,PRDM10,4.856883,1.8914332,1.1924810241547629e-06,4.776409118183553e-06,0.10573731626363206,1.8914332
mmMYOD1,CCNT2,15.81065,1.8857478,2.6274245431368126e-56,3.902489051555876e-55,0.34992887624466573,1.8857478
mmMYOD1,ZNF383,3.7875435,1.8840212,0.0001521439950217838,0.0005140993014890716,0.0820293978188715,1.8840212
mmMYOD1,ZNF107,12.455724,1.8822207,1.301652776015048e-35,1.3592989498318947e-34,0.2750118539592224,1.8822207
mmMYOD1,ZBTB26,4.587608,1.878769,4.48354106091332e-06,1.7212453663558387e-05,0.10573731626363206,1.878769
mmMYOD1,TIGD1,7.528045,1.8632461,5.150564990016087e-14,2.9863498143084707e-13,0.1716453295400664,1.8632461
mmMYOD1,ZNF615,3.5346453,1.8611879,0.00040832267291018116,0.0013204050071044366,0.07728781412991939,1.8611879
mmMYOD1,POLR3A,19.817663,1.8561542,2.0961685741489717e-87,4.7036069385159994e-86,0.44049312470365104,1.8561542
mmMYOD1,ZNF35,9.731254,1.8542721,2.2184232675072152e-22,1.681409063708102e-21,0.21811284969179706,1.8542721
mmMYOD1,ZNF404,2.825319,1.8533545,0.004723354545956319,0.01343048081524221,0.06353722143195828,1.8533545
mmMYOD1,FOXF1,8.752695,1.8515073,2.083176397114481e-18,1.4008298425494317e-17,0.20768136557610242,1.8515073
mmMYOD1,ZNF543,2.3554144,1.8506455,0.018502057348384983,0.04774613768737188,0.05405405405405406,1.8506455
mmMYOD1,MSC,4.491563,1.8464395,7.070244423856681e-06,2.6757301021946354e-05,0.10526315789473684,1.8464395
mmMYOD1,ZNF317,5.575589,1.8456135,2.466936097073584e-08,1.0951429488196541e-07,0.1289710763394974,1.8456135
mmMYOD1,ZNF26,7.2289495,1.8454552,4.867441634580059e-13,2.7238094617464546e-12,0.16500711237553342,1.8454552
mmMYOD1,ZNF717,5.8070736,1.8401364,6.35741194555457e-09,2.9030326393249006e-08,0.12612612612612611,1.8401364
mmMYOD1,ZNF138,9.165773,1.8310138,4.919277847131408e-20,3.4769561345714005e-19,0.20388809862494073,1.8310138
mmMYOD1,POLR3G,9.511446,1.8294953,1.8803005009121176e-21,1.3889818626501845e-20,0.21526789947842578,1.8294953
mmMYOD1,MEIS1,18.463152,1.8262212,4.0877694741818335e-76,8.053967204757e-75,0.4186818397344713,1.8262212
mmMYOD1,ZNF311,2.566174,1.8251792,0.010282723507017559,0.02775382216670982,0.0559506875296349,1.8251792
mmMYOD1,ZNF16,5.0219197,1.8234297,5.115753756157498e-07,2.0980790298345243e-06,0.1161688003793267,1.8234297
mmMYOD1,CD59,-58.791363,-1.8158313,0.0,0.0,0.8648648648648649,1.8158313
mmMYOD1,ZNF91,10.317449,1.8153737,5.87638691314113e-25,4.82322127429958e-24,0.23470839260312945,1.8153737
mmMYOD1,NPAS2,9.333151,1.8153082,1.0276927558683772e-20,7.416565415693342e-20,0.21716453295400664,1.8153082
mmMYOD1,MTF2,20.890198,1.8082532,6.57468116743646e-97,1.6497311201898183e-95,0.465149359886202,1.8082532
mmMYOD1,ZNF525,3.8493536,1.7979958,0.00011842996571679119,0.0004040494824904475,0.08724513987671882,1.7979958
mmMYOD1,MXD1,7.9582224,1.7975987,1.7452829137159351e-15,1.0665049957363212e-14,0.19108582266477003,1.7975987
mmMYOD1,CAT,-20.577911,-1.7877064,4.329459208191415e-94,1.0515840687830205e-92,0.13655761024182078,1.7877064
mmMYOD1,MGA,14.196566,1.7773488,9.621338284380605e-46,1.196556644356386e-44,0.32906590801327645,1.7773488
mmMYOD1,BCL11A,2.9283278,1.7734538,0.0034079053247758747,0.009915274212041065,0.06922712185870081,1.7734538
mmMYOD1,ZNF564,4.463456,1.7710872,8.064810796868136e-06,3.041551083963432e-05,0.10146989094357516,1.7710872
mmMYOD1,ZNF646,4.411064,1.760299,1.0286384172578098e-05,3.842694284269698e-05,0.10194404931247036,1.760299
mmMYOD1,ZNF529,7.8741827,1.7556674,3.429776746438911e-15,2.0781144273971257e-14,0.1906116642958748,1.7556674
mmMYOD1,NCOA1,18.121357,1.7533276,2.16194022532069e-73,4.1581649095607315e-72,0.42342342342342343,1.7533276
mmMYOD1,ZSCAN20,2.3976812,1.7522901,0.016499217000421444,0.0429360274472154,0.056424845898530106,1.7522901
mmMYOD1,FOXN2,19.467482,1.7519294,2.0721129421338904e-84,4.492627904494968e-83,0.4447605500237079,1.7519294
mmMYOD1,PRDM15,3.2654035,1.7454833,0.0010930823103227072,0.003367322821392697,0.07823613086770982,1.7454833
mmMYOD1,ZNF790,4.135082,1.7417594,3.5482856264887455e-05,0.00012670207993516493,0.10004741583688952,1.7417594
mmMYOD1,ZNF567,6.537097,1.7416703,6.272446913142965e-11,3.177075558230706e-10,0.1541014698909436,1.7416703
mmMYOD1,NFATC3,14.686944,1.7386736,7.816019525121874e-49,1.0199518548624386e-47,0.3385490753911807,1.7386736
mmMYOD1,BHLHE41,4.5398107,1.7337798,5.630474445526205e-06,2.1464201714852676e-05,0.13181602655286867,1.7337798
mmMYOD1,ZNF430,9.182701,1.7261192,4.2040999601754545e-20,2.9773492987192796e-19,0.2195353247984827,1.7261192
mmMYOD1,TIGD7,3.7976024,1.7250133,0.00014610244459131052,0.0004942849793914615,0.09198672356567093,1.7250133
mmMYOD1,ZNF550,2.3957112,1.7248002,0.016588152597332317,0.043140566761075486,0.05689900426742532,1.7248002
mmMYOD1,ZNF92,7.122713,1.7223846,1.0582306157724143e-12,5.828064895573521e-12,0.1716453295400664,1.7223846
mmMYOD1,ZNF579,4.611717,1.7159171,3.993556063185356e-06,1.5399850775221387e-05,0.11142721669037459,1.7159171
mmMYOD1,ZNF343,4.764446,1.7136935,1.893735907776717e-06,7.451749623278528e-06,0.1161688003793267,1.7136935
mmMYOD1,ZNF45,3.0787063,1.7109685,0.0020790157190522128,0.006218670764035536,0.07064959696538643,1.7109685
mmMYOD1,ZNF121,10.211739,1.7070938,1.7568734388442433e-24,1.42288566156331e-23,0.24751066856330015,1.7070938
mmMYOD1,IKZF4,-4.083824,-1.7045476,4.4300572820132825e-05,0.0001567356519584298,0.01991465149359886,1.7045476
mmMYOD1,ZNF23,7.438157,1.7039313,1.0209978489237877e-13,5.8547808868215e-13,0.1806543385490754,1.7039313
mmMYOD1,NFE2L3,9.147645,1.7026483,5.818805739452091e-20,4.097709036202454e-19,0.2195353247984827,1.7026483
mmMYOD1,KDM4C,10.466104,1.6993555,1.236268711362598e-25,1.0312671908708254e-24,0.25604551920341395,1.6993555
mmMYOD1,CLK1,11.294792,1.6977855,1.3923295011538572e-29,1.282335982636811e-28,0.29113323850165956,1.6977855
mmMYOD1,FOSL1,33.173832,1.6967134,2.567766280259812e-241,1.996956620815721e-239,0.7667140825035562,1.6967134
mmMYOD1,BCL6,8.762108,1.694827,1.9163268296359005e-18,1.2903645191648889e-17,0.2413466097676624,1.694827
mmMYOD1,P4HB,-38.78893,-1.6936632,0.0,0.0,0.4438122332859175,1.6936632
mmMYOD1,MCTP2,3.6670043,1.6913188,0.0002454085188456807,0.0008123622113593571,0.08392603129445235,1.6913188
mmMYOD1,ZNF397,6.06967,1.6910535,1.28173370802108e-09,6.075558492573138e-09,0.1465149359886202,1.6910535
mmMYOD1,ZNF709,4.1034145,1.6853303,4.070965543555521e-05,0.00014454149885398745,0.09625414888572784,1.6853303
mmMYOD1,TRPS1,22.941063,1.6813129,1.8095680702721392e-116,5.4927519534248375e-115,0.5694642010431484,1.6813129
mmMYOD1,HMGA2,37.013153,1.6758558,7.035457201354294e-300,7.191098744339357e-298,0.8577524893314367,1.6758558
mmMYOD1,PRDM1,13.803234,1.674676,2.436714395218103e-43,2.89744548362069e-42,0.34992887624466573,1.674676
mmMYOD1,JUN,26.600672,1.6695626,6.667778992537579e-156,2.8062944795147232e-154,0.7131341868183974,1.6695626
mmMYOD1,ZNF669,4.2823224,1.6689712,1.849528415559681e-05,6.751587548461448e-05,0.10431484115694642,1.6689712
mmMYOD1,ZNF253,2.3601947,1.6679019,0.018265350191060663,0.04720339519964305,0.05737316263632053,1.6679019
mmMYOD1,ZNF257,2.4070375,1.667158,0.016082520506016947,0.041951924844966286,0.05689900426742532,1.667158
mmMYOD1,ZNF606,3.1017432,1.666548,0.00192384799002462,0.005775004667243131,0.07349454717875771,1.666548
mmMYOD1,ZFP82,5.274087,1.6656864,1.3341863064644514e-07,5.685958728128453e-07,0.12849691797060217,1.6656864
mmMYOD1,ZNF112,4.447473,1.6650112,8.688629771906766e-06,3.265016007624388e-05,0.11000474158368895,1.6650112
mmMYOD1,ZNF660,3.1571827,1.6648724,0.0015930149556373267,0.004829573912720331,0.07871028923660503,1.6648724
mmMYOD1,ZNF282,6.5554957,1.6617538,5.545726583508004e-11,2.8175306371314146e-10,0.16121384542437173,1.6617538
mmMYOD1,RFX7,20.319942,1.6582377,8.567662391594407e-92,2.0107910179035347e-90,0.49122807017543857,1.6582377
mmMYOD1,ZNF622,26.62018,1.6560863,3.9645324792204634e-156,1.6770240260918723e-154,0.6344238975817923,1.6560863
mmMYOD1,ZNF502,4.1193833,1.6538512,3.798875353255912e-05,0.00013532210042138627,0.10289236605026078,1.6538512
mmMYOD1,FOXO3,21.685234,1.6531094,2.8281111866293566e-104,7.672975117613472e-103,0.525841631104789,1.6531094
mmMYOD1,NFIX,-32.210976,-1.6511108,1.2390113884741791e-227,8.814580451752954e-226,0.3319108582266477,1.6511108
mmMYOD1,ZNF334,2.47499,1.6503464,0.013323992530978027,0.035207282996808247,0.05879563774300616,1.6503464
mmMYOD1,ODC1,14.924177,1.6501858,2.2944853845885857e-50,3.075936991481122e-49,0.3788525367472736,1.6501858
mmMYOD1,POU6F1,2.8952844,1.6431062,0.0037881522768987456,0.01094277417442593,0.06780464675201517,1.6431062
mmMYOD1,SOX9,6.7479086,1.6350089,1.499914481447318e-11,7.826809427881587e-11,0.16121384542437173,1.6350089
mmMYOD1,BACH1,31.034464,1.6271774,1.8488497267237613e-211,1.1691640115307179e-209,0.7392128971076339,1.6271774
mmMYOD1,ZNF565,2.911367,1.6245034,0.0035985109025374953,0.010435889985100632,0.07064959696538643,1.6245034
mmMYOD1,ZNF197,9.364215,1.6213967,7.661770230725943e-21,5.554894328831472e-20,0.22712185870080606,1.6213967
mmMYOD1,KLF10,22.2585,1.6209869,9.331910039127997e-110,2.634607567078278e-108,0.5870080606922712,1.6209869
mmMYOD1,ZNF574,4.5728354,1.6084874,4.8116852323301995e-06,1.8435468419218614e-05,0.11522048364153627,1.6084874
mmMYOD1,RREB1,16.415115,1.5983038,1.4909514355601853e-60,2.351159058520035e-59,0.4058795637743006,1.5983038
mmMYOD1,ZKSCAN4,2.386692,1.5976036,0.017000725163081938,0.04413561678767343,0.057847321005215745,1.5976036
mmMYOD1,ZNF439,5.06919,1.5968727,3.995124830771978e-07,1.6501058224013173e-06,0.13039355144618303,1.5968727
mmMYOD1,RLF,12.907761,1.59604,4.069632272826047e-38,4.444471494815084e-37,0.3314366998577525,1.59604
mmMYOD1,ZNF235,4.481955,1.59338,7.3962344519734545e-06,2.7965650482608977e-05,0.1119013750592698,1.59338
mmMYOD1,ZNF714,11.970487,1.5883306,5.073034077449639e-33,5.035232634462698e-32,0.30346135609293506,1.5883306
mmMYOD1,ZKSCAN5,5.841252,1.5826766,5.181002705455133e-09,2.3758042437283912e-08,0.14935988620199148,1.5826766
mmMYOD1,AEBP2,13.678887,1.5823474,1.3575341148161446e-42,1.591543506705332e-41,0.3793266951161688,1.5823474
mmMYOD1,ZNF431,11.296582,1.5751197,1.3642536026708164e-29,1.256940350186997e-28,0.2972972972972973,1.5751197
mmMYOD1,ZNF726,3.403535,1.5697873,0.0006651992808821333,0.0021046014392735795,0.08724513987671882,1.5697873
mmMYOD1,ZNF200,4.661712,1.5585806,3.1358942908557508e-06,1.2169388630343982e-05,0.11759127548601232,1.5585806
mmMYOD1,ZSCAN23,3.6495643,1.557628,0.0002626855979448323,0.000867146420212825,0.09340919867235657,1.557628
mmMYOD1,KLF5,3.9571187,1.5561305,7.585925187429533e-05,0.0002635864278390597,0.11427216690374585,1.5561305
mmMYOD1,ZBTB21,11.861217,1.5473305,1.8822035135319527e-32,1.8426169032786224e-31,0.31436699857752487,1.5473305
mmMYOD1,ZNF432,4.029277,1.5470184,5.594867226237368e-05,0.00019636533297748586,0.10241820768136557,1.5470184
mmMYOD1,ZGPAT,5.665031,1.5454779,1.4699795373515206e-08,6.593449323725018e-08,0.14746325272641062,1.5454779
mmMYOD1,ZNF613,2.5185573,1.5408698,0.01178366758190314,0.03145577268798832,0.06306306306306306,1.5408698
mmMYOD1,ZNF512,6.9227386,1.5387042,4.429951862062764e-12,2.3618236008042523e-11,0.1768610715979137,1.5387042
mmMYOD1,REL,11.172739,1.5374392,5.544447149888276e-29,5.0360553328800225e-28,0.31199620673304884,1.5374392
mmMYOD1,ZNF600,4.8201365,1.53619,1.4345984909905523e-06,5.707851193419989e-06,0.1289710763394974,1.53619
mmMYOD1,ZNF667,3.031422,1.5345229,0.0024340485215668065,0.00721769604228253,0.07633949739212897,1.5345229
mmMYOD1,MDM2,20.906546,1.5321454,4.6682807543321854e-97,1.1725485120359739e-95,0.5542911332385017,1.5321454
mmMYOD1,ZNF551,3.3301518,1.5311465,0.0008679863590130624,0.0027088876373884733,0.08534850640113797,1.5311465
mmMYOD1,KLF12,21.117876,1.5235513,5.449126086317422e-99,1.3924185250363355e-97,0.5381697486960645,1.5235513
mmMYOD1,FOXM1,-9.294198,-1.5214534,1.4832072485898095e-20,1.0648645619032686e-19,0.06590801327643434,1.5214534
mmMYOD1,ZNF587B,5.9154277,1.5209863,3.310146230611086e-09,1.5307974498054075e-08,0.15267899478425795,1.5209863
mmMYOD1,ZNF614,3.7645257,1.5173275,0.0001668655285193218,0.0005617215439146198,0.09672830725462304,1.5173275
mmMYOD1,RUNX2,10.287724,1.5167772,8.004656693950496e-25,6.5400526241405644e-24,0.2807017543859649,1.5167772
mmMYOD1,ZNF514,5.6222134,1.5120777,1.8852598395906774e-08,8.406459562505296e-08,0.1507823613086771,1.5120777
mmMYOD1,GTF2IRD1,9.317183,1.5082968,1.1947086461195741e-20,8.604513637079774e-20,0.2498814604077762,1.5082968
mmMYOD1,MSI2,12.253257,1.5065968,1.6138172015962026e-34,1.6549226192617568e-33,0.3153153153153153,1.5065968
mmMYOD1,ZNF585B,7.854359,1.5056343,4.018206013662184e-15,2.4299424050743393e-14,0.19677572309151256,1.5056343
mmMYOD1,ZBTB17,5.146945,1.5045865,2.6476315168050436e-07,1.1068779372926862e-06,0.1422475106685633,1.5045865
mmMYOD1,PRDM4,7.384331,1.5013005,1.532215321430733e-13,8.720394563470094e-13,0.1981981981981982,1.5013005
mmMYOD1,ZNF506,7.964555,1.4985526,1.6581950955066251e-15,1.014029831054381e-14,0.20483641536273114,1.4985526
mmMYOD1,POU2F1,10.283974,1.4936208,8.322429912828549e-25,6.797465423256769e-24,0.27833096254148887,1.4936208
mmMYOD1,ZNF468,3.178881,1.4910866,0.001478447790875579,0.004498030564828848,0.08440018966334756,1.4910866
mmMYOD1,TAF7,33.091423,1.4900138,3.9483287776346396e-240,3.042278438446974e-238,0.7956377430061641,1.4900138
mmMYOD1,ZNF721,17.799026,1.4893777,7.190877023217482e-71,1.3338810549289793e-69,0.46325272641062115,1.4893777
mmMYOD1,ZNF254,6.0716496,1.4881115,1.266030616931996e-09,6.0022602630085285e-09,0.15694642010431484,1.4881115
mmMYOD1,ZNF787,5.6643524,1.4852675,1.4758101078357788e-08,6.61841631812743e-08,0.15362731152204837,1.4852675
mmMYOD1,ZSCAN5A,4.2434874,1.4828978,2.2007260521296598e-05,7.98356972293654e-05,0.11284969179706021,1.4828978
mmMYOD1,ZNF791,13.55833,1.4822522,7.072849075266367e-42,8.207520229046356e-41,0.35704125177809387,1.4822522
mmMYOD1,NR4A1,-11.104601,-1.4785062,1.1914806264320292e-28,1.0732754621262905e-27,0.05832147937411095,1.4785062
mmMYOD1,ZNF195,9.950553,1.4780383,2.5078641297431785e-23,1.958276692766719e-22,0.26173541963015645,1.4780383
mmMYOD1,ZNF557,6.5486174,1.4775507,5.807211883496851e-11,2.946195299564995e-10,0.16880037932669512,1.4775507
mmMYOD1,ZNF470,2.569791,1.4764433,0.010175983934749241,0.027492392889631085,0.06780464675201517,1.4764433
mmMYOD1,ZNF559,4.874817,1.476107,1.0890948145787326e-06,4.367891150973834e-06,0.12802275960170698,1.476107
mmMYOD1,ZNF699,3.433493,1.472331,0.0005958580144161738,0.001895512753685191,0.10573731626363206,1.472331
mmMYOD1,ZFY,9.503248,1.4678078,2.0344321604606894e-21,1.500184044824988e-20,0.2541488857278331,1.4678078
mmMYOD1,PBX1,-28.57016,-1.4657719,1.5783227031529107e-179,7.889093239991056e-178,0.36415362731152207,1.4657719
mmMYOD1,GTF2I,7.7496467,1.4645387,9.214867531195547e-15,5.5008036404338234e-14,0.20578473210052156,1.4645387
mmMYOD1,TCF7,2.8776305,1.46279,0.004006742042795556,0.011527669374504402,0.07254623044096728,1.46279
mmMYOD1,ZNF629,5.6167307,1.459798,1.946041920149907e-08,8.672856694143793e-08,0.15173067804646753,1.459798
mmMYOD1,ZNF516,8.273415,1.454835,1.3017581409348376e-16,8.273763290682794e-16,0.24182076813655762,1.454835
mmMYOD1,ZNF689,4.419784,1.4543358,9.879947907718098e-06,3.693843766871852e-05,0.12233285917496443,1.4543358
mmMYOD1,ZNF43,8.180157,1.4540186,2.8347578374124413e-16,1.7836182352885013e-15,0.21858700806069228,1.4540186
mmMYOD1,HOMEZ,2.5593479,1.453192,0.010486873942028577,0.028250031976794283,0.07017543859649122,1.453192
mmMYOD1,PRDX5,-43.736584,-1.4522369,0.0,0.0,0.7197724039829303,1.4522369
mmMYOD1,HHEX,2.6315963,1.4506246,0.008498476185252436,0.023269061953978955,0.07728781412991939,1.4506246
mmMYOD1,ZNF250,2.9780235,1.4489208,0.00290113677936883,0.008528027612273064,0.08297771455666192,1.4489208
mmMYOD1,IRF7,23.502764,1.4478656,3.821810287400235e-122,1.2160835224533252e-120,0.6140350877192983,1.4478656
mmMYOD1,ZNF100,4.680159,1.4463885,2.8665269225328282e-06,1.11517115417224e-05,0.13086770981507823,1.4463885
mmMYOD1,NCOA2,18.205051,1.4416579,4.70615474923955e-74,9.114580605603775e-73,0.4788999525841631,1.4416579
mmMYOD1,GTPBP1,12.822819,1.4396968,1.2217613120724465e-37,1.32332814779058e-36,0.3404457088667615,1.4396968
mmMYOD1,ZNF829,3.8593743,1.4391507,0.00011367768854752179,0.000388577214934076,0.10621147463252727,1.4391507
mmMYOD1,ZNF141,4.922348,1.4384398,8.551200328637809e-07,3.4521869841971308e-06,0.13039355144618303,1.4384398
mmMYOD1,ZNF20,2.343737,1.435721,0.019091630581828688,0.049146033411816815,0.06543385490753911,1.435721
mmMYOD1,ZFP14,4.0229445,1.434984,5.747503619680289e-05,0.00020152476287319207,0.10763394973921289,1.434984
mmMYOD1,MXD3,-11.987998,-1.433587,4.1071228853321346e-33,4.0862364439605606e-32,0.09957325746799431,1.433587
mmMYOD1,BHLHE40,7.798934,1.4326681,6.2432270880390496e-15,3.747432711856996e-14,0.23138928402086298,1.4326681
mmMYOD1,ETV6,11.187677,1.431161,4.685460983481104e-29,4.263565187076083e-28,0.301090564248459,1.431161
mmMYOD1,HINFP,2.3938885,1.4278433,0.01667081953241366,0.04334205385493178,0.06970128022759602,1.4278433
mmMYOD1,ZFP30,6.5500417,1.421709,5.752102665022678e-11,2.9188278609422065e-10,0.18255097202465623,1.421709
mmMYOD1,ZNF417,3.5229015,1.421074,0.00042684998388947134,0.001377471301103111,0.0990990990990991,1.421074
mmMYOD1,ZNF786,3.1164682,1.41333,0.0018303143436285412,0.005507658230370816,0.08914177335229967,1.41333
mmMYOD1,GPBP1L1,16.514,1.4128702,2.9094461258766187e-61,4.6644270092319006e-60,0.44049312470365104,1.4128702
mmMYOD1,ZNF584,2.5166633,1.4115192,0.011847196220520379,0.03161187935580941,0.07159791370317686,1.4115192
mmMYOD1,GATAD2A,14.591108,1.4065326,3.199592880266742e-48,4.136510320477014e-47,0.39260312944523473,1.4065326
mmMYOD1,TBX15,5.898139,1.4032042,3.676238597322215e-09,1.6963399107083638e-08,0.16500711237553342,1.4032042
mmMYOD1,GTF2B,15.860246,1.4026875,1.1942527759018262e-56,1.7843960628957956e-55,0.43575154101469893,1.4026875
mmMYOD1,ZNF526,3.0932603,1.4015733,0.001979703619012512,0.005932950936729455,0.08914177335229967,1.4015733
mmMYOD1,ZNF234,4.499927,1.4003404,6.7976827926234785e-06,2.5756933347386468e-05,0.12612612612612611,1.4003404
mmMYOD1,ZBTB48,2.716244,1.3973942,0.006602726321382499,0.018400341925223742,0.07633949739212897,1.3973942
mmMYOD1,PML,25.38071,1.3963876,4.1185531560338775e-142,1.5556079658129768e-140,0.6377430061640588,1.3963876
mmMYOD1,ZNF718,7.6316895,1.396254,2.3169649437049645e-14,1.3581796844630083e-13,0.21005215742057848,1.396254
mmMYOD1,ZNF665,3.7450678,1.395696,0.00018034496123622493,0.0006054697036167777,0.10621147463252727,1.395696
mmMYOD1,LUZP1,18.925167,1.3956919,7.07647868758683e-80,1.46212194137417e-78,0.5064011379800853,1.3956919
mmMYOD1,FANK1,2.731358,1.3951291,0.006307388956386571,0.01763027505813512,0.07586533902323377,1.3951291
mmMYOD1,MSX1,7.8011365,1.3942107,6.135203287327793e-15,3.686126696767336e-14,0.22569938359412042,1.3942107
mmMYOD1,ZNF568,6.204336,1.3920695,5.492831320848738e-10,2.6523617804993075e-09,0.17022285443338075,1.3920695
mmMYOD1,ZNF212,2.4263766,1.3920145,0.01525043988814263,0.03994106918664855,0.07302038880986249,1.3920145
mmMYOD1,ZNF7,4.9811387,1.3904929,6.321116730776461e-07,2.575551662416273e-06,0.14035087719298245,1.3904929
mmMYOD1,ZNF85,5.2171855,1.3893911,1.8166244869286825e-07,7.667606674813428e-07,0.14935988620199148,1.3893911
mmMYOD1,ZNF354B,4.0463424,1.3862153,5.202416246777879e-05,0.0001831045785689552,0.11474632527264106,1.3862153
mmMYOD1,E2F8,-5.880955,-1.3854554,4.079054969291852e-09,1.8790966619022545e-08,0.04362256993835941,1.3854554
mmMYOD1,IRF9,25.733541,1.3842735,4.927029751448401e-146,1.8981950620887827e-144,0.6733048838311996,1.3842735
mmMYOD1,ZNF592,6.6831174,1.3822713,2.339118747148829e-11,1.211253342971484e-10,0.18492176386913228,1.3822713
mmMYOD1,ZNF486,7.2217197,1.3813235,5.133410220254934e-13,2.868158383213388e-12,0.19630156472261737,1.3813235
mmMYOD1,LCOR,16.750336,1.3791765,5.630750013576493e-63,9.295006054052903e-62,0.45614035087719296,1.3791765
mmMYOD1,ZNF626,7.148465,1.3776135,8.7753534923092e-13,4.853189093516056e-12,0.1981981981981982,1.3776135
mmMYOD1,ABL1,13.842002,1.3725274,1.42190176307006e-43,1.6963918032777724e-42,0.38549075391180654,1.3725274
mmMYOD1,RFX3,9.188351,1.3701054,3.989122418395482e-20,2.827500809551646e-19,0.26600284495021337,1.3701054
mmMYOD1,ZNF730,3.6166632,1.3666956,0.00029842528420490327,0.0009785473310277841,0.10194404931247036,1.3666956
mmMYOD1,HDX,12.409436,1.3639548,2.3228238224289916e-35,2.417629017509011e-34,0.35561877667140823,1.3639548
mmMYOD1,ZNF793,3.0941527,1.3594679,0.001973758077271754,0.005917257245425508,0.08487434803224277,1.3594679
mmMYOD1,ZNF528,7.1860847,1.3592724,6.667571113377044e-13,3.707520488784777e-12,0.19867235656709342,1.3592724
mmMYOD1,ZNF783,2.7621422,1.3578482,0.0057423486615065765,0.01615003315155522,0.08108108108108109,1.3578482
mmMYOD1,E2F6,6.436751,1.3575096,1.2205781917169869e-10,6.076683713116657e-10,0.1906116642958748,1.3575096
mmMYOD1,CHD2,24.924976,1.3562955,3.989523397011896e-137,1.4542306391262285e-135,0.6832622095779991,1.3562955
mmMYOD1,ETV3,9.00021,1.3561951,2.2528662099819163e-19,1.559753265976421e-18,0.26173541963015645,1.3561951
mmMYOD1,MITF,8.929162,1.3535416,4.2924651226973454e-19,2.947406405335534e-18,0.26932195353247984,1.3535416
mmMYOD1,CBFA2T2,10.470908,1.3459728,1.175104565795316e-25,9.805720938569245e-25,0.30346135609293506,1.3459728
mmMYOD1,NCOA3,21.112963,1.345435,6.046192723540566e-99,1.543412417766594e-97,0.5727833096254149,1.345435
mmMYOD1,ZNF875,6.432313,1.3452572,1.2567682477641925e-10,6.25312745092607e-10,0.17923186344238975,1.3452572
mmMYOD1,EPAS1,-29.045395,-1.3426238,1.759336975408476e-185,9.217011828070932e-184,0.42816500711237554,1.3426238
mmMYOD1,ZNF251,6.4681664,1.3420705,9.91992302011102e-11,4.971277011599363e-10,0.1944049312470365,1.3420705
mmMYOD1,ZNF131,25.196491,1.3386477,4.376479224963305e-140,1.6308897730882604e-138,0.6661925082977714,1.3386477
mmMYOD1,ZNF136,3.3144965,1.3356285,0.0009180835427767783,0.0028538540315561174,0.09957325746799431,1.3356285
mmMYOD1,ZNF778,3.1434214,1.3351407,0.0016698529901211906,0.00504724907406335,0.10241820768136557,1.3351407
mmMYOD1,BANP,6.0254426,1.3327132,1.6864735993669278e-09,7.944445424256322e-09,0.18207681365576103,1.3327132
mmMYOD1,TERF2,9.126673,1.3258429,7.063656291067748e-20,4.960406080788517e-19,0.26600284495021337,1.3258429
mmMYOD1,STAT5B,6.845045,1.3240645,7.645170736253668e-12,4.033931006684879e-11,0.19867235656709342,1.3240645
mmMYOD1,TAF1A,5.1916943,1.3221226,2.0838899604896503e-07,8.772024271403903e-07,0.15836889521100048,1.3221226
mmMYOD1,HIVEP1,11.423444,1.317777,3.193243043287836e-30,2.972683728253308e-29,0.34471313418681837,1.317777
mmMYOD1,ZBTB2,4.9878416,1.3164512,6.105762154091797e-07,2.490641730945867e-06,0.14698909435751542,1.3164512
mmMYOD1,RAB2A,-41.850853,-1.3139528,0.0,0.0,0.7562825983878615,1.3139528
mmMYOD1,C19orf25,12.910571,1.3123019,3.9237988356381215e-38,4.2870754992168345e-37,0.36984352773826457,1.3123019
mmMYOD1,TRMO,4.84681,1.3107133,1.2546258822177522e-06,5.011699049688459e-06,0.14082503556187767,1.3107133
mmMYOD1,MTF1,6.718819,1.310427,1.8320297460738837e-11,9.53005585815999e-11,0.1944049312470365,1.310427
mmMYOD1,ZNF507,6.6788263,1.3091748,2.4086349989692636e-11,1.2464619692944534e-10,0.20578473210052156,1.3091748
mmMYOD1,ZNF521,8.425863,1.308512,3.581012486517564e-17,2.321400846165489e-16,0.2626837363679469,1.308512
mmMYOD1,ZNF678,3.4115098,1.3079776,0.0006460420015532487,0.0020465760661475593,0.09957325746799431,1.3079776
mmMYOD1,CDK2AP1,-25.776222,-1.3071791,1.6386482797976458e-146,6.3423539756866535e-145,0.34660976766239926,1.3071791
mmMYOD1,NUCB1,-20.312689,-1.3016545,9.931496583325394e-92,2.3286941707830947e-90,0.24371740161213845,1.3016545
mmMYOD1,ZNF764,3.6860728,1.2966926,0.00022774111260241893,0.0007566794403329938,0.12565196775723092,1.2966926
mmMYOD1,ZDHHC24,-9.417476,-1.295735,4.620626518054555e-21,3.3754296751785933e-20,0.0858226647700332,1.295735
mmMYOD1,ZNF320,6.4489603,1.2937386,1.1262008335013203e-10,5.62583707810494e-10,0.18302513039355145,1.2937386
mmMYOD1,UQCRB,-53.1182,-1.2935581,0.0,0.0,0.914651493598862,1.2935581
mmMYOD1,ZNF276,4.2452817,1.2847253,2.1831879546185617e-05,7.922242103978846e-05,0.1289710763394974,1.2847253
mmMYOD1,TGIF2,3.6550136,1.2823755,0.0002571682669150163,0.0008494931724160187,0.1119013750592698,1.2823755
mmMYOD1,HIC1,4.53645,1.28149,5.720907042748875e-06,2.1795672320784623e-05,0.14509246088193456,1.28149
mmMYOD1,ZNF566,3.447615,1.2804025,0.000565559658071175,0.0018032524773896569,0.103366524419156,1.2804025
mmMYOD1,TRMT1,6.1626673,1.2769352,7.152967201492696e-10,3.434137359274925e-09,0.1844476055002371,1.2769352
mmMYOD1,ZNF581,6.843531,1.2753276,7.726461395594778e-12,4.075106281981559e-11,0.20009483167377903,1.2753276
mmMYOD1,MAFG,6.5518265,1.2734103,5.683754396601472e-11,2.8853147699106844e-10,0.21906116642958748,1.2734103
mmMYOD1,ZSCAN21,2.3687248,1.2683471,0.017849526028937204,0.046185971359438464,0.0777619724988146,1.2683471
mmMYOD1,TGIF1,16.330406,1.2666867,5.998287708940642e-60,9.393941263745564e-59,0.5220483641536273,1.2666867
mmMYOD1,ZNF420,2.5671756,1.2641774,0.010253067691833801,0.027682730041930143,0.08108108108108109,1.2641774
mmMYOD1,HMGB1,-38.633125,-1.2637455,0.0,0.0,0.9075391180654339,1.2637455
mmMYOD1,ZNF33B,7.350481,1.2628597,1.9749513560523604e-13,1.1199441091092212e-12,0.22190611664295876,1.2628597
mmMYOD1,ZNF845,2.6186562,1.2576896,0.008827686673019735,0.024130873230625502,0.07823613086770982,1.2576896
mmMYOD1,MECOM,4.841327,1.255548,1.2897486297140871e-06,5.147893717771784e-06,0.15220483641536273,1.255548
mmMYOD1,SCMH1,15.265121,1.2552234,1.3058411966140874e-52,1.8116828390919653e-51,0.46894262683736365,1.2552234
mmMYOD1,ING3,10.026637,1.254806,1.1641457031596617e-23,9.187688842900803e-23,0.32100521574205787,1.254806
mmMYOD1,FOXK2,6.6780667,1.251977,2.421147664213737e-11,1.2524350301020533e-10,0.20625889046941678,1.251977
mmMYOD1,GZF1,6.1950984,1.2512306,5.824860445577648e-10,2.810523223085847e-09,0.2019914651493599,1.2512306
mmMYOD1,SNAPC4,4.7592525,1.2483698,1.943112779996983e-06,7.637644049079337e-06,0.14746325272641062,1.2483698
mmMYOD1,ZNF84,4.5413914,1.2391818,5.58841515865672e-06,2.1316845758275945e-05,0.14414414414414414,1.2391818
mmMYOD1,ZNF37A,12.548128,1.2380785,4.0702010102805894e-36,4.2934277042732315e-35,0.37221431958274065,1.2380785
mmMYOD1,ZNF12,3.4263866,1.2368107,0.0006116690382215759,0.00194334129093437,0.10621147463252727,1.2368107
mmMYOD1,WDR83,3.0076635,1.2363633,0.002632644823078161,0.007781958338170686,0.09009009009009009,1.2363633
mmMYOD1,RCOR1,6.9869075,1.2270035,2.810110779507531e-12,1.5175931451461633e-11,0.22569938359412042,1.2270035
mmMYOD1,MSRB3,-24.953842,-1.2242876,1.939854421079242e-137,7.08131696977644e-136,0.39497392128971076,1.2242876
mmMYOD1,E2F7,13.7982025,1.2235514,2.6128807445211443e-43,3.103973415763686e-42,0.45614035087719296,1.2235514
mmMYOD1,SIX5,-3.66615,-1.2210588,0.00024622952271206443,0.000814864504791267,0.032716927453769556,1.2210588
mmMYOD1,SETDB1,8.421387,1.2189742,3.720545164181774e-17,2.410605226427943e-16,0.26173541963015645,1.2189742
mmMYOD1,ZNF189,5.948637,1.218161,2.7038427464170425e-09,1.2564414558503539e-08,0.18492176386913228,1.218161
mmMYOD1,MBNL2,-19.493443,-1.217823,1.247959902408139e-84,2.710443354388952e-83,0.24561403508771928,1.217823
mmMYOD1,KMT2A,21.252764,1.2169905,3.1081617873623314e-100,8.040763169331354e-99,0.6187766714082503,1.2169905
mmMYOD1,ZNF500,3.2772093,1.2129269,0.001048386679546979,0.003236003849280839,0.10384068278805121,1.2129269
mmMYOD1,ZNF8,2.5571785,1.2091659,0.010552504326617912,0.028408494232118445,0.0777619724988146,1.2091659
mmMYOD1,ZFX,10.038219,1.2050468,1.0352613018713926e-23,8.188570284732601e-23,0.30915125651967756,1.2050468
mmMYOD1,ARID5A,5.262837,1.20397,1.4184955268231646e-07,6.031917979742858e-07,0.17496443812233287,1.20397
mmMYOD1,ZNF761,7.652562,1.2036349,1.9701397238446293e-14,1.160033834105742e-13,0.2332859174964438,1.2036349
mmMYOD1,DPF2,-9.185768,-1.2027235,4.086014863592102e-20,2.8953589194701023e-19,0.0862968231389284,1.2027235
mmMYOD1,ZNF286A,3.684834,1.1994853,0.00022885176461682777,0.0007601679121282134,0.11853959222380275,1.1994853
mmMYOD1,MEF2A,17.70002,1.196803,4.1916658470435e-70,7.701224955367816e-69,0.5324798482693219,1.196803
mmMYOD1,JAZF1,9.629271,1.1955014,6.015525152807035e-22,4.506155575129937e-21,0.37268847795163584,1.1955014
mmMYOD1,ZNF611,10.365075,1.1935489,3.5747855738223814e-25,2.9476384701896633e-24,0.3181602655286866,1.1935489
mmMYOD1,HMG20B,-16.867628,-1.1923357,7.78606290622159e-64,1.3050775588862185e-62,0.22095779990516834,1.1923357
mmMYOD1,ZNF426,6.165705,1.1849746,7.016962306920116e-10,3.3701336802818093e-09,0.20104314841156948,1.1849746
mmMYOD1,ZNF24,12.7561865,1.1848991,2.879574782021035e-37,3.100185369362458e-36,0.4011379800853485,1.1848991
mmMYOD1,ZNF451,16.63744,1.1825457,3.732413706160309e-62,6.081138843829958e-61,0.5059269796111902,1.1825457
mmMYOD1,ZNF429,5.026904,1.1819516,4.984614120715445e-07,2.0453007834008877e-06,0.1588430535798957,1.1819516
mmMYOD1,TBPL1,5.5206385,1.1773543,3.377700881492076e-08,1.4847180178045386e-07,0.1816026552868658,1.1773543
mmMYOD1,PAX3,9.721009,1.1751788,2.4533693506316275e-22,1.8566719636904568e-21,0.3105737316263632,1.1751788
mmMYOD1,KDM2B,6.6298757,1.1708498,3.359694848827602e-11,1.7272321577569451e-10,0.21811284969179706,1.1708498
mmMYOD1,ZNF708,5.5172634,1.1700928,3.443191818941326e-08,1.5127089391215558e-07,0.1853959222380275,1.1700928
mmMYOD1,OTUD4,10.199933,1.1666703,1.984084963981194e-24,1.6037913385415448e-23,0.31958274063537223,1.1666703
mmMYOD1,SMARCA1,-24.665728,-1.162043,2.495584222575808e-134,8.94054650954841e-133,0.42769084874348035,1.162043
mmMYOD1,RB1,-22.410492,-1.1600281,3.1098460026887886e-111,8.869790842748592e-110,0.35561877667140823,1.1600281
mmMYOD1,HMBOX1,8.044996,1.1582942,8.624779152422555e-16,5.315818841618647e-15,0.25841631104789,1.1582942
mmMYOD1,PHF8,4.3773894,1.1576074,1.2010932001897359e-05,4.459931186113785e-05,0.14035087719298245,1.1576074
mmMYOD1,GLIS1,4.162998,1.1571478,3.140956299139861e-05,0.00011262289181423309,0.17069701280227595,1.1571478
mmMYOD1,ZNF93,5.7317824,1.1560763,9.938064210679244e-09,4.4954661120633965e-08,0.19867235656709342,1.1560763
mmMYOD1,ZNF490,3.413717,1.1555264,0.0006408309370482796,0.0020308388161937507,0.11901375059269796,1.1555264
mmMYOD1,ETS1,21.150387,1.1511084,2.736869360386584e-99,7.015013564258019e-98,0.6941678520625889,1.1511084
mmMYOD1,NF1,18.295105,1.1479231,9.052614187108088e-75,1.7614262973858642e-73,0.559506875296349,1.1479231
mmMYOD1,ZNF766,4.851006,1.1418465,1.228367528029853e-06,4.913077725111576e-06,0.15836889521100048,1.1418465
mmMYOD1,BDP1,29.420673,1.1410817,2.9877102758183294e-190,1.6021036558253235e-188,0.822664770033191,1.1410817
mmMYOD1,ZNF544,7.6060896,1.1410588,2.825137217038816e-14,1.6506553007252924e-13,0.24371740161213845,1.1410588
mmMYOD1,ZNF546,2.8115435,1.1396556,0.004930442249245652,0.013989138319239702,0.10384068278805121,1.1396556
mmMYOD1,ZNF236,4.098217,1.1396282,4.16345200429654e-05,0.00014767870409574212,0.13608345187292556,1.1396282
mmMYOD1,NFX1,11.27111,1.1338043,1.8225816124689707e-29,1.6749023390623107e-28,0.36747273589378854,1.1338043
mmMYOD1,MTERF1,7.954392,1.1299145,1.8001372383533126e-15,1.099756933955688e-14,0.2650545282124229,1.1299145
mmMYOD1,ZSCAN25,3.2147062,1.1294521,0.0013057810532909652,0.003994059989802412,0.11522048364153627,1.1294521
mmMYOD1,FLI1,5.5209517,1.129098,3.3716832090748664e-08,1.4823330569110394e-07,0.18255097202465623,1.129098
mmMYOD1,SMAD6,-7.96231,-1.1280099,1.6885729052883397e-15,1.0323545579646143e-14,0.08060692271218586,1.1280099
mmMYOD1,HDAC8,15.465666,1.1233855,5.915846423046967e-54,8.422093583055268e-53,0.4954954954954955,1.1233855
mmMYOD1,ZNF329,2.874901,1.1214305,0.004041542471179401,0.011621116840426519,0.0990990990990991,1.1214305
mmMYOD1,HOXC10,-7.3979077,-1.12132,1.3834713792517172e-13,7.889977289733888e-13,0.07823613086770982,1.12132
mmMYOD1,ZNF674,2.8462057,1.1165539,0.0044243606404477985,0.012646369039846339,0.10052157420578474,1.1165539
mmMYOD1,MORN1,2.4559784,1.1158092,0.014050158643455482,0.03702452622849754,0.09246088193456614,1.1158092
mmMYOD1,KDM2A,16.95152,1.1150105,1.8753920470575822e-64,3.1667948511406594e-63,0.5376955903271693,1.1150105
mmMYOD1,PPARG,3.5805721,1.1146996,0.0003428427102910762,0.0011174628597044294,0.14461830251303937,1.1146996
mmMYOD1,NKX3-1,2.8190958,1.1091114,0.004815912845058506,0.013676580796774224,0.11332385016595543,1.1091114
mmMYOD1,PHF1,-7.2593017,-1.1049622,3.890942796636031e-13,2.186646981897655e-12,0.07539118065433854,1.1049622
mmMYOD1,PHF21A,12.608704,1.1041297,1.89077847710554e-36,2.0037610928344025e-35,0.42342342342342343,1.1041297
mmMYOD1,RBM22,16.229809,1.1027737,3.104200348101236e-59,4.843326175523436e-58,0.5092460881934566,1.1027737
mmMYOD1,ZNF561,4.6029167,1.1007261,4.1661507204158135e-06,1.6033309718864732e-05,0.1602655286865813,1.1007261
mmMYOD1,TRIM21,22.550806,1.094161,1.318600518243732e-112,3.835121275012721e-111,0.6794689426268373,1.094161
mmMYOD1,ZNF333,2.8138552,1.0883716,0.004895126240947727,0.01389365876978499,0.10052157420578474,1.0883716
mmMYOD1,ZNF496,4.321271,1.0872334,1.5513303532028463e-05,5.7012642654689876e-05,0.14793741109530584,1.0872334
mmMYOD1,ZNF69,6.4271383,1.0779961,1.300282881286123e-10,6.464499486433808e-10,0.2200094831673779,1.0779961
mmMYOD1,ZNF701,3.9489634,1.0779114,7.849034531311819e-05,0.0002723507312361238,0.14793741109530584,1.0779114
mmMYOD1,RPS10,-52.957325,-1.0741516,0.0,0.0,0.9724988146040777,1.0741516
mmMYOD1,HLTF,-20.09931,-1.0720618,7.4827738446708305e-90,1.7286312049653777e-88,0.34992887624466573,1.0720618
mmMYOD1,ZNF354C,2.579062,1.070469,0.00990690207038079,0.02682619394966217,0.08771929824561403,1.070469
mmMYOD1,MIEF1,7.735871,1.0695281,1.0269761783988016e-14,6.115942320918618e-14,0.28591749644381226,1.0695281
mmMYOD1,ZNF260,5.6541653,1.0577769,1.5660548659607037e-08,7.013080463767515e-08,0.19108582266477003,1.0577769
mmMYOD1,ZNF616,-5.8109946,-1.0577184,6.210270219626511e-09,2.836876812110308e-08,0.054528212422949265,1.0577184
mmMYOD1,CREM,13.265277,1.0575621,3.6805833089657256e-40,4.1705505530823396e-39,0.46088193456614507,1.0575621
mmMYOD1,TAF1,9.120042,1.0567913,7.509542452267253e-20,5.270570686369858e-19,0.3233760075865339,1.0567913
mmMYOD1,SOD1,-37.53271,-1.0547444,2.6973877980055513e-308,2.886666035797223e-306,0.8487434803224277,1.0547444
mmMYOD1,DEAF1,3.982695,1.0536565,6.813812055087315e-05,0.00023778077129807209,0.15599810336652442,1.0536565
mmMYOD1,CREB3L1,-22.276287,-1.0533546,6.275031531188494e-110,1.7755857582375398e-108,0.4115694642010431,1.0533546
mmMYOD1,CANX,-31.41299,-1.0520105,1.3450045271844693e-216,8.840315845079653e-215,0.74158368895211,1.0520105
mmMYOD1,ZNF487,2.4185297,1.0489409,0.01558336899134358,0.040734731344595605,0.0905642484589853,1.0489409
mmMYOD1,EGR1,4.6182256,1.0451995,3.870355263438092e-06,1.4940871975800323e-05,0.413466097676624,1.0451995
mmMYOD1,ZNF710,4.939617,1.0441234,7.827603635412751e-07,3.1707999067940164e-06,0.1811284969179706,1.0441234
mmMYOD1,BRF1,3.5059977,1.0440613,0.00045489928157016913,0.0014644025979020665,0.12802275960170698,1.0440613
mmMYOD1,FUBP1,24.145172,1.0332596,8.391549473377008e-129,2.8747083708933934e-127,0.7548601232811759,1.0332596
mmMYOD1,MEF2C,4.838341,1.0322789,1.3092718974342123e-06,5.224153418665957e-06,0.17117117117117117,1.0322789
mmMYOD1,TAF9,15.492263,1.0322057,3.9127263632278694e-54,5.586231105356459e-53,0.5457562825983878,1.0322057
mmMYOD1,CNOT4,16.229206,1.0303907,3.1348369583255423e-59,4.8880813891898026e-58,0.5637743006164059,1.0303907
mmMYOD1,ZNF688,-5.778293,-1.0292016,7.546227502518456e-09,3.432745306413572e-08,0.06306306306306306,1.0292016
mmMYOD1,ZNF532,7.8581,1.0241868,3.900039844403918e-15,2.359623043816451e-14,0.2878141299193931,1.0241868
mmMYOD1,ZNF655,10.15966,1.0206492,3.001201690758906e-24,2.41426574815241e-23,0.3632053105737316,1.0206492
mmMYOD1,CHD1,15.959866,1.0177047,2.4325579117175492e-57,3.687416175861433e-56,0.5405405405405406,1.0177047
mmMYOD1,ZNF808,3.5773633,1.0174618,0.00034707779388450663,0.0011308251515034888,0.13466097676623992,1.0174618
mmMYOD1,CEBPB,10.160657,1.0171903,2.9706721350960716e-24,2.390474666037141e-23,0.41109530583214793,1.0171903
mmMYOD1,ZNF830,8.5041685,1.0167274,1.8290173687786673e-17,1.1965060853959087e-16,0.32716927453769556,1.0167274
mmMYOD1,ZFHX3,15.157807,1.0123131,6.727798909210608e-52,9.22659037702366e-51,0.555239449976292,1.0123131
mmMYOD1,ADNP2,4.5136027,1.0120595,6.373551436998115e-06,2.418646387108756e-05,0.17828354670459934,1.0120595
mmMYOD1,CREBZF,4.9889665,1.0112705,6.070315673158322e-07,2.477796985936931e-06,0.19250829777145567,1.0112705
mmMYOD1,TRIM69,12.871727,1.0105473,6.493392938787332e-38,7.076046386993576e-37,0.4480796586059744,1.0105473
mmMYOD1,ZKSCAN8,3.9995468,1.0103933,6.346388501101811e-05,0.0002218401184318698,0.16548127074442864,1.0103933
mmMYOD1,PPARD,5.9887347,1.0070271,2.114799478778802e-09,9.893872501376926e-09,0.21052631578947367,1.0070271
mmMYOD1,SATB2,3.0760243,1.0066893,0.002097808062185879,0.00627338303000463,0.12470365101944049,1.0066893
mmMYOD1,ZNF124,7.060447,1.0039082,1.659674811583928e-12,9.06073177058747e-12,0.26884779516358465,1.0039082
mmMYOD1,TEAD3,-9.234291,-1.000687,2.6000181827005863e-20,1.8486557447810357e-19,0.11901375059269796,1.000687
mmMYOD1,USF1,3.3266296,0.99823403,0.000879031290633658,0.002740625196719132,0.12707444286391656,0.99823403
mmMYOD1,ZIC1,3.069934,0.9975592,0.002141061594258305,0.006390520195878006,0.13039355144618303,0.9975592
mmMYOD1,JRK,2.6446884,0.99646205,0.008176616540146689,0.022459959212145927,0.1161688003793267,0.99646205
mmMYOD1,CLOCK,14.896341,0.9957297,3.481287479890826e-50,4.656965869200111e-49,0.5149359886201992,0.9957297
mmMYOD1,ZNF800,8.37978,0.9880776,5.302691217752584e-17,3.408367388987685e-16,0.3233760075865339,0.9880776
mmMYOD1,ETFB,-21.614637,-0.9859051,1.3082387294769738e-103,3.507592533571989e-102,0.44523470839260315,0.9859051
mmMYOD1,ZBTB20,25.178173,0.9848891,6.947366154740721e-140,2.5812454487688e-138,0.8402086296823139,0.9848891
mmMYOD1,MLLT10,8.988495,0.9846085,2.5064023077409337e-19,1.7330410738449473e-18,0.3380749170222854,0.9846085
mmMYOD1,MEF2D,3.7287526,0.983872,0.00019242988001089693,0.0006443146216383047,0.1555239449976292,0.983872
mmMYOD1,NFATC4,-10.442374,-0.9824299,1.5878909114511586e-25,1.3210619337063094e-24,0.13466097676623992,0.9824299
mmMYOD1,ZNF415,2.7220874,0.9807673,0.006487099259394336,0.018090193725362247,0.09957325746799431,0.9807673
mmMYOD1,UGP2,-23.496326,-0.9804316,4.447136098482594e-122,1.4132637332259025e-120,0.5329540066382171,0.9804316
mmMYOD1,FOXN3,9.760537,0.9795759,1.6627192363927743e-22,1.2636666196585084e-21,0.3632053105737316,0.9795759
mmMYOD1,THAP1,7.9949636,0.9773943,1.2961188933823567e-15,7.953298046577058e-15,0.32527264106211473,0.9773943
mmMYOD1,RNF114,23.373566,0.9728596,7.938984038995864e-121,2.5070370530206106e-119,0.7614983404457089,0.9728596
mmMYOD1,ZNF644,15.61715,0.9710274,5.5637351181124945e-55,8.067577002187208e-54,0.5467045993361783,0.9710274
mmMYOD1,IKZF5,2.3823059,0.96956223,0.01720460031097427,0.04461864136158013,0.10763394973921289,0.96956223
mmMYOD1,ANXA11,-17.919096,-0.96780527,8.367821755927277e-72,1.5637835254621705e-70,0.3314366998577525,0.96780527
mmMYOD1,KDM7A,2.4251707,0.9631084,0.015301187030224303,0.04006402400782905,0.09435751541014699,0.9631084
mmMYOD1,ZNF480,8.840057,0.96290666,9.566937250479283e-19,6.5066605819256435e-18,0.32716927453769556,0.96290666
mmMYOD1,AFF4,24.607098,0.9623811,1.0604892006005683e-133,3.7776345037609436e-132,0.8055950687529635,0.9623811
mmMYOD1,SP110,35.061146,0.9584343,2.637376376771136e-269,2.3420276321667657e-267,0.9193930772878142,0.9584343
mmMYOD1,ZNF569,3.275187,0.9578992,0.0010559205858899174,0.0032580536362561995,0.1299193930772878,0.9578992
mmMYOD1,ZBTB6,2.7752578,0.9489852,0.0055157954238747526,0.01555479155458013,0.12091038406827881,0.9489852
mmMYOD1,DNMT3A,2.908068,0.9461288,0.0036366941591108046,0.010539300443519589,0.1119013750592698,0.9461288
mmMYOD1,PIK3C3,9.778243,0.9406957,1.396124635007123e-22,1.0629903651519725e-21,0.37268847795163584,0.9406957
mmMYOD1,ZNF518A,8.5862665,0.9382782,8.98408341134082e-18,5.931437299941915e-17,0.33428165007112376,0.9382782
mmMYOD1,ACO1,13.896402,0.9361759,6.660626178962091e-44,8.007460430800225e-43,0.5362731152204836,0.9361759
mmMYOD1,PRRX1,-22.465357,-0.9317339,9.058124479296533e-112,2.5983224880932847e-110,0.5694642010431484,0.9317339
mmMYOD1,KLF6,17.991154,0.93168783,2.2854973451404374e-72,4.326033599169073e-71,0.7420578473210052,0.93168783
mmMYOD1,KLF4,3.0741918,0.9247625,0.0021107361640829627,0.0063082772432230035,0.19203413940256045,0.9247625
mmMYOD1,NELFA,4.987248,0.92269677,6.124537832265727e-07,2.497893752371308e-06,0.20578473210052156,0.92269677
mmMYOD1,ZNF814,3.3261693,0.91892534,0.0008804847612788338,0.0027448150618628853,0.1427216690374585,0.91892534
mmMYOD1,FOSL2,6.055999,0.91731834,1.3954906247520932e-09,6.604777211310134e-09,0.2930298719772404,0.91731834
mmMYOD1,TFCP2,7.666319,0.91587967,1.7700305782833937e-14,1.0441721022702649e-13,0.3029871977240398,0.91587967
mmMYOD1,EWSR1,17.181326,0.91485995,3.6644423556086313e-66,6.337359493725922e-65,0.6031294452347084,0.91485995
mmMYOD1,FOXD1,5.885821,0.91445225,3.960831834421351e-09,1.8256423853778662e-08,0.23850165955429115,0.91445225
mmMYOD1,HMGB3,-15.337893,-0.9143195,4.268301488789972e-53,5.964665506823576e-52,0.31247036510194404,0.9143195
mmMYOD1,PHTF1,10.931457,0.90908515,8.152926474614834e-28,7.186398619405303e-27,0.4016121384542437,0.90908515
mmMYOD1,ZNF264,4.559145,0.9080336,5.136229006467065e-06,1.96428599236329e-05,0.1811284969179706,0.9080336
mmMYOD1,VAMP3,-19.394384,-0.90365547,8.607870995619965e-84,1.8598645856110025e-82,0.41536273115220484,0.90365547
mmMYOD1,PRDM5,3.6896427,0.8991179,0.0002245692939849217,0.0007464380488413073,0.17923186344238975,0.8991179
mmMYOD1,RIOK2,8.306065,0.89494693,9.892864307145921e-17,6.310165766162714e-16,0.3333333333333333,0.89494693
mmMYOD1,KIF22,-16.166557,-0.8925749,8.681687761527675e-59,1.3470063502117475e-57,0.3229018492176387,0.8925749
mmMYOD1,ZKSCAN1,10.509178,0.8878796,7.837383414124523e-26,6.583822725813697e-25,0.42057847321005215,0.8878796
mmMYOD1,ZNF142,3.0402465,0.8862094,0.002363845906858474,0.007021996346328577,0.13703176861071598,0.8862094
mmMYOD1,HDAC1,-11.478675,-0.8860773,1.6884903418772434e-30,1.583046617045673e-29,0.18634423897581792,0.8860773
mmMYOD1,BATF3,2.7377949,0.8860048,0.006185262043079878,0.017308227967684244,0.10194404931247036,0.8860048
mmMYOD1,ZNF621,3.8622558,0.88407105,0.00011234486880381382,0.00038412618850151636,0.1683262209577999,0.88407105
mmMYOD1,ZNF160,4.5394263,0.88181466,5.640750805906349e-06,2.1500103756698143e-05,0.1939307728781413,0.88181466
mmMYOD1,ENO1,-27.109112,-0.8814924,7.68910830206013e-162,3.407976107967961e-160,0.8520625889046942,0.8814924
mmMYOD1,ZNF226,7.1332607,0.8798431,9.801867318227967e-13,5.4053812240269715e-12,0.28639165481270745,0.8798431
mmMYOD1,RNASEH2C,-21.027456,-0.8776071,3.6785833406160995e-98,9.333240528440564e-97,0.5357989568515884,0.8776071
mmMYOD1,ZZZ3,12.062126,0.876994,1.674046326915984e-33,1.6802191630713455e-32,0.46372688477951635,0.876994
mmMYOD1,RUFY3,11.75835,0.86926734,6.397205023470157e-32,6.190062140561812e-31,0.4751066856330014,0.86926734
mmMYOD1,ZNF207,23.582047,0.8645537,5.8910278562820966e-123,1.8913220458591829e-121,0.8198198198198198,0.8645537
mmMYOD1,ZFP91,-20.192322,-0.8630108,1.1436379175205875e-90,2.656677247731962e-89,0.5125651967757231,0.8630108
mmMYOD1,ZNF335,2.396936,0.8624127,0.016532813144044454,0.04301451498734142,0.12707444286391656,0.8624127
mmMYOD1,PDCD11,9.79181,0.85733604,1.220902324568273e-22,9.309937884238335e-22,0.40018966334755807,0.85733604
mmMYOD1,CREB1,7.632174,0.8571623,2.3082770791504638e-14,1.3534037606201337e-13,0.32147937411095306,0.8571623
mmMYOD1,ZNF677,3.9423225,0.85584384,8.069638806196733e-05,0.00027954059342202045,0.17117117117117117,0.85584384
mmMYOD1,SIX1,8.132649,0.8550961,4.2000962231128826e-16,2.6248767062438936e-15,0.35467045993361784,0.8550961
mmMYOD1,MAFK,2.9641056,0.85481095,0.0030356416726812765,0.008892097177130019,0.1512565196775723,0.85481095
mmMYOD1,YBX1,-27.504143,-0.8504166,1.5663507874920277e-166,7.118794268670663e-165,0.8264580369843528,0.8504166
mmMYOD1,FOXP1,14.220282,0.8417979,6.857666599651442e-46,8.556536471772368e-45,0.5993361782835467,0.8417979
mmMYOD1,ZBTB11,3.7341878,0.8352675,0.00018832182353002147,0.0006314883643329938,0.1811284969179706,0.8352675
mmMYOD1,NRF1,3.865683,0.833537,0.00011077873216469576,0.00037913366282196407,0.18824087245139876,0.833537
mmMYOD1,XPA,8.250293,0.83254135,1.5800736541246175e-16,1.0002073924820191e-15,0.3807491702228544,0.83254135
mmMYOD1,REST,10.977269,0.82600975,4.915592209844117e-28,4.3620219744477804e-27,0.4670459933617828,0.82600975
mmMYOD1,TWIST1,-15.594075,-0.82579285,7.987151898941359e-55,1.1568204618466716e-53,0.3314366998577525,0.82579285
mmMYOD1,ZEB1,21.760649,0.8208028,5.4767290686431196e-105,1.4923639753749837e-103,0.8202939781887151,0.8208028
mmMYOD1,SFPQ,17.927654,0.8199297,7.17438845587925e-72,1.3427581144404198e-70,0.6903745851114272,0.8199297
mmMYOD1,BPTF,19.234928,0.8185704,1.8880211610395705e-82,4.023814971468334e-81,0.7297297297297297,0.8185704
mmMYOD1,NFIL3,3.2843106,0.81392044,0.0010223218327743637,0.003161786258655751,0.19108582266477003,0.81392044
mmMYOD1,DIDO1,4.434272,0.8128185,9.238395422187802e-06,3.462773509391213e-05,0.21716453295400664,0.8128185
mmMYOD1,EXOSC3,8.152667,0.81179154,3.5598540826364426e-16,2.2308775259605053e-15,0.3541963015647226,0.81179154
mmMYOD1,KDM5A,14.196134,0.810013,9.680813404474374e-46,1.2031113115377037e-44,0.561877667140825,0.810013
mmMYOD1,RAB7A,21.583864,0.80698264,2.546717450344749e-103,6.806285847548901e-102,0.7709815078236131,0.80698264
mmMYOD1,CEBPG,10.504493,0.8034049,8.236456311143234e-26,6.912109213929251e-25,0.49881460407776196,0.8034049
mmMYOD1,USP39,5.6668916,0.8004468,1.4541109411393903e-08,6.525778886740611e-08,0.2593646277856804,0.8004468
mmMYOD1,HMG20A,4.162381,0.79841125,3.149459318349126e-05,0.00011291161095218154,0.19250829777145567,0.79841125
mmMYOD1,MAGEF1,4.28171,0.7972211,1.8546264829839233e-05,6.768224480746635e-05,0.21005215742057848,0.7972211
mmMYOD1,TFDP1,-10.292717,-0.7966996,7.600087659738893e-25,6.2155909593462234e-24,0.20388809862494073,0.7966996
mmMYOD1,ASPSCR1,2.786076,0.79570717,0.005335033657520489,0.015080699046351516,0.13086770981507823,0.79570717
mmMYOD1,EP300,10.141679,0.79408705,3.6084375850765965e-24,2.894378411450613e-23,0.4442863916548127,0.79408705
mmMYOD1,AHDC1,4.4186926,0.7928329,9.929982330324314e-06,3.711996081743267e-05,0.25604551920341395,0.7928329
mmMYOD1,NFXL1,4.228492,0.78754073,2.3526294574874592e-05,8.516124150679524e-05,0.20531057373162637,0.78754073
mmMYOD1,DDX20,3.4745207,0.7864424,0.0005117669901871734,0.0016403006486966848,0.17923186344238975,0.7864424
mmMYOD1,DNTTIP1,7.3586125,0.7855785,1.858318537068475e-13,1.0547600363841512e-12,0.34708392603129445,0.7855785
mmMYOD1,ZNF181,2.7645535,0.78544354,0.0057000757212710045,0.016043755896602056,0.13229018492176386,0.78544354
mmMYOD1,MAF,-7.011815,-0.7841513,2.3524636748192424e-12,1.2745650226054408e-11,0.12422949265054528,0.7841513
mmMYOD1,RFX8,5.9795966,0.78413737,2.2369071553293107e-09,1.0445017524474472e-08,0.30725462304409673,0.78413737
mmMYOD1,STK40,2.8200786,0.78230464,0.004801190113112767,0.0136394104154929,0.14888572783309625,0.78230464
mmMYOD1,AKR1A1,-11.32662,-0.77318573,9.687066435987924e-30,8.948119427886742e-29,0.21906116642958748,0.77318573
mmMYOD1,PARP1,-15.5143175,-0.77138466,2.7757174155547533e-54,3.978793103624621e-53,0.35182550972024657,0.77138466
mmMYOD1,SIRT6,2.3863266,0.76964504,0.017017633414536194,0.044170354059578705,0.13181602655286867,0.76964504
mmMYOD1,POLI,2.5894816,0.7686193,0.009612059226331559,0.026081394208017653,0.12612612612612611,0.7686193
mmMYOD1,TFAP2A,7.523032,0.76827645,5.352023159528237e-14,3.1017209896067137e-13,0.370791844476055,0.76827645
mmMYOD1,DHX36,21.77986,0.7642675,3.601691201463958e-105,9.846457540072098e-104,0.8278805120910384,0.7642675
mmMYOD1,ELK3,12.46668,0.76270354,1.1345570864266554e-35,1.1857920934180427e-34,0.5500237079184448,0.76270354
mmMYOD1,NR2C1,4.467695,0.7583155,7.906686304235564e-06,2.9832641017126266e-05,0.2242769084874348,0.7583155
mmMYOD1,FOXK1,4.6832347,0.757981,2.8238259811354906e-06,1.099584049441688e-05,0.26173541963015645,0.757981
mmMYOD1,GATAD1,5.219635,0.75795543,1.7927631012237809e-07,7.569444205167076e-07,0.2579421526789948,0.75795543
mmMYOD1,MYNN,4.1423683,0.75632954,3.437380024652034e-05,0.00012286450267961208,0.2200094831673779,0.75632954
mmMYOD1,GOT1,4.251078,0.7563176,2.1274415475628795e-05,7.72554977292193e-05,0.2422949265054528,0.7563176
mmMYOD1,MYBL2,-5.865404,-0.75507337,4.480397791627952e-09,2.059436885057767e-08,0.10621147463252727,0.75507337
mmMYOD1,ZNF407,5.0142584,0.75421834,5.32384385142891e-07,2.180207648854992e-06,0.2532005689900427,0.75421834
mmMYOD1,ID2,-18.890999,-0.7533721,1.3526278779209807e-79,2.7832791552093015e-78,0.6884779516358464,0.7533721
mmMYOD1,ZRSR2,6.0678897,0.7502909,1.2960172227442933e-09,6.1397773915933776e-09,0.29397818871503084,0.7502909
mmMYOD1,ZEB2,9.978422,0.75016665,1.8945567890161745e-23,1.484929299234524e-22,0.5163584637268848,0.75016665
mmMYOD1,POLR2A,15.4334955,0.74773985,9.744600488578292e-54,1.380227858795122e-52,0.65149359886202,0.74773985
mmMYOD1,TFE3,5.2683196,0.74764025,1.3767837769046678e-07,5.860516631182508e-07,0.26126126126126126,0.74764025
mmMYOD1,JRKL,4.7287865,0.74629337,2.2586566401607176e-06,8.845993053316342e-06,0.23992413466097676,0.74629337
mmMYOD1,METTL14,9.3248205,0.74557066,1.1117201939510323e-20,8.011423625013452e-20,0.42484589853010907,0.74557066
mmMYOD1,ZNF585A,7.0323167,0.7372185,2.0313176645435046e-12,1.1043911627333575e-11,0.33760075865339023,0.7372185
mmMYOD1,BNC2,12.984838,0.7368043,1.49155256987657e-38,1.6411010305293968e-37,0.6173541963015647,0.7368043
mmMYOD1,PCK2,-10.660677,-0.7354055,1.5546246694134652e-26,1.330061871248787e-25,0.20768136557610242,0.7354055
mmMYOD1,MLXIP,2.9919465,0.73329,0.002772049731491357,0.00816595091987614,0.15694642010431484,0.73329
mmMYOD1,TBX3,21.786121,0.7317932,3.1415905223502676e-105,8.598001077671629e-104,0.8667614983404457,0.7317932
mmMYOD1,ZNF28,2.8122222,0.73172045,0.004920048426964119,0.013962811956939651,0.14509246088193456,0.73172045
mmMYOD1,ZNF322,2.936374,0.7284564,0.0033207381885555685,0.009674025793137336,0.1631104788999526,0.7284564
mmMYOD1,PUM3,19.704145,0.72640586,1.9866863663559438e-86,4.4066076161457525e-85,0.793266951161688,0.72640586
mmMYOD1,ZNF596,3.034365,0.72358656,0.002410425762926671,0.0071501873910459245,0.16737790422000948,0.72358656
mmMYOD1,ZNF146,7.9844875,0.72308093,1.4110749457345521e-15,8.641755634894755e-15,0.39449976292081557,0.72308093
mmMYOD1,ELF4,3.0072837,0.7216768,0.0026359361393101864,0.007789537360476666,0.164058795637743,0.7216768
mmMYOD1,SP100,31.67944,0.72022355,2.9826059463667924e-220,2.0351612563737663e-218,0.9606448553816975,0.72022355
mmMYOD1,RBM3,-18.959711,-0.7174692,3.671589017671154e-80,7.604957169604717e-79,0.6481744902797535,0.7174692
mmMYOD1,CNOT3,6.6076174,0.71525174,3.905545502659221e-11,1.9996456854956492e-10,0.3366524419155998,0.71525174
mmMYOD1,ZNF143,3.266163,0.7106236,0.0010901546212016512,0.003359130309355451,0.19630156472261737,0.7106236
mmMYOD1,TIA1,11.416148,0.709842,3.472885864870969e-30,3.2306095032726146e-29,0.5040303461356093,0.709842
mmMYOD1,TFAM,13.367351,0.7096605,9.382366128073453e-41,1.0694274582576941e-39,0.615931721194879,0.7096605
mmMYOD1,ZNF780A,2.5469868,0.70780927,0.010865752965127859,0.029185904296120547,0.1593172119487909,0.70780927
mmMYOD1,OSR2,-10.4794235,-0.704588,1.0739588261471222e-25,8.970672756629831e-25,0.2844950213371266,0.704588
mmMYOD1,GTF3A,-16.743681,-0.70034593,6.297118848231009e-63,1.038133312688617e-61,0.5357989568515884,0.70034593
mmMYOD1,ZBTB24,4.922419,0.69826466,8.548088625152753e-07,3.4514871872150148e-06,0.26884779516358465,0.69826466
mmMYOD1,ELF2,11.875989,0.69605756,1.5775717210492975e-32,1.5480231598164777e-31,0.5893788525367473,0.69605756
mmMYOD1,NFE2L2,16.628723,0.6953231,4.3169069267255976e-62,7.019739172666391e-61,0.7610241820768137,0.6953231
mmMYOD1,FOXC1,-4.483531,-0.6943829,7.341793889967508e-06,2.7763999183413825e-05,0.06685633001422475,0.6943829
mmMYOD1,AHRR,6.9807744,0.69163257,2.935569725433717e-12,1.5832982352856157e-11,0.3840682788051209,0.69163257
mmMYOD1,SSBP3,5.4916396,0.69139826,3.982198349174562e-08,1.7449205784782044e-07,0.27453769559032715,0.69139826
mmMYOD1,TBP,3.8553014,0.6913699,0.00011558710071959436,0.0003947498546851843,0.22617354196301565,0.6913699
mmMYOD1,ZNF576,4.379497,0.6910762,1.1895358044021002e-05,4.4183262553897054e-05,0.23423423423423423,0.6910762
mmMYOD1,PHLDA2,-18.929478,-0.6910496,6.52061657846823e-80,1.3483838179851478e-78,0.7226173541963016,0.6910496
mmMYOD1,TMEM33,7.83737,0.689054,4.600806088407815e-15,2.7748888744197614e-14,0.39781887150308204,0.689054
mmMYOD1,TIMM8A,5.034366,0.6884782,4.794321118075018e-07,1.9694781732092293e-06,0.2678994784257942,0.6884782
mmMYOD1,ZNF880,3.3231976,0.68324137,0.0008899186080585065,0.0027721534746860455,0.173067804646752,0.68324137
mmMYOD1,RBBP5,3.2797203,0.6803525,0.0010391004273131062,0.003207735811239498,0.1906116642958748,0.6803525
mmMYOD1,ARNT,3.091727,0.67611825,0.0019899569642246773,0.005962965453884692,0.1816026552868658,0.67611825
mmMYOD1,ZBED5,4.748368,0.6707644,2.050649530497419e-06,8.050221906680728e-06,0.29208155523944995,0.6707644
mmMYOD1,TOPORS,5.481386,0.67050695,4.2200661999120714e-08,1.845919611846255e-07,0.3385490753911807,0.67050695
mmMYOD1,ZDHHC5,7.1473355,0.6685535,8.84785409951963e-13,4.891124996913258e-12,0.36794689426268373,0.6685535
mmMYOD1,ERF,3.9191098,0.66650796,8.8876589796347e-05,0.0003071553355893074,0.2550972024656235,0.66650796
mmMYOD1,STUB1,-8.342886,-0.6651948,7.249884294582153e-17,4.644451330389518e-16,0.1806543385490754,0.6651948
mmMYOD1,ZNF358,-3.5058742,-0.66437215,0.0004551102625785193,0.0014648934698574911,0.0644855381697487,0.66437215
mmMYOD1,ASCC1,3.3749535,0.6617582,0.0007382816484859815,0.002321452667175534,0.20578473210052156,0.6617582
mmMYOD1,CERS2,-8.771697,-0.660976,1.7599386628380446e-18,1.1876147667688038e-17,0.18871503082029398,0.660976
mmMYOD1,PLAG1,2.6239252,0.65798086,0.008692284542703441,0.023781513112463626,0.19630156472261737,0.65798086
mmMYOD1,PRRX2,-8.866047,-0.6578946,7.578849823589742e-19,5.171377582624913e-18,0.20625889046941678,0.6578946
mmMYOD1,MAX,9.080049,0.6568115,1.0852627534126476e-19,7.578680945610575e-19,0.4594594594594595,0.6568115
mmMYOD1,ID4,-2.6986232,-0.6550548,0.006962695860565158,0.01931536831065389,0.0474158368895211,0.6550548
mmMYOD1,MBD1,2.968843,0.65217125,0.002989233042443691,0.008771546033381171,0.2024656235182551,0.65217125
mmMYOD1,HMGB2,-12.074069,-0.65153277,1.447928764885633e-33,1.4556014504321966e-32,0.6367946894262684,0.65153277
mmMYOD1,ELF1,15.702832,0.6512158,1.4463706048425628e-55,2.1218519441398632e-54,0.7249881460407777,0.6512158
mmMYOD1,HIRIP3,-7.2091784,-0.65109086,5.629041718000953e-13,3.1373795393318462e-12,0.15220483641536273,0.65109086
mmMYOD1,ZNF148,13.807335,0.64694047,2.301902818007529e-43,2.7384441980306194e-42,0.6491228070175439,0.64694047
mmMYOD1,TSC22D4,3.6379533,0.6468732,0.00027481338476190154,0.0009046768477990717,0.21242294926505453,0.6468732
mmMYOD1,DNAJC21,-11.757092,-0.6437833,6.493211082902238e-32,6.2805327129408205e-31,0.33428165007112376,0.6437833
mmMYOD1,GABPB1,2.8765054,0.6415367,0.00402105278079648,0.011564856292259729,0.20531057373162637,0.6415367
mmMYOD1,KDM4A,3.9571898,0.64132833,7.583665119074514e-05,0.0002635810435973129,0.2451398767188241,0.64132833
mmMYOD1,TEAD1,20.449877,0.63532776,6.0228282818470725e-93,1.4350491516081292e-91,0.8454243717401612,0.63532776
mmMYOD1,PTPMT1,-13.465612,-0.6326895,2.4924358534324385e-41,2.869681776627822e-40,0.4238975817923186,0.6326895
mmMYOD1,DUSP22,-3.0627756,-0.6317743,0.002192945132082865,0.00653914408164076,0.06116642958748222,0.6317743
mmMYOD1,ZFP64,2.5861871,0.63126236,0.009704423567199472,0.026317757739853714,0.18018018018018017,0.63126236
mmMYOD1,CEBPZ,18.693098,0.6256969,5.634364811952215e-78,1.133299306192027e-76,0.817923186344239,0.6256969
mmMYOD1,RPL6,-26.385923,-0.62499964,1.9876838868541036e-153,8.200260279176353e-152,0.9454717875770507,0.62499964
mmMYOD1,PHF20,7.9885316,0.6211136,1.3655530839494236e-15,8.369109233544165e-15,0.4604077761972499,0.6211136
mmMYOD1,ATF2,4.7552695,0.6200263,1.9818160180496024e-06,7.783663225219283e-06,0.2925557136083452,0.6200263
mmMYOD1,MECP2,7.277549,0.61905205,3.3994013634074413e-13,1.9147055542611146e-12,0.42010431484115696,0.61905205
mmMYOD1,MBTPS2,-4.536901,-0.61458945,5.708692464534968e-06,2.1752446241157132e-05,0.0905642484589853,0.61458945
mmMYOD1,HMGXB3,11.346116,0.614142,7.753057341568783e-30,7.177525395473768e-29,0.5879563774300617,0.614142
mmMYOD1,PHF12,2.3626773,0.6104348,0.018143462213409307,0.04689807811191121,0.15647226173541964,0.6104348
mmMYOD1,ATF5,6.1827993,0.6102154,6.297482453032092e-10,3.0333055508526573e-09,0.37221431958274065,0.6102154
mmMYOD1,ADNP,4.327138,0.6059103,1.5105920697461877e-05,5.562159478103814e-05,0.27690848743480323,0.6059103
mmMYOD1,LARP4,11.68127,0.6048544,1.589045893420807e-31,1.5199727755173359e-30,0.5903271692745377,0.6048544
mmMYOD1,JUND,-14.776728,-0.60371757,2.0698107397177303e-49,2.7308851709173554e-48,0.5320056899004267,0.60371757
mmMYOD1,SP3,8.172656,0.6014935,3.0167275909471636e-16,1.895255703273931e-15,0.4547178757705074,0.6014935
mmMYOD1,YWHAZ,-22.724943,-0.60130537,2.539556912990705e-114,7.517208536065395e-113,0.9174964438122333,0.60130537
mmMYOD1,ATF1,5.2925763,0.59886235,1.2060511464580736e-07,5.154793106264393e-07,0.3262209577999052,0.59886235
mmMYOD1,CFL2,-14.421893,-0.5947718,3.7685954358438097e-47,4.785657550933098e-46,0.5220483641536273,0.5947718
mmMYOD1,RBFOX2,17.06009,0.58607036,2.941109773253603e-65,5.020536533184508e-64,0.7980085348506402,0.58607036
mmMYOD1,LCORL,4.9176154,0.58534855,8.760488684396397e-07,3.5343991885718476e-06,0.3485064011379801,0.58534855
mmMYOD1,SPATS2,6.0415635,0.58095765,1.5262808548759657e-09,7.210172640596857e-09,0.36984352773826457,0.58095765
mmMYOD1,SMC3,-14.818135,-0.5807657,1.1184657830301493e-49,1.4835074225975106e-48,0.6434329065908013,0.5807657
mmMYOD1,UTP18,6.482265,0.58061546,9.03558626365833e-11,4.5399107386543316e-10,0.3963963963963964,0.58061546
mmMYOD1,RBPJ,10.776934,0.57951516,4.423864874685336e-27,3.833301875151217e-26,0.638217164532954,0.57951516
mmMYOD1,PKNOX1,2.886811,0.57716596,0.0038916787068096256,0.011221118960958738,0.21384542437174017,0.57716596
mmMYOD1,PQBP1,7.502867,0.5757037,6.2436803796202e-14,3.6076198446342654e-13,0.4243717401612139,0.5757037
mmMYOD1,MXD4,-4.438041,-0.57526666,9.078132256423854e-06,3.403721933902773e-05,0.0990990990990991,0.57526666
mmMYOD1,SCAND1,18.206608,0.57357746,4.5742361750821685e-74,8.865945998173969e-73,0.8297771455666193,0.57357746
mmMYOD1,RBM17,-13.913173,-0.57210976,5.268907393152094e-44,6.352622962894305e-43,0.5457562825983878,0.57210976
mmMYOD1,RELA,4.6104026,0.5700658,4.018900182756432e-06,1.5495196054901707e-05,0.29492650545282123,0.5700658
mmMYOD1,RPS4X,-20.765865,-0.56877625,8.812516034074672e-96,2.1763612083362717e-94,0.9307728781412992,0.56877625
mmMYOD1,CBFB,4.7219653,0.5639421,2.335766448453358e-06,9.136560981282254e-06,0.3304883831199621,0.5639421
mmMYOD1,PIR,-2.3898678,-0.5621047,0.0168544403935004,0.043773998790088885,0.051209103840682786,0.5621047
mmMYOD1,SMAD3,4.159685,0.5613267,3.1868681882309616e-05,0.00011418737039587885,0.3205310573731626,0.5613267
mmMYOD1,ZNF652,2.884357,0.5592035,0.003922140003976597,0.01130244303562508,0.23044096728307253,0.5592035
mmMYOD1,SMARCC1,-11.040252,-0.5580142,2.443479778145863e-28,2.1876875439516876e-27,0.3613086770981508,0.5580142
mmMYOD1,E2F3,4.260809,0.5563797,2.036881349518546e-05,7.41173826716702e-05,0.31199620673304884,0.5563797
mmMYOD1,SMAD1,2.6908572,0.55457336,0.007126869141571995,0.019740189917403596,0.24893314366998578,0.55457336
mmMYOD1,TIMELESS,-5.6465178,-0.5518758,1.6373010161842112e-08,7.324275106696145e-08,0.1379800853485064,0.5518758
mmMYOD1,CHAMP1,-7.5896273,-0.54994124,3.208274825020599e-14,1.8714562815785195e-13,0.19298245614035087,0.54994124
mmMYOD1,NFYC,2.6079614,0.549064,0.009108324222993092,0.024811340714912762,0.19582740635372214,0.549064
mmMYOD1,ZNF524,-2.8566442,-0.54768,0.004281454529870356,0.012261686223354693,0.0559506875296349,0.54768
mmMYOD1,STAT2,19.364767,0.54503167,1.5304489527858034e-83,3.301076888515253e-82,0.8824087245139877,0.54503167
mmMYOD1,ZNF511,-7.850016,-0.5405265,4.1598443655863494e-15,2.51316821720177e-14,0.20957799905168326,0.5405265
mmMYOD1,POLE4,-13.476573,-0.53976244,2.1485711993417558e-41,2.4771878441029582e-40,0.5941204362256994,0.53976244
mmMYOD1,VPS72,3.80271,0.5388592,0.0001431218098108259,0.0004843319407138786,0.27358937885253676,0.5388592
mmMYOD1,NCOR2,7.0552635,0.53583544,1.7227378188634707e-12,9.394773619333413e-12,0.45139876718824085,0.53583544
mmMYOD1,SHOX,10.741237,0.5351096,6.516541700308902e-27,5.625206386043969e-26,0.7136083451872925,0.5351096
mmMYOD1,SOCS4,3.9591172,0.53446126,7.52273390006539e-05,0.0002615722053949424,0.310099573257468,0.53446126
mmMYOD1,LARP1,10.967737,0.53390276,5.462220930499509e-28,4.840231300126281e-27,0.615931721194879,0.53390276
mmMYOD1,HDAC2,-13.983053,-0.52843535,1.9781706566962286e-44,2.400065386869523e-43,0.6676149834044571,0.52843535
mmMYOD1,NAP1L1,-23.307024,-0.5264293,3.762809984306741e-120,1.1837724576257463e-118,0.9587482219061166,0.5264293
mmMYOD1,RAD21,-13.463709,-0.52626884,2.557501102868019e-41,2.9418898768039015e-40,0.7297297297297297,0.52626884
mmMYOD1,ZBTB38,13.821756,0.5255203,1.8841566300980257e-43,2.2446741356286754e-42,0.8349928876244666,0.5255203
mmMYOD1,ZC3H7A,4.1456103,0.5241068,3.389098044415377e-05,0.00012122524386266229,0.34992887624466573,0.5241068
mmMYOD1,ATF4,16.52757,0.52163875,2.3231757867812966e-61,3.7298801634514487e-60,0.905642484589853,0.52163875
mmMYOD1,ZBTB1,3.7018232,0.51931775,0.00021405568667297482,0.0007135759459084978,0.28923660502607873,0.51931775
mmMYOD1,HP1BP3,-16.56399,-0.51729155,1.2689331108434083e-61,2.047462819699783e-60,0.8202939781887151,0.51729155
mmMYOD1,ABCF2,3.3500369,0.5172623,0.0008080082750785496,0.00252926790306463,0.2626837363679469,0.5172623
mmMYOD1,IRF2,12.753547,0.51361173,2.9787716631143487e-37,3.205603781164999e-36,0.7093409198672357,0.51361173
mmMYOD1,PURA,6.2280993,0.5119773,4.721280554376966e-10,2.2864109000717075e-09,0.4191559981033665,0.5119773
mmMYOD1,UBB,-17.53653,-0.51188356,7.539353748551876e-69,1.3602341251529977e-67,0.9141773352299668,0.51188356
mmMYOD1,ETV5,3.2750304,0.5095911,0.0010565062837723075,0.003259057693794793,0.26600284495021337,0.5095911
mmMYOD1,R3HDM2,6.410648,0.5073822,1.4490271095043216e-10,7.185452846773708e-10,0.4400189663347558,0.5073822
mmMYOD1,ZHX1,5.517021,0.5042535,3.447936531846727e-08,1.51452774303641e-07,0.3717401612138454,0.5042535
mmMYOD1,RFC2,2.9660327,0.5024181,0.003016683285566097,0.008844840514828029,0.23850165955429115,0.5024181
siPRRX1,ZNF704,7.859221,6.921099,3.865303578798934e-15,2.5392164800703807e-14,0.0956268221574344,6.921099
siPRRX1,FOS,-64.743675,-6.439006,0.0,0.0,0.026239067055393587,6.439006
siPRRX1,NANOS1,-33.30879,-5.6336966,2.8805984584518827e-243,2.6041857977094602e-241,0.010787172011661808,5.6336966
siPRRX1,FOSB,-33.551693,-5.625426,8.50585069657595e-247,7.831011512634373e-245,0.013119533527696793,5.625426
siPRRX1,BACH2,4.5143385,4.8665304,6.35147267897808e-06,2.5387642270864977e-05,0.056268221574344024,4.8665304
siPRRX1,SP140,4.068311,4.842349,4.735510748091675e-05,0.0001760229481278191,0.05072886297376093,4.842349
siPRRX1,HES1,-44.09994,-4.7468753,0.0,0.0,0.03381924198250729,4.7468753
siPRRX1,BOLL,5.7187824,4.626845,1.0728994232798849e-08,5.169818618005557e-08,0.07201166180758017,4.626845
siPRRX1,ESR1,6.797626,4.371871,1.0635699092105329e-11,6.021686110434132e-11,0.08629737609329446,4.371871
siPRRX1,ZNF155,-7.61229,-3.8973734,2.6928157495221698e-14,1.7097741379192237e-13,0.00641399416909621,3.8973734
siPRRX1,NR4A1,-17.119293,-3.8019555,1.0655983725599679e-65,2.0750166754002112e-64,0.018367346938775512,3.8019555
siPRRX1,ZSCAN30,39.198044,3.3431041,0.0,0.0,0.5358600583090379,3.3431041
siPRRX1,ZNF483,3.5378373,3.0793521,0.00040341854148021305,0.0013670374987479696,0.048104956268221574,3.0793521
siPRRX1,EGR1,-30.318375,-2.7855723,6.564358536871187e-202,4.541012886196914e-200,0.08075801749271137,2.7855723
siPRRX1,RARB,5.315057,2.7337196,1.0662394002118561e-07,4.847633816286366e-07,0.07551020408163266,2.7337196
siPRRX1,FOXP2,6.6704397,2.72501,2.55038113234679e-11,1.4192587625828515e-10,0.09650145772594752,2.72501
siPRRX1,ZNF540,2.682861,2.671858,0.00729952964585163,0.02112990653004468,0.03848396501457726,2.671858
siPRRX1,JUNB,-44.202457,-2.6325526,0.0,0.0,0.17755102040816326,2.6325526
siPRRX1,TIGD6,10.687314,2.5988905,1.1670225140850794e-26,1.0933250204907803e-25,0.15626822157434403,2.5988905
siPRRX1,ZNF732,9.460713,2.577746,3.058486358342632e-21,2.4730582946598702e-20,0.14081632653061224,2.577746
siPRRX1,MEIS1,41.34902,2.5140054,0.0,0.0,0.6370262390670554,2.5140054
siPRRX1,ZNF133,18.22183,2.5045643,3.463719167034622e-74,7.496841433092568e-73,0.2737609329446064,2.5045643
siPRRX1,NR3C2,6.0397725,2.4157014,1.5433162818937305e-09,7.784033500741752e-09,0.09037900874635568,2.4157014
siPRRX1,ZNF491,2.696243,2.3862102,0.007012649993832075,0.02036303120889875,0.0402332361516035,2.3862102
siPRRX1,ZNF418,2.3978784,2.36046,0.01649034175920586,0.045195484112294314,0.03644314868804665,2.36046
siPRRX1,ZNF510,13.363126,2.297415,9.9304990851099e-41,1.2739731459493961e-39,0.20816326530612245,2.297415
siPRRX1,ZNF841,10.988898,2.2736173,4.321677990160685e-28,4.1914585681488714e-27,0.17142857142857143,2.2736173
siPRRX1,ZIC4,4.58364,2.2564597,4.569504046834515e-06,1.8489177628183862e-05,0.06997084548104957,2.2564597
siPRRX1,ZNF587,23.739273,2.2339709,1.4180824022012697e-124,5.583587974201918e-123,0.3793002915451895,2.2339709
siPRRX1,LHX9,13.8831215,2.2293868,8.017480472057487e-44,1.1055823016589405e-42,0.23177842565597667,2.2293868
siPRRX1,SOX5,8.78465,2.2018356,1.5685243195505007e-18,1.1634770737613638e-17,0.13877551020408163,2.2018356
siPRRX1,IKZF2,13.782194,2.19263,3.2620328454558626e-43,4.415558190048957e-42,0.22215743440233235,2.19263
siPRRX1,ZNF169,4.1038837,2.1832793,4.062718783556646e-05,0.00015189400384864966,0.06443148688046647,2.1832793
siPRRX1,ZNF30,4.5629797,2.1827178,5.0432697949491055e-06,2.0340402996475358e-05,0.07142857142857142,2.1827178
siPRRX1,ZNF433,8.864081,2.157716,7.713712710390795e-19,5.78343693693432e-18,0.14081632653061224,2.157716
siPRRX1,ARG2,-5.7901325,-2.135792,7.033085603996321e-09,3.421848255202562e-08,0.02128279883381924,2.135792
siPRRX1,MCTP2,7.939456,2.1083689,2.0306973341508643e-15,1.3499528176746999e-14,0.1274052478134111,2.1083689
siPRRX1,ATF3,-11.427755,-2.0815175,3.0386368053483963e-30,3.130133396936838e-29,0.03935860058309038,2.0815175
siPRRX1,PCK2,-22.68829,-2.076649,5.84679245502155e-114,2.0946405816688077e-112,0.11486880466472303,2.076649
siPRRX1,ZNF782,8.693877,2.0744252,3.5027582132895045e-18,2.573828379612552e-17,0.141399416909621,2.0744252
siPRRX1,ZFP69B,3.6302617,2.0694137,0.0002831340869497039,0.0009751401190200089,0.05830903790087463,2.0694137
siPRRX1,YY2,7.0677214,2.049465,1.5749841495235153e-12,9.264917329661234e-12,0.11603498542274053,2.049465
siPRRX1,ZNF18,3.7871573,2.0419364,0.00015238066454640852,0.0005403450299590997,0.06093294460641399,2.0419364
siPRRX1,NFAT5,51.85013,2.0199115,0.0,0.0,0.8536443148688047,2.0199115
siPRRX1,HIVEP3,19.417486,1.9800607,5.49122383981817e-84,1.3723675388894872e-82,0.334402332361516,1.9800607
siPRRX1,PRRX1,-47.49157,-1.9418312,0.0,0.0,0.41778425655976675,1.9418312
siPRRX1,SOX13,3.158222,1.9251117,0.0015873466577671915,0.00501581514243609,0.0521865889212828,1.9251117
siPRRX1,TRIB3,-9.744608,-1.9151167,1.9452831245132879e-22,1.6352393421974405e-21,0.05102040816326531,1.9151167
siPRRX1,IKZF4,-4.796094,-1.905437,1.617893918955203e-06,6.776266853734101e-06,0.02128279883381924,1.905437
siPRRX1,ZNF404,4.7854943,1.8701181,1.705670730995789e-06,7.13316740908426e-06,0.08104956268221575,1.8701181
siPRRX1,XBP1,-44.88237,-1.8662673,0.0,0.0,0.3892128279883382,1.8662673
siPRRX1,ZNF630,2.5285738,1.865817,0.011452704258035656,0.03222094371752937,0.041690962099125366,1.865817
siPRRX1,NR2C2,12.636352,1.8486913,1.3308773607702695e-36,1.5772754788646043e-35,0.21924198250728863,1.8486913
siPRRX1,ZNF90,6.1027484,1.8464495,1.0425983418127747e-09,5.316381119054267e-09,0.10816326530612246,1.8464495
siPRRX1,ZNF398,13.970963,1.8133168,2.344371819504667e-44,3.2579222588255198e-43,0.2466472303206997,1.8133168
siPRRX1,KLF4,-9.495729,-1.8084196,2.1867453778401634e-21,1.77563157431496e-20,0.05043731778425656,1.8084196
siPRRX1,ZNF589,2.8138485,1.8067713,0.00489522781759355,0.014548575244265094,0.0478134110787172,1.8067713
siPRRX1,MDM2,35.49787,1.7931106,5.301670823229539e-276,5.625611896411615e-274,0.6760932944606414,1.7931106
siPRRX1,ZNF610,3.5108998,1.7912502,0.00044659273118517236,0.0015062054106853987,0.060058309037900874,1.7912502
siPRRX1,ZNF341,2.98615,1.7874231,0.002825140079026354,0.008668932466484248,0.05131195335276968,1.7874231
siPRRX1,ZNF717,8.114209,1.7786953,4.889582495851456e-16,3.326403826707747e-15,0.14198250728862974,1.7786953
siPRRX1,MSC,-2.5232112,-1.7705684,0.011628852900075207,0.03269080987019346,0.01282798833819242,1.7705684
siPRRX1,PRDM10,6.7914047,1.7662627,1.110468989117737e-11,6.28011843394001e-11,0.11895043731778426,1.7662627
siPRRX1,SOX11,-5.4263124,-1.7382287,5.753018161155252e-08,2.665440902713225e-07,0.031778425655976675,1.7382287
siPRRX1,KLF9,-10.988596,-1.7323531,4.336187512777778e-28,4.203902736933067e-27,0.07405247813411078,1.7323531
siPRRX1,ZNF493,8.493202,1.7276433,2.0102022994549846e-17,1.4370392801299379e-16,0.1510204081632653,1.7276433
siPRRX1,RFX7,32.71842,1.7268342,8.54516347687918e-235,7.303344156587319e-233,0.6081632653061224,1.7268342
siPRRX1,OSR1,3.7935457,1.7111125,0.0001485113307838382,0.0005271468101330795,0.06822157434402332,1.7111125
siPRRX1,SOX15,3.1983361,1.688295,0.0013822307822361944,0.004396522704021184,0.0565597667638484,1.688295
siPRRX1,GTF2I,15.283745,1.6881802,9.813615775288365e-53,1.5613250714407323e-51,0.28221574344023326,1.6881802
siPRRX1,NFATC3,20.773054,1.6768616,7.587746645599463e-96,2.2145961713182025e-94,0.3895043731778426,1.6768616
siPRRX1,SREBF2,17.54428,1.6713797,6.578325201732181e-69,1.3274328743092449e-67,0.32886297376093293,1.6713797
siPRRX1,ZNF595,4.375119,1.6542878,1.2136600243320238e-05,4.748082226108818e-05,0.08104956268221575,1.6542878
siPRRX1,MITF,20.553757,1.6510323,7.123272082977969e-94,2.029362679202893e-92,0.3924198250728863,1.6510323
siPRRX1,ZNF385D,5.0133853,1.6502296,5.348068303739564e-07,2.3150618230293202e-06,0.09533527696793002,1.6502296
siPRRX1,ZNF223,2.7321458,1.645538,0.006292330002369751,0.018401556454436915,0.048688046647230324,1.645538
siPRRX1,ZNF138,11.609363,1.644066,3.6935934888648487e-31,3.904388693463636e-30,0.21661807580174927,1.644066
siPRRX1,ZNF675,11.313182,1.6369029,1.1291903998023342e-29,1.1448253437995973e-28,0.21224489795918366,1.6369029
siPRRX1,ZNF765,6.3177934,1.6320604,2.653247884453474e-10,1.3999712078062346e-09,0.11690962099125364,1.6320604
siPRRX1,EPAS1,-41.189808,-1.6288215,0.0,0.0,0.4588921282798834,1.6288215
siPRRX1,ZNF654,19.975843,1.6224163,8.936049957701334e-89,2.3605122683624137e-87,0.3795918367346939,1.6224163
siPRRX1,ZNF707,2.6817865,1.619944,0.0073230170328107405,0.02119054686106385,0.048104956268221574,1.619944
siPRRX1,ZSCAN12,5.1243486,1.6112441,2.985681156528885e-07,1.3151702290553445e-06,0.09591836734693877,1.6112441
siPRRX1,ZHX2,10.413528,1.6085315,2.1509754481933204e-25,1.95871735176935e-24,0.19300291545189505,1.6085315
siPRRX1,ZNF177,7.0656557,1.603555,1.5985939830376874e-12,9.401594768254995e-12,0.1306122448979592,1.603555
siPRRX1,KLF2,-8.136834,-1.5884855,4.0574661086494714e-16,2.769339501030255e-15,0.05539358600583091,1.5884855
siPRRX1,KLF12,31.053415,1.5856736,1.0259714898550198e-211,7.669366581775942e-210,0.6236151603498542,1.5856736
siPRRX1,PRDM15,4.63635,1.5751451,3.5461498750781066e-06,1.447004809706794e-05,0.0880466472303207,1.5751451
siPRRX1,SOX6,4.224303,1.5676463,2.396817607445025e-05,9.160730544206092e-05,0.07988338192419825,1.5676463
siPRRX1,NR4A3,-3.7622855,-1.5647962,0.0001683677414059984,0.0005940074641151045,0.02565597667638484,1.5647962
siPRRX1,HES4,-3.5551627,-1.5589606,0.00037774520866304325,0.0012855172079585199,0.0239067055393586,1.5589606
siPRRX1,DPF1,3.3496814,1.5550451,0.0008090453651516825,0.0026435430629081986,0.06384839650145772,1.5550451
siPRRX1,ZNF440,7.2985334,1.5544677,2.9092114002780325e-13,1.7721350495198854e-12,0.13877551020408163,1.5544677
siPRRX1,BATF3,-3.360462,-1.5532802,0.0007781221776294564,0.0025464892279399957,0.02361516034985423,1.5532802
siPRRX1,HMGA2,44.821854,1.5414952,0.0,0.0,0.914868804664723,1.5414952
siPRRX1,ZNF33B,16.173365,1.5394559,7.773467309912361e-59,1.360329618272714e-57,0.31574344023323614,1.5394559
siPRRX1,ZNF66,8.957904,1.538727,3.309081452677219e-19,2.5149019040346866e-18,0.1760932944606414,1.538727
siPRRX1,ZNF425,4.968169,1.5187081,6.758791887985012e-07,2.9006626642488546e-06,0.09387755102040816,1.5187081
siPRRX1,CEBPD,-17.736023,-1.5140347,2.2103667808417853e-70,4.529623971018002e-69,0.16034985422740525,1.5140347
siPRRX1,THRB,7.781201,1.5065916,7.183940340316546e-15,4.6703072170874077e-14,0.14518950437317785,1.5065916
siPRRX1,ZNF823,2.8976936,1.5035415,0.0037591757596783814,0.011358262472715494,0.056851311953352766,1.5035415
siPRRX1,MAF,-10.952248,-1.4791623,6.481863201422309e-28,6.259885009256362e-27,0.1032069970845481,1.4791623
siPRRX1,GTF2IRD1,15.47059,1.4708742,5.480313946231025e-54,8.917350347077148e-53,0.3116618075801749,1.4708742
siPRRX1,DPF2,-11.394704,-1.4547471,4.443386739089195e-30,4.5640398162539634e-29,0.08571428571428572,1.4547471
siPRRX1,ZNF836,3.3726025,1.4527007,0.0007446139865104575,0.002443536030689933,0.0673469387755102,1.4527007
siPRRX1,THRA,-16.845116,-1.4465411,1.1394508167917376e-63,2.1551455705512607e-62,0.14810495626822157,1.4465411
siPRRX1,POLR3G,9.496773,1.4321117,2.1649548242107123e-21,1.7585079048940856e-20,0.19795918367346937,1.4321117
siPRRX1,ALX3,3.0909197,1.4196717,0.001995374974667381,0.006228116679000443,0.06093294460641399,1.4196717
siPRRX1,ZNF439,7.5645423,1.4130193,3.8923222338281624e-14,2.4514973183985123e-13,0.1521865889212828,1.4130193
siPRRX1,ZNF730,5.777519,1.4084959,7.58099922979499e-09,3.6791353238861655e-08,0.12040816326530612,1.4084959
siPRRX1,ZNF680,5.685436,1.4035674,1.304794402469466e-08,6.248739993620266e-08,0.11603498542274053,1.4035674
siPRRX1,ZSCAN23,5.012655,1.3922448,5.368412913550842e-07,2.322664066709402e-06,0.10233236151603499,1.3922448
siPRRX1,ZNF343,6.275961,1.3914734,3.474811623055266e-10,1.822711199508797e-09,0.1259475218658892,1.3914734
siPRRX1,ZNF273,4.1601024,1.3887465,3.181046692522326e-05,0.00012038653660895284,0.08629737609329446,1.3887465
siPRRX1,ZNF16,5.3569136,1.3862976,8.465563975381356e-08,3.87771452481251e-07,0.11020408163265306,1.3862976
siPRRX1,ZKSCAN7,2.5361793,1.3828291,0.011206936659728472,0.03158628112919757,0.05014577259475218,1.3828291
siPRRX1,ZNF772,3.7564604,1.3765383,0.00017233349987893378,0.0006076563649631456,0.07551020408163266,1.3765383
siPRRX1,ZNF565,3.6129954,1.3722324,0.0003026801763154646,0.0010400270273452064,0.07317784256559767,1.3722324
siPRRX1,HIF1A,-48.34857,-1.3654798,0.0,0.0,0.7924198250728863,1.3654798
siPRRX1,ZNF462,11.687633,1.3639672,1.4743876537544807e-31,1.5744825426575568e-30,0.24402332361516035,1.3639672
siPRRX1,PHLDA2,-43.37237,-1.3579053,0.0,0.0,0.6976676384839651,1.3579053
siPRRX1,ZNF786,5.3961167,1.3520598,6.809873584295256e-08,3.1376790119212845e-07,0.11078717201166181,1.3520598
siPRRX1,JRK,8.512576,1.3465894,1.7011137632310176e-17,1.2188638300094746e-16,0.1825072886297376,1.3465894
siPRRX1,ZNF334,2.9148486,1.3453916,0.0035586103574598168,0.010787401110217736,0.05889212827988338,1.3453916
siPRRX1,ZNF573,5.3611875,1.3423548,8.267667442791333e-08,3.7905332863855834e-07,0.11282798833819242,1.3423548
siPRRX1,ZNF45,3.2429051,1.3420525,0.001183176171971446,0.0037981153311766377,0.06618075801749271,1.3420525
siPRRX1,KDM2B,13.844628,1.341693,1.370887187071023e-43,1.8769686680498936e-42,0.2956268221574344,1.341693
siPRRX1,ZNF585B,10.391881,1.3380204,2.699763994844135e-25,2.453101957869624e-24,0.21603498542274052,1.3380204
siPRRX1,CEBPG,-20.936272,-1.3354731,2.502960258187462e-97,7.426437296863795e-96,0.21690962099125363,1.3354731
siPRRX1,ZNF559,6.959853,1.3336513,3.4062802596811184e-12,1.9713443555103896e-11,0.14489795918367346,1.3336513
siPRRX1,ZFP14,5.954825,1.3331678,2.6035013770971444e-09,1.298483996918277e-08,0.12361516034985423,1.3331678
siPRRX1,NR6A1,11.182546,1.329482,4.9645229370488864e-29,4.937314669959421e-28,0.24052478134110788,1.329482
siPRRX1,STAT5B,11.441039,1.3267181,2.607428869031432e-30,2.6936977614804093e-29,0.2446064139941691,1.3267181
siPRRX1,ZBTB34,3.8655493,1.3228632,0.00011083939465636908,0.00039754226883196713,0.07725947521865889,1.3228632
siPRRX1,CEBPB,-15.460866,-1.3195288,6.373604421192284e-54,1.0357417385820712e-52,0.15714285714285714,1.3195288
siPRRX1,MAFK,-5.5522504,-1.3123469,2.820149907372303e-08,1.3277344233956988e-07,0.05043731778425656,1.3123469
siPRRX1,TIGD1,7.7235627,1.3076379,1.1312228760949974e-14,7.282283615211035e-14,0.16151603498542275,1.3076379
siPRRX1,ZNF175,4.750318,1.3043128,2.0309674257708063e-06,8.440007679414625e-06,0.09970845481049563,1.3043128
siPRRX1,ZNF594,4.7202163,1.2941186,2.3559419474850246e-06,9.740382738801384e-06,0.09941690962099126,1.2941186
siPRRX1,STAT4,3.0697308,1.2874656,0.002142518013604155,0.00665669182340884,0.06268221574344024,1.2874656
siPRRX1,ZNF709,4.325675,1.2789595,1.5206558733471185e-05,5.907580574055002e-05,0.09067055393586006,1.2789595
siPRRX1,ZNF235,5.4338555,1.27667,5.514925286007113e-08,2.558443108784552e-07,0.1151603498542274,1.27667
siPRRX1,POU6F1,2.9084535,1.2729028,0.0036322134217492224,0.010999865583195552,0.061807580174927115,1.2729028
siPRRX1,SRF,-8.992865,-1.2720063,2.408692304782073e-19,1.838417333018978e-18,0.08396501457725948,1.2720063
siPRRX1,ZNF461,3.273588,1.2717944,0.0010619131829554577,0.0034246529204855856,0.07113702623906705,1.2717944
siPRRX1,ZKSCAN4,2.582021,1.2715875,0.009822360736348793,0.02794813743434229,0.05510204081632653,1.2715875
siPRRX1,FOXO1,4.7577395,1.2648296,1.9577293424154733e-06,8.147824196903487e-06,0.10262390670553936,1.2648296
siPRRX1,MSI2,14.716057,1.2622532,5.084574791714235e-49,7.642732409010077e-48,0.3306122448979592,1.2622532
siPRRX1,JUND,-33.23472,-1.2573421,3.3941647379921084e-242,3.035595477457085e-240,0.4784256559766764,1.2573421
siPRRX1,ZNF564,4.086047,1.2548114,4.387849493234504e-05,0.00016348836037729275,0.0880466472303207,1.2548114
siPRRX1,ZNF615,3.120229,1.254421,0.0018071043679256538,0.005675132628742692,0.06501457725947522,1.254421
siPRRX1,ID4,-4.24513,-1.2508683,2.1846668408509236e-05,8.38828994611911e-05,0.0358600583090379,1.2508683
siPRRX1,TCF7L1,8.238756,1.2492323,1.740101151840746e-16,1.2040788351587721e-15,0.18338192419825072,1.2492323
siPRRX1,ZNF718,9.955966,1.24325,2.3750413728366366e-23,2.0518216190719365e-22,0.2259475218658892,1.24325
siPRRX1,MGA,13.52979,1.2413754,1.0432135223554091e-41,1.3713466155813205e-40,0.3064139941690962,1.2413754
siPRRX1,SMAD1,-10.636538,-1.2336464,2.0147863128464456e-26,1.8763212661324167e-25,0.10903790087463557,1.2336464
siPRRX1,POLR3A,17.05694,1.2316993,3.103914676163501e-65,5.997548713000494e-64,0.39212827988338195,1.2316993
siPRRX1,ZNF91,9.17056,1.2310588,4.705696139915069e-20,3.6779039555478514e-19,0.20524781341107873,1.2310588
siPRRX1,ATF4,-42.394234,-1.2087529,0.0,0.0,0.7128279883381924,1.2087529
siPRRX1,FOXC1,-6.044975,-1.207615,1.4943313475346713e-09,7.540005159170509e-09,0.061807580174927115,1.207615
siPRRX1,ZNF790,4.4662538,1.2063413,7.960125727440156e-06,3.160575050999784e-05,0.09650145772594752,1.2063413
siPRRX1,ZNF526,4.5731864,1.2045637,4.803623192005315e-06,1.940511888598114e-05,0.10145772594752187,1.2045637
siPRRX1,NFIX,-31.694254,-1.1976053,1.8643984947918016e-220,1.47281599705288e-218,0.4775510204081633,1.1976053
siPRRX1,ZNF652,16.817862,1.1964703,1.805576022195698e-63,3.4021997552915476e-62,0.39300291545189503,1.1964703
siPRRX1,ZNF714,12.7802725,1.1856221,2.113289071233388e-37,2.5590418240728482e-36,0.3011661807580175,1.1856221
siPRRX1,ZNF100,5.5816326,1.1854415,2.3827097052029052e-08,1.1253831844151481e-07,0.13323615160349855,1.1854415
siPRRX1,SNAI1,-2.98374,-1.1790172,0.0028474858263928863,0.008730012250799541,0.028862973760932945,1.1790172
siPRRX1,SCMH1,22.219946,1.1750518,2.203337407932496e-109,7.496735783892061e-108,0.5416909620991254,1.1750518
siPRRX1,RREB1,16.92001,1.1735404,3.2037699773564995e-64,6.087162956977349e-63,0.4014577259475219,1.1735404
siPRRX1,DMC1,5.4472165,1.1678084,5.116418988400945e-08,2.3784177521354455e-07,0.1314868804664723,1.1678084
siPRRX1,ZNF37A,17.996464,1.1663225,2.0766017966054658e-72,4.377294797188053e-71,0.4282798833819242,1.1663225
siPRRX1,ZNF682,4.502094,1.1658872,6.728728186028609e-06,2.684844028593506e-05,0.10466472303206997,1.1658872
siPRRX1,ZNF383,2.784414,1.1658722,0.0053624515363763095,0.01582820737552281,0.06209912536443149,1.1658722
siPRRX1,ZNF441,3.5551035,1.1636373,0.00037783015631456134,0.0012855465726126691,0.08163265306122448,1.1636373
siPRRX1,MLLT10,18.479626,1.1611086,3.012659752179864e-76,6.735984420900728e-75,0.44314868804664725,1.1611086
siPRRX1,ZNF197,9.043158,1.1574434,1.5221022735371697e-19,1.1731759043988244e-18,0.2096209912536443,1.1574434
siPRRX1,NFIB,-3.2147434,-1.1508454,0.0013056115402282045,0.004170296452856467,0.0314868804664723,1.1508454
siPRRX1,ZNF793,4.0350375,1.1407927,5.459358243385712e-05,0.00020149336644195286,0.09037900874635568,1.1407927
siPRRX1,ZNF69,11.239665,1.1384194,2.603679713263922e-29,2.607011090745907e-28,0.26997084548104955,1.1384194
siPRRX1,ZNF250,3.8716004,1.1373174,0.00010812307428325204,0.0003883003049191449,0.08833819241982507,1.1373174
siPRRX1,ZNF251,9.506159,1.1345487,1.9783261504886146e-21,1.60743813953718e-20,0.22361516034985424,1.1345487
siPRRX1,POU2F1,11.814875,1.1342988,3.2703500719014426e-32,3.5361013169497378e-31,0.287463556851312,1.1342988
siPRRX1,NR4A2,-3.4005866,-1.1269718,0.0006724141696231346,0.0022182315420501302,0.03498542274052478,1.1269718
siPRRX1,HHAT,7.57589,1.126651,3.56674276177221e-14,2.2509670423462622e-13,0.1760932944606414,1.126651
siPRRX1,ZNF530,3.4035008,1.1264465,0.0006652819433064895,0.0021961495418245597,0.07755102040816327,1.1264465
siPRRX1,ZBTB40,5.4072065,1.1249872,6.401529028228883e-08,2.9576953860684074e-07,0.12653061224489795,1.1249872
siPRRX1,NFATC2,-3.3326411,-1.1219405,0.0008602580065594772,0.002802833853794227,0.033527696793002916,1.1219405
siPRRX1,ZNF625,8.087289,1.1210501,6.100733923481088e-16,4.1312757953437914e-15,0.1935860058309038,1.1210501
siPRRX1,HDAC8,23.647013,1.12031,1.2668716495843691e-123,4.910990688682936e-122,0.5874635568513119,1.12031
siPRRX1,ZNF81,4.9422092,1.1198884,7.72423278162563e-07,3.299731104016872e-06,0.11574344023323616,1.1198884
siPRRX1,FOXK2,9.347907,1.119405,8.939916532014404e-21,7.127455899226511e-20,0.22886297376093295,1.119405
siPRRX1,HOXA13,7.688606,1.1175576,1.4874673988944675e-14,9.536394931673133e-14,0.18338192419825072,1.1175576
siPRRX1,CBFA2T2,13.628251,1.1163526,2.720203440181987e-42,3.619518307600283e-41,0.33294460641399415,1.1163526
siPRRX1,ZNF254,6.519727,1.1077068,7.043534370918955e-11,3.8319397722475015e-10,0.1521865889212828,1.1077068
siPRRX1,ZNF592,7.5335255,1.1064382,4.938829160512301e-14,3.0989265807454033e-13,0.18483965014577258,1.1064382
siPRRX1,ZNF512,6.8472342,1.0965478,7.529139769954188e-12,4.292912525482531e-11,0.16443148688046647,1.0965478
siPRRX1,NF1,25.728756,1.0952282,5.573796528531622e-146,2.5517186959321552e-144,0.6405247813411079,1.0952282
siPRRX1,MORN1,5.0720696,1.0928214,3.935120323088259e-07,1.7182786945209447e-06,0.12011661807580175,1.0928214
siPRRX1,NFIA,12.540446,1.0894481,4.4846438887868125e-36,5.257699075983115e-35,0.3151603498542274,1.0894481
siPRRX1,LCOR,18.826792,1.0870904,4.5554080061685025e-79,1.0641467097991757e-77,0.4772594752186589,1.0870904
siPRRX1,CLOCK,24.44922,1.0867726,5.129467711076637e-132,2.140868840346352e-130,0.614868804664723,1.0867726
siPRRX1,ZNF236,6.3472486,1.0814027,2.1919993394570286e-10,1.1637067512970725e-09,0.15685131195335278,1.0814027
siPRRX1,GATAD2A,15.889084,1.0794816,7.542137146572935e-57,1.2865817331367811e-55,0.3997084548104956,1.0794816
siPRRX1,ZFP91,-30.397802,-1.0769824,5.872800750410168e-203,4.0851854553269844e-201,0.5411078717201167,1.0769824
siPRRX1,BNC2,30.642052,1.0744094,3.372387509901526e-206,2.399185455197557e-204,0.7862973760932944,1.0744094
siPRRX1,PRDM5,9.98482,1.0743784,1.7762311279411515e-23,1.540712847450721e-22,0.25043731778425654,1.0743784
siPRRX1,LCORL,19.331663,1.0741091,2.90889266898491e-83,7.212325764031696e-82,0.506997084548105,1.0741091
siPRRX1,ZNF567,5.469939,1.0704433,4.501902143916415e-08,2.0978160306653304e-07,0.13002915451895045,1.0704433
siPRRX1,SIM1,18.142847,1.0685416,1.462545299762221e-73,3.143781922458845e-72,0.47113702623906706,1.0685416
siPRRX1,ABL1,16.10569,1.0677146,2.326865905704175e-58,4.0521123790433897e-57,0.4075801749271137,1.0677146
siPRRX1,ZNF569,6.437075,1.0672106,1.2179774036059362e-10,6.548001318398423e-10,0.1620991253644315,1.0672106
siPRRX1,GLI2,12.0729065,1.0511149,1.4685452349079417e-33,1.6286673947105703e-32,0.3052478134110787,1.0511149
siPRRX1,ZNF438,8.356456,1.0459068,6.463066287956579e-17,4.546295111882265e-16,0.20816326530612245,1.0459068
siPRRX1,RCOR1,9.716659,1.0452404,2.5604643226324397e-22,2.1439557088451937e-21,0.25072886297376096,1.0452404
siPRRX1,ZFY,9.747641,1.0446078,1.888056079380261e-22,1.5876662303505873e-21,0.24635568513119532,1.0446078
siPRRX1,ILF3,33.656506,1.0435288,2.504305387482189e-248,2.340030429601827e-246,0.8545189504373177,1.0435288
siPRRX1,ZNF287,2.6189046,1.0387403,0.008821264368848065,0.025269057689852808,0.06559766763848396,1.0387403
siPRRX1,ZNF667,2.863001,1.0373055,0.004196491485406149,0.012594503808430104,0.06822157434402332,1.0373055
siPRRX1,ZNF3,4.2254677,1.036301,2.3844506661107357e-05,9.116246348205351e-05,0.10291545189504374,1.036301
siPRRX1,ZNF484,3.624162,1.0331777,0.00028989997125042295,0.0009978934817942394,0.09008746355685131,1.0331777
siPRRX1,ZNF101,2.5100625,1.0300913,0.012070983075459623,0.03383875049542818,0.06209912536443149,1.0300913
siPRRX1,KLF7,-10.497384,-1.0256478,8.880689501355881e-26,8.158115425273439e-25,0.14810495626822157,1.0256478
siPRRX1,ZNF397,4.664943,1.0254493,3.0870250440552084e-06,1.2646046319847952e-05,0.11865889212827989,1.0254493
siPRRX1,SATB2,6.0178113,1.0199903,1.767909264946577e-09,8.897102856268526e-09,0.1553935860058309,1.0199903
siPRRX1,WDR83,3.8267393,1.0183996,0.0001298518787331861,0.0004632123571561889,0.09446064139941691,1.0183996
siPRRX1,ASPSCR1,6.9113264,1.0166194,4.80142602848037e-12,2.7621711602390403e-11,0.17667638483965015,1.0166194
siPRRX1,ZNF248,6.1395173,1.016203,8.277265462528213e-10,4.2483968377255895e-09,0.15306122448979592,1.016203
siPRRX1,ZFP82,4.208379,1.014045,2.5720952944527045e-05,9.8037154282625e-05,0.10612244897959183,1.014045
siPRRX1,MTF2,14.121115,1.013987,2.815020436195141e-45,3.9782021311060226e-44,0.37755102040816324,1.013987
siPRRX1,ZNF776,2.6085238,1.0134193,0.00909336797589187,0.026000927249632818,0.06647230320699708,1.0134193
siPRRX1,ZNF429,7.153928,1.010832,8.432949857869769e-13,5.0172946148912985e-12,0.1772594752186589,1.010832
siPRRX1,ZNF578,2.9679656,1.0093521,0.002997778535346039,0.009172821368784886,0.07463556851311953,1.0093521
siPRRX1,ZNF224,4.1238275,1.0085359,3.726276892889266e-05,0.00013996314077056098,0.1,1.0085359
siPRRX1,ZNF107,7.3778715,1.0068433,1.6084001963373544e-13,9.898637924964372e-13,0.19591836734693877,1.0068433
siPRRX1,ZNF721,17.205528,1.0036922,2.4136597329677584e-66,4.736901805092367e-65,0.46151603498542276,1.0036922
siPRRX1,NCOA1,13.810756,1.0015967,2.1951547670418573e-43,2.9875579171881624e-42,0.3664723032069971,1.0015967
siPRRX1,PHF21A,18.118546,1.0005016,2.2753042982312603e-73,4.878267999683837e-72,0.4892128279883382,1.0005016
siPRRX1,ZNF267,6.686141,0.9971358,2.291321017199254e-11,1.278219222826993e-10,0.16938775510204082,0.9971358
siPRRX1,ZNF141,4.3629932,0.9955905,1.2829502866023416e-05,5.006645017468574e-05,0.11457725947521866,0.9955905
siPRRX1,POU2F2,13.566889,0.9951858,6.293709547342833e-42,8.308227437246137e-41,0.36064139941690965,0.9951858
siPRRX1,ZNF92,5.012902,0.98908997,5.361526162284538e-07,2.3204863144820153e-06,0.1346938775510204,0.98908997
siPRRX1,ZNF286A,4.9317865,0.988573,8.148087969737002e-07,3.4748708947233315e-06,0.12769679300291545,0.988573
siPRRX1,PPARG,6.7775884,0.9863207,1.2219854212163126e-11,6.89210786443669e-11,0.17959183673469387,0.9863207
siPRRX1,MECOM,5.7946987,0.9854886,6.84439259166397e-09,3.333928793628655e-08,0.15597667638483964,0.9854886
siPRRX1,TFAP4,2.8701546,0.98143476,0.004102712788466118,0.012326350767698682,0.07405247813411078,0.98143476
siPRRX1,ZNF791,12.589779,0.9784522,2.4034435988200097e-36,2.8403508542543973e-35,0.339067055393586,0.9784522
siPRRX1,ZNF521,10.735162,0.97794276,6.959676709650575e-27,6.564377557931063e-26,0.28658892128279884,0.97794276
siPRRX1,MAFF,-6.024325,-0.9766695,1.6981681012193593e-09,8.553001928949154e-09,0.07842565597667639,0.9766695
siPRRX1,TFCP2,13.78065,0.97659,3.3325599423208147e-43,4.50615367578822e-42,0.37201166180758016,0.97659
siPRRX1,GLIS2,-3.8990076,-0.97565323,9.658779335104059e-05,0.00034847306167652475,0.049854227405247815,0.97565323
siPRRX1,PSMC2,23.744514,0.97352695,1.2518972747482962e-124,4.937009693582179e-123,0.6469387755102041,0.97352695
siPRRX1,ZNF41,3.989147,0.9710627,6.631131990543653e-05,0.0002430218166357298,0.10349854227405247,0.9710627
siPRRX1,NME1,42.6022,0.9672306,0.0,0.0,0.9755102040816327,0.9672306
siPRRX1,FOXN3,15.514299,0.9669282,2.776494066748906e-54,4.5384441527105805e-53,0.4314868804664723,0.9669282
siPRRX1,ZNF430,6.689278,0.9665729,2.2427446812049556e-11,1.2519574745148128e-10,0.17667638483965015,0.9665729
siPRRX1,ZNF420,3.4315548,0.96600395,0.0006001319987550465,0.0019944931005738387,0.08688046647230321,0.96600395
siPRRX1,ZNF75A,9.231703,0.96472037,2.663629966206356e-20,2.0962483222419724e-19,0.2478134110787172,0.96472037
siPRRX1,ZNF76,4.5618806,0.9631405,5.069743878881911e-06,2.0434013554637184e-05,0.11924198250728862,0.9631405
siPRRX1,ZNF562,7.730066,0.96288854,1.0749082180349913e-14,6.928661929480632e-14,0.20583090379008748,0.96288854
siPRRX1,PPP1R10,19.48151,0.95851886,1.5756485702880514e-84,3.969556488647222e-83,0.5463556851311954,0.95851886
siPRRX1,ZNF568,5.971792,0.95672125,2.346611403957421e-09,1.1731651582731432e-08,0.15743440233236153,0.95672125
siPRRX1,BRF1,5.6170382,0.9540162,1.9425833838056623e-08,9.22377191832791e-08,0.14839650145772595,0.9540162
siPRRX1,ZNF276,4.8662686,0.9532453,1.1372494534526303e-06,4.8073937902364565e-06,0.13002915451895045,0.9532453
siPRRX1,ZNF410,-7.8353853,-0.9527245,4.674071825710233e-15,3.0600812198545273e-14,0.11836734693877551,0.9527245
siPRRX1,NMI,-29.5021,-0.94692373,2.7057987228776488e-191,1.7508685172687876e-189,0.6542274052478134,0.94692373
siPRRX1,ARID5A,-4.0272408,-0.94690233,5.643525399046226e-05,0.00020801466447294023,0.060058309037900874,0.94690233
siPRRX1,TGIF1,-14.366971,-0.946006,8.339956841060232e-47,1.2086180510059624e-45,0.239067055393586,0.946006
siPRRX1,HINFP,2.587154,0.9440946,0.009677234555868934,0.027547721694676577,0.06763848396501458,0.9440946
siPRRX1,U2AF1,2.917349,0.94395655,0.003530204382623562,0.010706476704572997,0.0793002915451895,0.94395655
siPRRX1,ZSCAN32,3.3869405,0.94382715,0.0007067670291594403,0.002325431604810236,0.08629737609329446,0.94382715
siPRRX1,ZNF417,3.3671598,0.94109756,0.0007594663192156229,0.00248966560620469,0.09067055393586006,0.94109756
siPRRX1,ZNF665,3.8311038,0.9396758,0.00012756969198614074,0.0004554605398798027,0.10116618075801749,0.9396758
siPRRX1,ZNF487,4.154521,0.9337674,3.2596962598870626e-05,0.00012319546293403536,0.10816326530612246,0.9337674
siPRRX1,HMBOX1,9.9392185,0.9320373,2.8102397584412456e-23,2.420847059885988e-22,0.27638483965014576,0.9320373
siPRRX1,SMARCC2,22.064825,0.92933565,6.883573067215239e-108,2.2953187316804797e-106,0.6169096209912537,0.92933565
siPRRX1,MXI1,-4.360649,-0.9239528,1.2967716488010492e-05,5.0587802005599426e-05,0.07230320699708455,0.9239528
siPRRX1,BPTF,30.81684,0.9209432,1.5588982842141298e-208,1.1414599658856794e-206,0.8431486880466472,0.9209432
siPRRX1,EDN1,-4.3994975,-0.92061,1.0850184821968856e-05,4.262122797046966e-05,0.08483965014577259,0.92061
siPRRX1,PKM,54.521984,0.91973335,0.0,0.0,0.9985422740524781,0.91973335
siPRRX1,KDM4C,7.480628,0.9137742,7.396837695422318e-14,4.607751481810092e-13,0.2099125364431487,0.9137742
siPRRX1,ZNF112,3.3436444,0.9135433,0.0008268566203956171,0.002700331701610204,0.08892128279883382,0.9135433
siPRRX1,KMT2A,23.018345,0.91290724,3.0537962351576817e-117,1.1229539694687028e-115,0.6620991253644315,0.91290724
siPRRX1,RBM17,-26.201118,-0.91207653,2.5805019095537904e-151,1.2355818129836715e-149,0.5501457725947522,0.91207653
siPRRX1,CHAMP1,-11.38996,-0.9118882,4.692033412823589e-30,4.813514982545199e-29,0.1825072886297376,0.9118882
siPRRX1,ZNF43,6.681787,0.90993494,2.3604571227776e-11,1.3159075527292223e-10,0.19067055393586005,0.90993494
siPRRX1,FOXN2,12.193447,0.90959984,3.3686459104098066e-34,3.78965098331008e-33,0.35131195335276966,0.90959984
siPRRX1,RFX3,9.458084,0.9089226,3.1363559430144916e-21,2.5352041809221723e-20,0.26384839650145775,0.9089226
siPRRX1,ZNF506,6.383628,0.90846217,1.7294123781101764e-10,9.216417274448826e-10,0.1749271137026239,0.90846217
siPRRX1,ZNF394,4.0026507,0.908093,6.263678677077906e-05,0.0002301614694517754,0.11370262390670553,0.908093
siPRRX1,GPBP1L1,14.381476,0.9076319,6.763625410895553e-47,9.83022098314837e-46,0.4145772594752187,0.9076319
siPRRX1,ZNF542P,6.48789,0.9057025,8.704691344070488e-11,4.718244169658294e-10,0.17988338192419825,0.9057025
siPRRX1,ZNF566,3.4854784,0.9054038,0.0004912577242658294,0.0016501778579563918,0.09737609329446065,0.9054038
siPRRX1,ZNF26,4.0378823,0.9046249,5.393593342104512e-05,0.0001992129269512997,0.11457725947521866,0.9046249
siPRRX1,ZBTB11,8.13199,0.90084356,4.222988247034839e-16,2.8807428951851384e-15,0.23119533527696792,0.90084356
siPRRX1,ZNF700,-4.216412,-0.89981264,2.482201106777511e-05,9.4726120261997e-05,0.056851311953352766,0.89981264
siPRRX1,ZNF875,6.307715,0.8985874,2.8318492753473546e-10,1.4920086167315054e-09,0.16909620991253643,0.8985874
siPRRX1,KLF13,-5.048342,-0.8974333,4.4566063892687075e-07,1.9405727212670315e-06,0.07317784256559767,0.8974333
siPRRX1,ZNF544,8.765732,0.895934,1.8556759513557954e-18,1.3752541335854346e-17,0.24985422740524782,0.895934
siPRRX1,ZKSCAN5,4.367208,0.89533764,1.258449328560474e-05,4.9148608992219884e-05,0.12244897959183673,0.89533764
siPRRX1,NKX3-1,-2.9905562,-0.89495385,0.002784699284063086,0.008553906296969536,0.04081632653061224,0.89495385
siPRRX1,RFC2,11.016448,0.8930048,3.183752345794269e-28,3.1010317480894628e-27,0.3294460641399417,0.8930048
siPRRX1,ID2,-27.759514,-0.8908416,1.3376443774568277e-169,7.378257819443585e-168,0.7527696793002916,0.8908416
siPRRX1,MEF2A,18.609797,0.88960063,2.676366145582067e-77,6.103967305798372e-76,0.5501457725947522,0.88960063
siPRRX1,NR1H3,2.7642927,0.8846721,0.005704633792531932,0.0167808574453876,0.07551020408163266,0.8846721
siPRRX1,ZSCAN9,2.870311,0.8771846,0.004100682664166076,0.012321729694750044,0.07813411078717201,0.8771846
siPRRX1,ZNF486,5.861361,0.8750336,4.5908878513664116e-09,2.259532499487376e-08,0.16938775510204082,0.8750336
siPRRX1,KLF6,-21.581816,-0.87355644,2.662042047343119e-103,8.332857118695798e-102,0.5011661807580174,0.87355644
siPRRX1,ZNF557,4.951091,0.87028885,7.379863961396123e-07,3.1569277984503196e-06,0.139067055393586,0.87028885
siPRRX1,KLF3,-6.930109,-0.8693884,4.205164170315833e-12,2.4252814636814623e-11,0.10903790087463557,0.8693884
siPRRX1,ZNF627,4.04345,0.86865216,5.267043600968743e-05,0.0001947973797894835,0.11486880466472303,0.86865216
siPRRX1,ZNF629,4.68729,0.8676712,2.768463328017209e-06,1.13726802264119e-05,0.13177842565597667,0.8676712
siPRRX1,TRPS1,16.539345,0.8645509,1.910912557861011e-61,3.5057195805095555e-60,0.5119533527696793,0.8645509
siPRRX1,FLI1,5.869443,0.8645311,4.372618651740624e-09,2.1537985105603604e-08,0.17900874635568514,0.8645311
siPRRX1,ZNF200,3.3531938,0.857433,0.0007988473187325643,0.002611925128045551,0.09358600583090379,0.857433
siPRRX1,NFIL3,-5.3760543,-0.8562715,7.613587997779911e-08,3.497055587681668e-07,0.09591836734693877,0.8562715
siPRRX1,ZGPAT,4.1896553,0.8551704,2.7937854366378555e-05,0.00010609944632133026,0.1206997084548105,0.8551704
siPRRX1,ZNF84,5.0020723,0.8527892,5.671723914615314e-07,2.451061237833848e-06,0.14402332361516035,0.8527892
siPRRX1,GTF3C2,5.8964396,0.8494821,3.7142870364762346e-09,1.8363904435821888e-08,0.1784256559766764,0.8494821
siPRRX1,ZNF490,4.487554,0.84814256,7.204558855910615e-06,2.8687639190604805e-05,0.1274052478134111,0.84814256
siPRRX1,ZSCAN5A,3.3124502,0.84723085,0.0009248257623352137,0.0030018777369278577,0.09416909620991254,0.84723085
siPRRX1,IRF7,-13.628783,-0.84573764,2.7004452471983992e-42,3.5951382179873636e-41,0.26268221574344025,0.84573764
siPRRX1,NCOA2,14.30532,0.8446842,2.027026575503346e-46,2.912266179217142e-45,0.4411078717201166,0.8446842
siPRRX1,JDP2,-6.8696194,-0.8437346,6.437334724697022e-12,3.680450597622439e-11,0.1206997084548105,0.8437346
siPRRX1,ZNF614,2.4711862,0.8371196,0.013466566310754293,0.03749913861380062,0.07376093294460641,0.8371196
siPRRX1,APEX2,3.6451075,0.8337744,0.00026728003296553086,0.0009225674135799895,0.10728862973760933,0.8337744
siPRRX1,ZNF35,5.0983744,0.8333092,3.4258275144700185e-07,1.500867260625581e-06,0.14810495626822157,0.8333092
siPRRX1,TERF2,8.131065,0.82841176,4.255343806227545e-16,2.901233857760691e-15,0.2466472303206997,0.82841176
siPRRX1,ZNF587B,4.101046,0.82788837,4.1128695508085454e-05,0.0001536084702331806,0.12157434402332362,0.82788837
siPRRX1,HMGA1,29.245043,0.8262709,5.191763506754167e-188,3.2666367270386396e-186,0.889795918367347,0.8262709
siPRRX1,ZFP62,2.4780684,0.82318944,0.013209580886468657,0.03681218835510217,0.07230320699708455,0.82318944
siPRRX1,NFKB2,-4.4654713,-0.82008445,7.98927545302723e-06,3.171143380800569e-05,0.07725947521865889,0.82008445
siPRRX1,ZNF432,2.7240396,0.8184085,0.006448880437145116,0.01883738060270477,0.07900874635568512,0.8184085
siPRRX1,CCNT2,7.9074693,0.81458694,2.626743156059165e-15,1.734675688661224e-14,0.2434402332361516,0.81458694
siPRRX1,ZNF44,6.3861804,0.8125528,1.7008048894303638e-10,9.066509229503458e-10,0.1903790087463557,0.8125528
siPRRX1,TET1,9.348965,0.81245285,8.851018394119285e-21,7.061076859685732e-20,0.2924198250728863,0.81245285
siPRRX1,HIVEP2,9.051414,0.81236374,1.411295510939246e-19,1.0884404738201602e-18,0.28542274052478134,0.81236374
siPRRX1,ZNF688,-5.1336617,-0.8119429,2.841587558872843e-07,1.2545669190637117e-06,0.08717201166180757,0.8119429
siPRRX1,GLIS1,6.7435217,0.8098124,1.545929880653613e-11,8.682030964639555e-11,0.20204081632653062,0.8098124
siPRRX1,MAFG,-4.6426272,-0.8080798,3.4400660543438435e-06,1.4048619395446596e-05,0.08483965014577259,0.8080798
siPRRX1,ZNF532,10.286895,0.807389,8.073779738954335e-25,7.246723735587615e-24,0.31690962099125364,0.807389
siPRRX1,ZNF134,2.6346266,0.8045272,0.008422985271232716,0.024175174459852112,0.07638483965014577,0.8045272
siPRRX1,ZNF226,10.035211,0.80439466,1.0673147285831287e-23,9.303061410782704e-23,0.3166180758017493,0.80439466
siPRRX1,UTP18,15.922139,0.804205,4.4490442634980736e-57,7.620585940254362e-56,0.5137026239067055,0.804205
siPRRX1,STAT2,-27.86393,-0.8032614,7.303634114068568e-171,4.0643912329890015e-169,0.7434402332361516,0.8032614
siPRRX1,NR2C1,8.75525,0.8026306,2.036513456416804e-18,1.5070440300115135e-17,0.2755102040816326,0.8026306
siPRRX1,ZNF616,-4.849225,-0.8024683,1.2394487005317738e-06,5.226178541625978e-06,0.08134110787172012,0.8024683
siPRRX1,ZNF695,2.9162154,0.79844004,0.0035430582024206974,0.010742857913187928,0.09154518950437318,0.79844004
siPRRX1,NPAS2,5.1600947,0.7974313,2.468246657039624e-07,1.0953363952788633e-06,0.15393586005830903,0.7974313
siPRRX1,ARID3A,11.17896,0.79715425,5.169213460999127e-29,5.136803313108736e-28,0.36064139941690965,0.79715425
siPRRX1,TBX5,13.377349,0.79677,8.202083471964586e-41,1.0543971986906425e-39,0.4306122448979592,0.79677
siPRRX1,PHTF1,13.236993,0.79544264,5.365437628862976e-40,6.799660379655195e-39,0.4291545189504373,0.79544264
siPRRX1,DAB2,-32.724243,-0.79540837,7.060997813489185e-235,6.055531070047815e-233,0.8708454810495627,0.79540837
siPRRX1,NCOA3,17.003437,0.7900377,7.744244501506627e-65,1.4860641441128656e-63,0.5463556851311954,0.7900377
siPRRX1,ZNF529,4.635446,0.7899853,3.561686723719864e-06,1.4531078353762274e-05,0.14198250728862974,0.7899853
siPRRX1,NFATC4,-9.229157,-0.7860149,2.72769396167718e-20,2.1459915861866147e-19,0.18483965014577258,0.7860149
siPRRX1,ZNF516,7.1475463,0.7787778,8.834273642834619e-13,5.2523238500442665e-12,0.2239067055393586,0.7787778
siPRRX1,ZFP30,5.189728,0.7787661,2.1060194645875216e-07,9.40591036779039e-07,0.15918367346938775,0.7787661
siPRRX1,ZNF140,2.5608354,0.77525866,0.010442080677870433,0.02957034765749535,0.08104956268221575,0.77525866
siPRRX1,NNT,10.291047,0.77501625,7.733047084830775e-25,6.943383474303775e-24,0.33206997084548107,0.77501625
siPRRX1,RAN,39.37835,0.7716204,0.0,0.0,0.9915451895043732,0.7716204
siPRRX1,ZNF354C,2.5330355,0.77020526,0.011307951452445964,0.03186022955357244,0.08221574344023323,0.77020526
siPRRX1,SF3B1,29.491886,0.77014357,3.658366870045191e-191,2.361155236074012e-189,0.8985422740524781,0.77014357
siPRRX1,SFPQ,21.824568,0.76750714,1.3561631426664226e-105,4.359568346425231e-104,0.7495626822157434,0.76750714
siPRRX1,BHLHE40,-4.493,-0.76563114,7.02268411416353e-06,2.7985686757938116e-05,0.08104956268221575,0.76563114
siPRRX1,ZNF689,3.1325397,0.76302534,0.0017330092177517535,0.005456124821591578,0.09941690962099126,0.76302534
siPRRX1,ZFP37,2.448168,0.76271623,0.014358469730702332,0.03975594971727423,0.07842565597667639,0.76271623
siPRRX1,ZDHHC24,-6.9030046,-0.7621729,5.091399217719939e-12,2.926970137973892e-11,0.1422740524781341,0.7621729
siPRRX1,POLD2,9.863556,0.76137275,5.988998562275233e-23,5.108191484894291e-22,0.34110787172011664,0.76137275
siPRRX1,LAS1L,10.559331,0.7569808,4.5992870956843546e-26,4.24687859329379e-25,0.3469387755102041,0.7569808
siPRRX1,ZNF282,3.6091352,0.75558907,0.00030721950537055136,0.0010547560808183915,0.1151603498542274,0.75558907
siPRRX1,SETBP1,6.2162333,0.751548,5.092311193169604e-10,2.6434837665703405e-09,0.19271137026239066,0.751548
siPRRX1,MTHFD1,12.835493,0.7507119,1.0374049712662036e-37,1.2641700871264365e-36,0.43323615160349854,0.7507119
siPRRX1,E2F7,12.449973,0.7472781,1.3989312301514314e-35,1.61586881298211e-34,0.44985422740524783,0.7472781
siPRRX1,IRF1,-19.217485,-0.7467148,2.642664270083884e-82,6.462656118304748e-81,0.5504373177842565,0.7467148
siPRRX1,FUBP1,22.26666,0.7448865,7.778612246175428e-110,2.6610930036711074e-108,0.7743440233236152,0.7448865
siPRRX1,SETDB1,7.553195,0.7442917,4.247083029827873e-14,2.6715763183358354e-13,0.24606413994169096,0.7442917
siPRRX1,ZNF85,3.7998435,0.7432974,0.00014478745777304225,0.0005143662246492443,0.12536443148688048,0.7432974
siPRRX1,ETS2,-5.4033184,-0.74022925,6.541910075262237e-08,3.018656939464104e-07,0.11166180758017492,0.74022925
siPRRX1,ZNF500,3.1326406,0.7367067,0.0017324139312230276,0.005455622442868091,0.09708454810495627,0.7367067
siPRRX1,ZNF507,5.236651,0.7314654,1.635165388567183e-07,7.354132841325323e-07,0.18104956268221575,0.7314654
siPRRX1,MEIS2,21.42967,0.72507006,7.067798460358027e-102,2.190492686191655e-100,0.8119533527696793,0.72507006
siPRRX1,ZNF514,3.5237634,0.7247131,0.000425463912931897,0.0014388207032600359,0.11749271137026239,0.7247131
siPRRX1,BHLHE41,3.2977817,0.7241735,0.0009745186628833844,0.0031554042353149356,0.11166180758017492,0.7241735
siPRRX1,KDM2A,15.317912,0.7240488,5.8052682099752425e-53,9.283239241008941e-52,0.5358600583090379,0.7240488
siPRRX1,TEAD3,-7.690049,-0.72356576,1.470784360507982e-14,9.434267919016621e-14,0.16588921282798832,0.72356576
siPRRX1,ZNF678,2.54174,0.72333366,0.011030222155942876,0.031140791795842334,0.08309037900874636,0.72333366
siPRRX1,MIOS,4.7358966,0.7222206,2.180887212738467e-06,9.039023101853143e-06,0.17580174927113704,0.7222206
siPRRX1,ZNF787,3.5235164,0.7221685,0.00042586052884769086,0.0014399675078860213,0.11895043731778426,0.7221685
siPRRX1,TAF1,9.491425,0.7174631,2.2789862533255016e-21,1.849931077983054e-20,0.3282798833819242,0.7174631
siPRRX1,ZFX,8.72986,0.71726906,2.549877773219053e-18,1.8813800588376998e-17,0.2915451895043732,0.71726906
siPRRX1,ZNF337,3.49138,0.7163633,0.0004805323029113328,0.001617187196546915,0.10728862973760933,0.7163633
siPRRX1,SSBP3,9.709609,0.71554834,2.743868064935658e-22,2.294221839135851e-21,0.32886297376093293,0.71554834
siPRRX1,ZNF829,2.4029417,0.71145034,0.01626377906344421,0.0446184876541159,0.08192419825072886,0.71145034
siPRRX1,MNT,-3.8262908,-0.7114352,0.00013008863035963452,0.000463924733902872,0.08104956268221575,0.7114352
siPRRX1,IRX5,-2.435492,-0.71019715,0.014871549038340325,0.041064431692371645,0.0402332361516035,0.71019715
siPRRX1,SMAD7,-6.2940235,-0.7083239,3.093404941145109e-10,1.6267334425904202e-09,0.12653061224489795,0.7083239
siPRRX1,ZNF846,6.593216,0.7077738,4.303996100115987e-11,2.367765165621805e-10,0.22565597667638485,0.7077738
siPRRX1,LRRFIP1,-26.691055,-0.70323026,5.978353861245906e-157,2.982269669189641e-155,0.7962099125364431,0.70323026
siPRRX1,ZNF761,6.178369,0.70322263,6.476718883324617e-10,3.3434342254424875e-09,0.2087463556851312,0.70322263
siPRRX1,RUNX2,6.2891793,0.7029608,3.1914841741684225e-10,1.6765501717962164e-09,0.22769679300291545,0.7029608
siPRRX1,ZNF605,5.0815115,0.70290977,3.744433841712139e-07,1.6370131331032714e-06,0.1760932944606414,0.70290977
siPRRX1,ZNF674,2.853163,0.7011929,0.004328642282690519,0.012967802373864813,0.09650145772594752,0.7011929
siPRRX1,ZNF195,5.7185636,0.6959822,1.0742834565235062e-08,5.175491788815245e-08,0.20145772594752187,0.6959822
siPRRX1,ZNF431,6.74662,0.6953495,1.5132877105968322e-11,8.502524309797144e-11,0.23760932944606414,0.6953495
siPRRX1,PAXIP1,3.065109,0.6953345,0.002175906449437442,0.006754561709038358,0.1043731778425656,0.6953345
siPRRX1,NRF1,5.9289064,0.69508,3.0495868304178215e-09,1.5148246087387853e-08,0.2110787172011662,0.69508
siPRRX1,PRDM1,7.626141,0.6944115,2.418847596046789e-14,1.5385517272086284e-13,0.2702623906705539,0.6944115
siPRRX1,ZFP64,6.6331806,0.69394124,3.285292980207429e-11,1.820139531202532e-10,0.2303206997084548,0.69394124
siPRRX1,ZNF580,-6.183401,-0.6929606,6.273503774765302e-10,3.241202424750829e-09,0.13673469387755102,0.6929606
siPRRX1,MAGEF1,6.8880715,0.69098413,5.6553695351470445e-12,3.2407726292712193e-11,0.2402332361516035,0.69098413
siPRRX1,PPARA,7.436132,0.6890434,1.0367633935632962e-13,6.420036820378849e-13,0.26443148688046647,0.6890434
siPRRX1,ZNF75D,5.6977606,0.6888517,1.2139141226481955e-08,5.824647913269997e-08,0.20728862973760934,0.6888517
siPRRX1,PHF1,-5.307716,-0.68529826,1.1100755289929192e-07,5.0405279051751e-07,0.11982507288629737,0.68529826
siPRRX1,HMGB3,17.398115,0.6825226,8.526361268556859e-68,1.6986248121495694e-66,0.6816326530612244,0.6825226
siPRRX1,ELF1,-18.05741,-0.6816071,6.898509639742547e-73,1.466489629867851e-71,0.5358600583090379,0.6816071
siPRRX1,E2F6,4.244111,0.6785119,2.1946160609864363e-05,8.423907939794963e-05,0.15743440233236153,0.6785119
siPRRX1,USP39,7.5959415,0.6773545,3.0556197734297146e-14,1.935715415285275e-13,0.2813411078717201,0.6773545
siPRRX1,ZNF611,8.068145,0.67608476,7.137431778764744e-16,4.8137777162355695e-15,0.28775510204081634,0.67608476
siPRRX1,PLAGL1,-9.5686655,-0.6760291,1.0829448111755222e-21,8.868248515846116e-21,0.23731778425655978,0.6760291
siPRRX1,ZNF131,16.56127,0.6751175,1.327607651872611e-61,2.4409655519966168e-60,0.6134110787172011,0.6751175
siPRRX1,DNMT3A,3.4729974,0.67473805,0.000514680415052482,0.001724692486784993,0.11428571428571428,0.67473805
siPRRX1,ZNF142,3.828513,0.67296785,0.0001289198539930196,0.0004600186639631229,0.1434402332361516,0.67296785
siPRRX1,ZBTB21,6.3980145,0.6721933,1.5741027785331497e-10,8.40662865856838e-10,0.2411078717201166,0.6721933
siPRRX1,ZNF528,4.680971,0.66821414,2.8551885098449627e-06,1.171548921244266e-05,0.15918367346938775,0.66821414
siPRRX1,ZNF708,4.814188,0.66780007,1.4779964368818317e-06,6.2017404109240665e-06,0.17201166180758018,0.66780007
siPRRX1,ZNF320,4.142614,0.66611624,3.43370013714916e-05,0.00012940063030020957,0.14635568513119535,0.66611624
siPRRX1,ZIC1,3.7018273,0.6647589,0.00021405233527914432,0.0007478095117271668,0.13527696793002916,0.6647589
siPRRX1,PPP5C,13.095406,0.6634743,3.498001066646639e-39,4.3820381546255695e-38,0.49300291545189506,0.6634743
siPRRX1,C19orf25,8.690876,0.66206765,3.596548824585265e-18,2.640421450168989e-17,0.319533527696793,0.66206765
siPRRX1,ZNF274,3.8772306,0.6605582,0.00010565216325667548,0.0003797533331812354,0.141399416909621,0.6605582
siPRRX1,DNMT1,21.874346,0.6603667,4.560097172984064e-106,1.4753740750112006e-104,0.867930029154519,0.6603667
siPRRX1,ZNF503,-5.0424995,-0.65899366,4.5948947097510383e-07,1.9980092606630577e-06,0.13090379008746356,0.65899366
siPRRX1,ZNF622,13.994582,0.65803564,1.682151313391759e-44,2.3402462883309126e-43,0.5265306122448979,0.65803564
siPRRX1,ZNF880,5.6263304,0.65686727,1.8408350127750026e-08,8.750605616915644e-08,0.19970845481049562,0.65686727
siPRRX1,PARP1,18.822733,0.65309274,4.9181244410588444e-79,1.1478068243522421e-77,0.7355685131195335,0.65309274
siPRRX1,TWIST2,21.548813,0.6514158,5.432101524719431e-103,1.6961432217209975e-101,0.812536443148688,0.6514158
siPRRX1,KLF16,-2.7770765,-0.6506645,0.005485028454332898,0.01616905033000641,0.05539358600583091,0.6506645
siPRRX1,FOSL2,-6.5318294,-0.6445966,6.497116831008654e-11,3.542364460747196e-10,0.1653061224489796,0.6445966
siPRRX1,ZKSCAN1,11.806567,0.6429747,3.6100231215792293e-32,3.9000085854437905e-31,0.4521865889212828,0.6429747
siPRRX1,TAF7,18.709791,0.64024913,4.119902145182827e-78,9.49131458322616e-77,0.7285714285714285,0.64024913
siPRRX1,ETV6,6.2620716,0.6387056,3.798966695475433e-10,1.988581187042136e-09,0.23527696793002917,0.6387056
siPRRX1,ZNF415,2.5770931,0.6378455,0.009963507190965134,0.028314360766698694,0.09358600583090379,0.6378455
siPRRX1,TRIM69,-8.754895,-0.6377148,2.042928543698771e-18,1.5113446555776846e-17,0.2259475218658892,0.6377148
siPRRX1,YY1,-20.407843,-0.634103,1.4243421644509302e-92,3.9897512843602005e-91,0.6530612244897959,0.634103
siPRRX1,EWSR1,16.06238,0.6333376,4.68232914475571e-58,8.142700447428645e-57,0.6204081632653061,0.6333376
siPRRX1,PQBP1,12.705256,0.6307776,5.5287730766906914e-37,6.618142226887585e-36,0.4932944606413994,0.6307776
siPRRX1,HOXA9,11.187592,0.6291045,4.6900024118093476e-29,4.666151783731811e-28,0.46122448979591835,0.6291045
siPRRX1,MAP4K2,2.373681,0.6279319,0.017611751497370896,0.0479592737056505,0.08775510204081632,0.6279319
siPRRX1,RFX8,8.277441,0.62526834,1.2585036997966077e-16,8.761592896943744e-16,0.34052478134110786,0.62526834
siPRRX1,HAND2,2.9191887,0.6241258,0.0035094367568683357,0.010649941258543003,0.1131195335276968,0.6241258
siPRRX1,ABCF2,8.478871,0.6234714,2.27389768379726e-17,1.623693920662988e-16,0.32857142857142857,0.6234714
siPRRX1,TIMM8A,7.674094,0.62235075,1.6659193054381072e-14,1.0664097966968579e-13,0.3011661807580175,0.62235075
siPRRX1,PIK3C3,9.57922,0.62044364,9.77805934946243e-22,8.028267614073383e-21,0.37784256559766766,0.62044364
siPRRX1,NFE2L1,-18.06626,-0.6203198,5.876503727895158e-73,1.2524204796080898e-71,0.6096209912536443,0.6203198
siPRRX1,RARA,-4.780396,-0.6187546,1.7495017684587405e-06,7.309146360651281e-06,0.119533527696793,0.6187546
siPRRX1,TAF9,14.286499,0.61648786,2.6563004981546334e-46,3.803263411937583e-45,0.5705539358600583,0.61648786
siPRRX1,NFE2L3,3.7858253,0.6159233,0.00015319925640676336,0.0005431708592578462,0.1425655976676385,0.6159233
siPRRX1,CNOT6,3.2467966,0.61539197,0.0011671179520183247,0.0037484888744956893,0.13615160349854227,0.61539197
siPRRX1,DEAF1,4.281165,0.6106191,1.8591745112899683e-05,7.17218335147709e-05,0.15801749271137025,0.6106191
siPRRX1,MSANTD3,11.250143,0.6088899,2.3121636310251948e-29,2.322551209311389e-28,0.4524781341107872,0.6088899
siPRRX1,IRF2,-16.660452,-0.606612,2.540976564997496e-62,4.716911426291127e-61,0.5682215743440233,0.606612
siPRRX1,NCOR2,13.200568,0.60513556,8.707540909539753e-40,1.0979568955523389e-38,0.5393586005830904,0.60513556
siPRRX1,PSMD12,23.405104,0.6022375,3.7916282456459043e-121,1.451834167086617e-119,0.8900874635568513,0.6022375
siPRRX1,SNAPC4,3.2130358,0.6016241,0.0013133985296799114,0.004193029829199941,0.12303206997084548,0.6016241
siPRRX1,ACO1,13.554123,0.60021603,7.490229532094432e-42,9.877321113360124e-41,0.5618075801749272,0.60021603
siPRRX1,CHD2,15.45841,0.5995976,6.621215751726635e-54,1.0752820029490168e-52,0.6425655976676384,0.5995976
siPRRX1,SSRP1,16.961567,0.5993431,1.5807147556701712e-64,3.0147950427640846e-63,0.7151603498542274,0.5993431
siPRRX1,PRDM4,3.7504406,0.59792185,0.00017652404683410163,0.0006215572526461717,0.14635568513119535,0.59792185
siPRRX1,ASCC1,6.079153,0.5971575,1.208190785962526e-09,6.130803173672457e-09,0.2411078717201166,0.5971575
siPRRX1,FAAP24,2.7384505,0.5958527,0.006172942634982581,0.01807563487666438,0.11341107871720117,0.5958527
siPRRX1,ILF2,17.772228,0.5928273,1.1599044725980963e-70,2.388678273256704e-69,0.7545189504373178,0.5928273
siPRRX1,RUVBL1,16.821499,0.5927146,1.6980525729057236e-63,3.2068350324815334e-62,0.702332361516035,0.5927146
siPRRX1,EZR,21.834877,0.59192735,1.0823132800894957e-105,3.488196803088951e-104,0.9177842565597668,0.59192735
siPRRX1,CERS2,-8.320692,-0.59171265,8.745118622233466e-17,6.115477814520259e-16,0.2303206997084548,0.59171265
siPRRX1,ZNF808,2.8852541,0.5888315,0.003910976524436608,0.011798418759780934,0.12128279883381925,0.5888315
siPRRX1,RB1,-15.517039,-0.5883733,2.6604503543962443e-54,4.351600115923628e-53,0.5271137026239067,0.5883733
siPRRX1,ZNF174,2.7919085,0.5875378,0.005239818951242345,0.015496624693502449,0.10962099125364431,0.5875378
siPRRX1,CD59,-40.316853,-0.5873553,0.0,0.0,0.9982507288629737,0.5873553
siPRRX1,SIX1,-6.2742605,-0.58633167,3.5129991009734233e-10,1.841970759769189e-09,0.20466472303206998,0.58633167
siPRRX1,SMAP2,9.782051,0.5839319,1.3445736247838313e-22,1.1344613447384335e-21,0.4061224489795918,0.5839319
siPRRX1,FOSL1,14.141977,0.58147985,2.0931983011337393e-45,2.964811756617143e-44,0.6358600583090379,0.58147985
siPRRX1,AHDC1,7.2873216,0.5771767,3.161773867062847e-13,1.9227086250361294e-12,0.29825072886297377,0.5771767
siPRRX1,JRKL,6.6476545,0.57688826,2.978004256490122e-11,1.6528187630989724e-10,0.26588921282798833,0.57688826
siPRRX1,EXOSC3,8.725917,0.5760675,2.640334071585433e-18,1.946974258558375e-17,0.3664723032069971,0.5760675
siPRRX1,GTF2A2,23.136343,0.5748989,1.9952743522328505e-118,7.42431802802601e-117,0.9049562682215744,0.5748989
siPRRX1,NFYB,-10.693771,-0.5745501,1.0885245028878605e-26,1.0209299850680825e-25,0.343731778425656,0.5745501
siPRRX1,SMAD3,8.604374,0.5739686,7.673424627554305e-18,5.569794189078693e-17,0.3848396501457726,0.5739686
siPRRX1,STAT1,-33.90021,-0.5731005,6.614349730597711e-252,6.226937817805559e-250,0.9947521865889213,0.5731005
siPRRX1,DIDO1,5.5870094,0.5715665,2.3101347464521022e-08,1.0923412824896818e-07,0.23119533527696792,0.5715665
siPRRX1,TPI1,29.960962,0.5715421,3.167071295779674e-197,2.0926068440346857e-195,0.9848396501457726,0.5715421
siPRRX1,MLX,10.433949,0.56963176,1.7352282557003327e-25,1.5847405535830682e-24,0.4478134110787172,0.56963176
siPRRX1,ETV1,4.5389147,0.5695707,5.654451556397396e-06,2.2732184279226778e-05,0.180466472303207,0.5695707
siPRRX1,PTPMT1,-14.609587,-0.569438,2.4399497676801696e-48,3.619740644682868e-47,0.5075801749271137,0.569438
siPRRX1,PRRX2,-8.5145855,-0.56690425,1.6718660951839945e-17,1.198593494291371e-16,0.24052478134110788,0.56690425
siPRRX1,SOX4,-8.344253,-0.5664244,7.166552480877957e-17,5.02843393740952e-16,0.24635568513119532,0.5664244
siPRRX1,PPARD,4.393832,0.5660461,1.1136966895937425e-05,4.3706617302627334e-05,0.18571428571428572,0.5660461
siPRRX1,LUZP1,9.957712,0.5655151,2.333713244161871e-23,2.017985050424778e-22,0.41778425655976675,0.5655151
siPRRX1,SPATS2,10.037384,0.5650645,1.0440626598386538e-23,9.103557495710157e-23,0.4291545189504373,0.5650645
siPRRX1,PKNOX1,6.048807,0.5643354,1.4592201443283392e-09,7.376219389235017e-09,0.25510204081632654,0.5643354
siPRRX1,PAX3,5.9836197,0.56323135,2.1823258815622535e-09,1.0916860712361557e-08,0.26559766763848397,0.56323135
siPRRX1,NR3C1,-15.444037,-0.5596047,8.275349312222135e-54,1.3421716157815202e-52,0.5813411078717201,0.5596047
siPRRX1,VDR,-3.3901434,-0.5591562,0.0006985606755943323,0.0023005359354646244,0.10262390670553936,0.5591562
siPRRX1,NELFA,4.7807264,0.5589387,1.7466289263690985e-06,7.298361684320868e-06,0.20262390670553937,0.5589387
siPRRX1,JUN,-12.148551,-0.5561435,5.8391145765107335e-34,6.52199407783148e-33,0.4259475218658892,0.5561435
siPRRX1,ZNF93,4.1201034,0.55599445,3.7870277083782136e-05,0.0001421384110809461,0.17580174927113704,0.55599445
siPRRX1,YWHAE,31.42436,0.5505352,9.40619697118681e-217,7.270061251619139e-215,0.9909620991253645,0.5505352
siPRRX1,PHF8,3.090485,0.5482002,0.0019982980767847165,0.006235686035992881,0.11924198250728862,0.5482002
siPRRX1,NFXL1,4.9271894,0.5478964,8.342093884274084e-07,3.55639623850854e-06,0.2119533527696793,0.5478964
siPRRX1,ZNF480,7.521086,0.547853,5.4322978484081903e-14,3.402591363677787e-13,0.31370262390670556,0.547853
siPRRX1,NFKB1,7.169577,0.5475904,7.522989327677438e-13,4.48762979379939e-12,0.3163265306122449,0.5475904
siPRRX1,ZNF830,7.4367127,0.54602045,1.0322175647790557e-13,6.393468280286202e-13,0.321865889212828,0.54602045
siPRRX1,HNRNPC,32.92313,0.54468286,1.025925043396614e-237,8.859039633357933e-236,0.9950437317784256,0.54468286
siPRRX1,MXD4,5.144063,0.5441067,2.688590743599455e-07,1.1895351484314056e-06,0.2262390670553936,0.5441067
siPRRX1,BCLAF1,21.923334,0.5435515,1.5563032707343116e-106,5.0614216241206015e-105,0.9262390670553936,0.5435515
siPRRX1,BANP,3.3891559,0.5426284,0.0007010816991856695,0.0023076351092281198,0.14431486880466474,0.5426284
siPRRX1,DTL,6.774674,0.5425275,1.2468710617815329e-11,7.029298768377565e-11,0.2979591836734694,0.5425275
siPRRX1,ZEB1,18.76571,0.5364207,1.4405843789156788e-78,3.3495927592206526e-77,0.8553935860058309,0.5364207
siPRRX1,CSTF2,2.55934,0.53632206,0.010487109988850553,0.029691148483979145,0.12040816326530612,0.53632206
siPRRX1,NFX1,7.6479597,0.53589284,2.041930814114243e-14,1.3027778712623918e-13,0.33206997084548107,0.53589284
siPRRX1,ZNF260,4.147632,0.53570336,3.359319347284095e-05,0.00012673105618362204,0.16793002915451896,0.53570336
siPRRX1,ZNF407,5.94498,0.53443307,2.7649064607498017e-09,1.376790367669448e-08,0.26676384839650147,0.53443307
siPRRX1,TFAP2A,9.2026825,0.53365785,3.491239650693105e-20,2.7415372634887655e-19,0.4090379008746356,0.53365785
siPRRX1,ZNF496,2.788024,0.53352,0.00530306312855654,0.0156621425716845,0.12303206997084548,0.53352
siPRRX1,ZNF234,2.3932426,0.53223956,0.016700190929313987,0.045715586057267256,0.09387755102040816,0.53223956
siPRRX1,ZNF83,-7.75804,-0.5321557,8.625203381115308e-15,5.5797556980079966e-14,0.25743440233236153,0.5321557
siPRRX1,ZFP90,4.9959483,0.52829295,5.854729096045567e-07,2.52652293681153e-06,0.2163265306122449,0.52829295
siPRRX1,CHD1,10.80615,0.527208,3.2189652451720895e-27,3.062664425136758e-26,0.5096209912536444,0.527208
siPRRX1,TRAF4,-2.853368,-0.52307105,0.004325848132667653,0.012962258895557962,0.08600583090379009,0.52307105
siPRRX1,RIOK2,7.1625104,0.5215514,7.921284396211488e-13,4.7184777319202675e-12,0.32740524781341107,0.5215514
siPRRX1,ZNF207,18.262884,0.5198849,1.6342761268846609e-74,3.568050808146964e-73,0.8274052478134111,0.5198849
siPRRX1,IVD,12.149769,0.51929665,5.752835174845543e-34,6.431361537878665e-33,0.5533527696793002,0.51929665
siPRRX1,DGCR8,2.6059017,0.5170411,0.009163275084784105,0.026182877073615194,0.11545189504373178,0.5170411
siPRRX1,RORA,9.688848,0.51590717,3.3630035987296155e-22,2.805340976661793e-21,0.4845481049562682,0.51590717
siPRRX1,DDX20,3.6556203,0.51544905,0.0002565608395039696,0.0008882616539276105,0.180466472303207,0.51544905
siPRRX1,ZNF626,3.2750764,0.5150519,0.001056333952126869,0.0034075376567256283,0.14285714285714285,0.5150519
siPRRX1,RNF114,-13.368078,-0.514809,9.291094260902434e-41,1.1925555227140889e-39,0.5559766763848396,0.514809
siPRRX1,SMAD6,-4.5868883,-0.514164,4.49901415680609e-06,1.8212788961322032e-05,0.14285714285714285,0.514164
siPRRX1,ZNF766,3.2422688,0.5130009,0.0011858216558271108,0.0038061197007462845,0.13381924198250728,0.5130009
siPRRX1,ARNT2,4.1551576,0.51052696,3.250636300823509e-05,0.00012287159886071293,0.19591836734693877,0.51052696
siPRRX1,KLF10,-8.993198,-0.50740343,2.4013844049578936e-19,1.8333984228340116e-18,0.30058309037900877,0.50740343
siPRRX1,HOXA7,4.5295286,0.5055189,5.911543394805624e-06,2.370865946392095e-05,0.20466472303206998,0.5055189
siPRRX1,FOXF1,2.7062585,0.5050311,0.00680460658166914,0.019795650327388316,0.12448979591836734,0.5050311
siPRRX1,SND1,7.056332,0.50439745,1.709548789423691e-12,1.0035283822022519e-11,0.3262390670553936,0.50439745
siPRRX1,RUFY3,9.826116,0.50336224,8.690601514603863e-23,7.377289597583388e-22,0.48075801749271135,0.50336224
siPRRX1,PRDX5,-24.635136,-0.50321895,5.311274905744247e-134,2.2429164618827557e-132,0.9422740524781341,0.50321895
siPRRX1,ZNF451,9.726055,0.50246125,2.3347267563078745e-22,1.9567010519230855e-21,0.4524781341107872,0.50246125
siPRRX1,XRCC1,6.4772205,0.50209695,9.342761609033662e-11,5.052071609013625e-10,0.3116618075801749,0.50209695
siPRRX1,ZNF561,3.216263,0.50035244,0.0012987168202912868,0.004149332305911509,0.13965014577259474,0.50035244
siPRRX1/mmMYOD1,MYOD1,69.37715,30.812588,0.0,0.0,0.8339611706751666,30.812588
siPRRX1/mmMYOD1,ZNF704,8.8408,7.36302,9.503580249067104e-19,6.660751653992119e-18,0.10721529991306868,7.36302
siPRRX1/mmMYOD1,ESR1,31.173786,7.105275,2.4151509422729408e-213,1.4503647457170022e-211,0.3784410315850478,7.105275
siPRRX1/mmMYOD1,BACH2,11.302569,7.0839744,1.2743426242689474e-29,1.2024147700430666e-28,0.1376412634019125,7.0839744
siPRRX1/mmMYOD1,NR5A2,2.4359698,6.698726,0.014851927716260134,0.03892433007541457,0.02984642132715155,6.698726
siPRRX1/mmMYOD1,SP140,7.2347946,5.9243355,4.662346916021731e-13,2.640309621687386e-12,0.08866995073891626,5.9243355
siPRRX1/mmMYOD1,BOLL,9.822037,5.5980268,9.049662563891246e-23,7.099675749528966e-22,0.12112431179368299,5.5980268
siPRRX1/mmMYOD1,NANOS1,-33.364822,-5.5477443,4.440902718235375e-244,3.1063990466494486e-242,0.010431758910460736,5.5477443
siPRRX1/mmMYOD1,FOSB,-33.149002,-4.819408,5.854107925827555e-241,4.049684272888775e-239,0.016227180527383367,4.819408
siPRRX1/mmMYOD1,FOS,-60.86201,-4.2425084,0.0,0.0,0.07099391480730223,4.2425084
siPRRX1/mmMYOD1,ZNF155,-7.5221167,-3.5942109,5.38963745922878e-14,3.157868536593521e-13,0.007534048101999421,3.5942109
siPRRX1/mmMYOD1,ZSCAN30,39.343914,3.4848151,0.0,0.0,0.5328890176760359,3.4848151
siPRRX1/mmMYOD1,RARB,6.0522137,3.365346,1.4286885191223409e-09,6.882881472847569e-09,0.08403361344537816,3.365346
siPRRX1/mmMYOD1,HES1,-40.186623,-3.149227,0.0,0.0,0.07678933642422486,3.149227
siPRRX1/mmMYOD1,ZNF442,5.6078625,3.053664,2.048405567648222e-08,9.209366647225632e-08,0.08026658939437845,3.053664
siPRRX1/mmMYOD1,ATF3,17.942041,3.0028114,5.538232183832485e-72,1.0684777376543381e-70,0.3488843813387424,3.0028114
siPRRX1/mmMYOD1,IKZF2,21.358889,2.9610984,3.2239563802290356e-101,8.709203416795631e-100,0.30860620110113013,2.9610984
siPRRX1/mmMYOD1,ZNF483,3.0162323,2.940046,0.00255937070842059,0.007493483138111589,0.04172703564184294,2.940046
siPRRX1/mmMYOD1,TIGD6,12.04729,2.8793466,2.0043252432343142e-33,2.0792175949077753e-32,0.171834250941756,2.8793466
siPRRX1/mmMYOD1,ZNF433,12.410124,2.8445394,2.3029720771677671e-35,2.487964916153375e-34,0.1816864676905245,2.8445394
siPRRX1/mmMYOD1,SOX5,12.902091,2.8273833,4.3804812444637784e-38,5.059779120104333e-37,0.18719211822660098,2.8273833
siPRRX1/mmMYOD1,FOXP2,6.428233,2.8107207,1.2909573312101617e-10,6.530940098619165e-10,0.09330628803245436,2.8107207
siPRRX1/mmMYOD1,ZNF418,2.7973177,2.6465433,0.005152883375159054,0.014492195134853215,0.04114749348015068,2.6465433
siPRRX1/mmMYOD1,ZNF732,9.345565,2.5941594,9.140030105199067e-21,6.783776938185982e-20,0.13909011880614314,2.5941594
siPRRX1/mmMYOD1,STAT4,5.7651477,2.5914757,8.158645454520693e-09,3.75429620492663e-08,0.09417560127499276,2.5914757
siPRRX1/mmMYOD1,NR3C2,6.2566266,2.5891943,3.9339402806945603e-10,1.950380766366129e-09,0.0927267458707621,2.5891943
siPRRX1/mmMYOD1,PRRX1,-54.946575,-2.5642982,0.0,0.0,0.292958562735439,2.5642982
siPRRX1/mmMYOD1,CREB5,12.443588,2.538403,1.515406453270181e-35,1.646369128103769e-34,0.21674876847290642,2.538403
siPRRX1/mmMYOD1,ZNF133,16.94301,2.5383961,2.1674659544582582e-64,3.8440285008175426e-63,0.2564474065488264,2.5383961
siPRRX1/mmMYOD1,ZNF841,12.581152,2.5319197,2.680927597773314e-36,2.974558657662354e-35,0.18980005795421617,2.5319197
siPRRX1/mmMYOD1,ZFHX2,5.092028,2.4667954,3.54253426648463e-07,1.4758300299668624e-06,0.07939727615184004,2.4667954
siPRRX1/mmMYOD1,ARG2,-6.245758,-2.463292,4.2174971976080817e-10,2.0864196922659343e-09,0.015937409446537234,2.463292
siPRRX1/mmMYOD1,ZNF462,21.585634,2.3971567,2.451068170009684e-103,6.7897841939582426e-102,0.3512025499855114,2.3971567
siPRRX1/mmMYOD1,PROX1,2.5959113,2.3914723,0.009434045733179559,0.02546043466432617,0.04143726456099681,2.3914723
siPRRX1/mmMYOD1,ZNF620,6.5916724,2.3382304,4.3489880909195414e-11,2.2599576628513623e-10,0.1037380469429151,2.3382304
siPRRX1/mmMYOD1,SOX15,4.68997,2.2910175,2.7324499109238363e-06,1.0779144717919771e-05,0.07418139669660968,2.2910175
siPRRX1/mmMYOD1,NFAT5,53.879932,2.2764726,0.0,0.0,0.8588814836279339,2.2764726
siPRRX1/mmMYOD1,ZNF563,2.6656315,2.2735279,0.007684384793346656,0.02104235800929327,0.04201680672268908,2.2735279
siPRRX1/mmMYOD1,ZNF169,3.9900918,2.2635965,6.604775756955361e-05,0.00023116253599675212,0.06288032454361055,2.2635965
siPRRX1/mmMYOD1,ZNF441,8.083455,2.2356057,6.295726554818136e-16,3.984270517709269e-15,0.13445378151260504,2.2356057
siPRRX1/mmMYOD1,ZNF610,4.349601,2.2258036,1.3638572653459768e-05,5.10137619698192e-05,0.0698348304839177,2.2258036
siPRRX1/mmMYOD1,IKZF4,-5.205607,-2.1899529,1.9336341741421268e-07,8.207129998113075e-07,0.0165169516082295,2.1899529
siPRRX1/mmMYOD1,ZNF438,18.302576,2.1852896,7.892753190729736e-75,1.571147260749237e-73,0.3170095624456679,2.1852896
siPRRX1/mmMYOD1,ZNF670,6.6988025,2.171086,2.101344565274902e-11,1.1052692838398254e-10,0.11851637206606781,2.171086
siPRRX1/mmMYOD1,ZNF675,16.075403,2.1693828,3.7951246812455074e-58,6.103886465494541e-57,0.2657200811359026,2.1693828
siPRRX1/mmMYOD1,ZNF763,3.2137527,2.1544464,0.0013101239070958473,0.004000990595304172,0.054187192118226604,2.1544464
siPRRX1/mmMYOD1,ZNF510,11.139126,2.1497686,8.090928139366975e-29,7.451747792056925e-28,0.18139669660967836,2.1497686
siPRRX1/mmMYOD1,ZNF782,8.311814,2.1455762,9.424970370811804e-17,6.127209450308131e-16,0.13619240799768184,2.1455762
siPRRX1/mmMYOD1,SOX13,3.3362434,2.1398013,0.0008491879800039532,0.002647910023067986,0.054187192118226604,2.1398013
siPRRX1/mmMYOD1,ZNF138,16.474106,2.1271129,5.6315134147031494e-61,9.464722075905789e-60,0.27151550275282527,2.1271129
siPRRX1/mmMYOD1,ZNF19,2.4568374,2.1092236,0.014016612440692662,0.0368701689852758,0.03940886699507389,2.1092236
siPRRX1/mmMYOD1,ETV7,20.280298,2.1025116,1.9196129839186374e-91,4.65803763016381e-90,0.3433787308026659,2.1025116
siPRRX1/mmMYOD1,ZNF587,19.991695,2.100513,6.504822185833915e-89,1.5381846758985166e-87,0.33352651405389744,2.100513
siPRRX1/mmMYOD1,ZNF18,3.6695437,2.0989623,0.00024298366760656178,0.0008061578485619302,0.05940307157345697,2.0989623
siPRRX1/mmMYOD1,TBX19,2.494406,2.091638,0.012616811759491968,0.033387953088999035,0.04027818023761229,2.091638
siPRRX1/mmMYOD1,MEIS1,29.97464,2.0831234,2.1012087255600787e-197,1.1589971124554072e-195,0.5169516082294987,2.0831234
siPRRX1/mmMYOD1,ZNF267,16.443829,2.0751626,9.286383220142031e-61,1.5524005914472412e-59,0.27962909301651695,2.0751626
siPRRX1/mmMYOD1,ZNF273,7.893232,2.0709472,2.9445958088350723e-15,1.8171160237764386e-14,0.13068675746160532,2.0709472
siPRRX1/mmMYOD1,ZNF707,3.4478688,2.0651207,0.0005650284153473741,0.0018022470484179013,0.057084902926687914,2.0651207
siPRRX1/mmMYOD1,ZNF682,9.1710005,2.0615356,4.686490487459824e-20,3.4026991819938794e-19,0.1587945523036801,2.0615356
siPRRX1/mmMYOD1,ZHX2,12.608496,2.0544775,1.8957608648977356e-36,2.1146389121946144e-35,0.21703853955375255,2.0544775
siPRRX1/mmMYOD1,ZNF625,17.57383,2.0535686,3.908772365961349e-69,7.2884197757560756e-68,0.3010721529991307,2.0535686
siPRRX1/mmMYOD1,MCTP2,7.0429125,2.0131981,1.882624016332977e-12,1.0409509961804022e-11,0.11648797450014489,2.0131981
siPRRX1/mmMYOD1,HIVEP3,18.7111,2.0046303,4.019896040619497e-78,8.388853054099453e-77,0.32541292379020575,2.0046303
siPRRX1/mmMYOD1,ZIC4,3.3073506,1.9971092,0.0009418288716077617,0.002923311676103318,0.054476963199072734,1.9971092
siPRRX1/mmMYOD1,NR4A1,-14.4761,-1.9847453,1.715581892690464e-47,2.3540603702331285e-46,0.04839177050130397,1.9847453
siPRRX1/mmMYOD1,ZNF385D,6.6073346,1.9742962,3.9130097517114515e-11,2.0376292410554828e-10,0.11416980585337583,1.9742962
siPRRX1/mmMYOD1,ZNF90,6.5442295,1.9632454,5.980292237580343e-11,3.084623650123315e-10,0.11330049261083744,1.9632454
siPRRX1/mmMYOD1,ZNF44,17.114658,1.9437321,1.1539206632305244e-65,2.0744064069360225e-64,0.3091857432628224,1.9437321
siPRRX1/mmMYOD1,ZNF107,18.217724,1.9287186,3.733698373381881e-74,7.385408741408299e-73,0.31903796001159085,1.9287186
siPRRX1/mmMYOD1,ZNF773,5.225176,1.9252379,1.7398962747994322e-07,7.41120641495618e-07,0.0918574326282237,1.9252379
siPRRX1/mmMYOD1,ZNF408,3.2319605,1.9176911,0.0012294404117931717,0.0037669945909855136,0.056795131845841784,1.9176911
siPRRX1/mmMYOD1,ZNF341,2.8535962,1.9133725,0.004322742494332279,0.012283004373433444,0.049550854824688496,1.9133725
siPRRX1/mmMYOD1,SOX30,2.732633,1.9098467,0.006283025900644129,0.017429880868940987,0.045204288611996525,1.9098467
siPRRX1/mmMYOD1,ZSCAN12,6.1951666,1.8988688,5.822344316605301e-10,2.853290535742269e-09,0.10837438423645321,1.8988688
siPRRX1/mmMYOD1,ZNF765,7.7394104,1.895288,9.98787734017585e-15,6.029807723063732e-14,0.13358446827006665,1.895288
siPRRX1/mmMYOD1,ZNF177,8.173745,1.8758056,2.9896109703283907e-16,1.9176700286619766e-15,0.14314691393798898,1.8758056
siPRRX1/mmMYOD1,MDM2,33.464222,1.8690507,1.5985452823432812e-245,1.1276273509983224e-243,0.6432917994784121,1.8690507
siPRRX1/mmMYOD1,ZNF772,5.255243,1.8680965,1.4782945000804547e-07,6.327029716461245e-07,0.09301651695160823,1.8680965
siPRRX1/mmMYOD1,ZNF654,21.717123,1.8641791,1.4136149719387378e-104,3.9508645231350303e-103,0.39408866995073893,1.8641791
siPRRX1/mmMYOD1,ZNF554,2.955032,1.8606827,0.00312636507807546,0.00904882504451753,0.05766444508838018,1.8606827
siPRRX1/mmMYOD1,ZNF844,9.247821,1.8599468,2.2911537228650026e-20,1.6781243500434455e-19,0.18690234714575485,1.8599468
siPRRX1/mmMYOD1,YY2,5.3995047,1.8450989,6.682511495011005e-08,2.915899161144199e-07,0.09562445667922341,1.8450989
siPRRX1/mmMYOD1,ZNF823,4.074549,1.8336669,4.610352982547542e-05,0.00016385532130138453,0.07099391480730223,1.8336669
siPRRX1/mmMYOD1,NFE2L3,14.002521,1.83202,1.5043861957180947e-44,1.963149510847969e-43,0.25847580411474935,1.83202
siPRRX1/mmMYOD1,ZBTB49,2.3713026,1.8227317,0.017725515949158326,0.04578466945836233,0.04201680672268908,1.8227317
siPRRX1/mmMYOD1,ZSCAN16,2.9825325,1.8170227,0.002858744048419315,0.008318460197596616,0.05302810779484207,1.8170227
siPRRX1/mmMYOD1,ZNF594,6.864552,1.7999741,6.670016203777534e-12,3.5982452773588325e-11,0.12431179368299043,1.7999741
siPRRX1/mmMYOD1,ZNF493,8.129097,1.7992135,4.32500143619447e-16,2.7572985225351815e-15,0.1460446247464503,1.7992135
siPRRX1/mmMYOD1,NR1D1,10.764343,1.7957319,5.072191260929074e-27,4.467738781434607e-26,0.2361634308895972,1.7957319
siPRRX1/mmMYOD1,POLR3G,12.924728,1.785024,3.264474040965671e-38,3.781172938661533e-37,0.23703274413213563,1.785024
siPRRX1/mmMYOD1,PRDM10,6.0949464,1.7843487,1.0947413314373452e-09,5.301588168991298e-09,0.11011301072152999,1.7843487
siPRRX1/mmMYOD1,ZNF66,10.978759,1.7785044,4.835217229101746e-28,4.353955765953467e-27,0.19994204578383076,1.7785044
siPRRX1/mmMYOD1,THRA,-19.2979,-1.7738271,5.593827993642129e-83,1.2374614895475813e-81,0.11880614314691394,1.7738271
siPRRX1/mmMYOD1,ZNF583,6.697216,1.7727777,2.1242730835582753e-11,1.1168600999048148e-10,0.1359026369168357,1.7727777
siPRRX1/mmMYOD1,ZNF461,4.8150167,1.7718096,1.471876149772408e-06,5.915378357021448e-06,0.08924949290060852,1.7718096
siPRRX1/mmMYOD1,ZSCAN32,7.0695887,1.7693892,1.5539380458619076e-12,8.613040403823349e-12,0.12923790205737468,1.7693892
siPRRX1/mmMYOD1,ZNF30,2.9603312,1.758914,0.0030730839208533683,0.00890387221404721,0.05215879455230368,1.758914
siPRRX1/mmMYOD1,EPAS1,-42.623188,-1.7299179,0.0,0.0,0.4123442480440452,1.7299179
siPRRX1/mmMYOD1,NR2C2,10.557516,1.7235571,4.689046727340363e-26,4.036545484567115e-25,0.19385685308606201,1.7235571
siPRRX1/mmMYOD1,ZNF562,15.262452,1.7216289,1.3603836518251708e-52,2.016976163943513e-51,0.2894813097652854,1.7216289
siPRRX1/mmMYOD1,ZNF223,2.5075638,1.721016,0.012156658660815842,0.03225204430386167,0.045783830773688784,1.721016
siPRRX1/mmMYOD1,TCF7L1,9.353874,1.715576,8.449504519128491e-21,6.276846400712421e-20,0.1926977687626775,1.715576
siPRRX1/mmMYOD1,ZNF75A,18.242767,1.7139982,2.3618935702607916e-74,4.6756157143455134e-73,0.3471457548536656,1.7139982
siPRRX1/mmMYOD1,DDIT3,18.92697,1.7139039,6.838377021260688e-80,1.452473599375828e-78,0.5123152709359606,1.7139039
siPRRX1/mmMYOD1,ZNF394,7.8839707,1.7090399,3.1713909233767143e-15,1.9541823696653467e-14,0.15821501014198783,1.7090399
siPRRX1/mmMYOD1,ZNF101,4.729087,1.7089775,2.255317656498875e-06,8.954758958941623e-06,0.08838017965807013,1.7089775
siPRRX1/mmMYOD1,ZNF560,3.0391295,1.7063811,0.002372627629609666,0.006985109463988391,0.05505650536076499,1.7063811
siPRRX1/mmMYOD1,ZNF680,6.935537,1.702733,4.046815092493763e-12,2.2006589260853166e-11,0.13010721529991306,1.702733
siPRRX1/mmMYOD1,ZNF334,3.865918,1.6996424,0.00011067215265854877,0.0003789760764221767,0.07012460156476384,1.6996424
siPRRX1/mmMYOD1,ZNF253,3.6178093,1.6994895,0.00029710706962952015,0.0009757580639557303,0.06722689075630252,1.6994895
siPRRX1/mmMYOD1,RELB,8.707396,1.6898974,3.1093583761278118e-18,2.1432577058902467e-17,0.18226600985221675,1.6898974
siPRRX1/mmMYOD1,ZNF398,11.245366,1.6886649,2.4408248391787023e-29,2.277315038104063e-28,0.2129817444219067,1.6886649
siPRRX1/mmMYOD1,ZNF224,7.6017394,1.6885712,2.921764356521447e-14,1.734633072925796e-13,0.14082874529121994,1.6885712
siPRRX1/mmMYOD1,NFATC3,19.432642,1.6739196,4.087631990738639e-84,9.213544582545184e-83,0.3711967545638945,1.6739196
siPRRX1/mmMYOD1,NR6A1,13.164906,1.6661698,1.3971235937196636e-39,1.65657050350037e-38,0.25992465951898003,1.6661698
siPRRX1/mmMYOD1,THRB,7.7830577,1.64766,7.079232069424126e-15,4.299736344470506e-14,0.14430599826137352,1.64766
siPRRX1/mmMYOD1,ZNF45,4.0275044,1.64306,5.6371982576517484e-05,0.00019860258689943032,0.0753404810199942,1.64306
siPRRX1/mmMYOD1,LHX9,8.643951,1.6342021,5.4301743581543104e-18,3.719431790943661e-17,0.17067516661837148,1.6342021
siPRRX1/mmMYOD1,ZNF564,5.459912,1.6313945,4.763711035733713e-08,2.0976411421987627e-07,0.10402781802376122,1.6313945
siPRRX1/mmMYOD1,ZNF717,6.481121,1.6151743,9.104372118144982e-11,4.6453073875832646e-10,0.12199362503622138,1.6151743
siPRRX1/mmMYOD1,ETV4,4.1850944,1.613851,2.850478277282025e-05,0.00010361689217549203,0.0872210953346856,1.613851
siPRRX1/mmMYOD1,POLR3A,21.834366,1.6125227,1.0945180022470718e-105,3.093557540888394e-104,0.43871341640104317,1.6125227
siPRRX1/mmMYOD1,ZNF595,3.8836615,1.6029158,0.00010289513571749628,0.00035335984484881263,0.07505070993914807,1.6029158
siPRRX1/mmMYOD1,HMGA2,45.012897,1.6027254,0.0,0.0,0.8913358446827007,1.6027254
siPRRX1/mmMYOD1,ZNF404,3.2580686,1.6025842,0.0011217334226574901,0.003450067350796962,0.06259055346276442,1.6025842
siPRRX1/mmMYOD1,ZNF175,5.6261396,1.6015694,1.8428730164571738e-08,8.32267377423274e-08,0.10953346855983773,1.6015694
siPRRX1/mmMYOD1,HHAT,9.842607,1.5968966,7.377448631603026e-23,5.813280951309093e-22,0.19994204578383076,1.5968966
siPRRX1/mmMYOD1,ZNF274,11.395391,1.5936629,4.4084498983093e-30,4.21843341052585e-29,0.2277600695450594,1.5936629
siPRRX1/mmMYOD1,ZNF578,5.199442,1.5919552,1.998876645306495e-07,8.471123532199229e-07,0.10084033613445378,1.5919552
siPRRX1/mmMYOD1,ZNF350,6.2439814,1.5914501,4.265712160700118e-10,2.1094384661977164e-09,0.12112431179368299,1.5914501
siPRRX1/mmMYOD1,NFIX,-38.423435,-1.5909691,0.0,0.0,0.37873080266589393,1.5909691
siPRRX1/mmMYOD1,ZNF627,7.834633,1.5904092,4.7021471876931765e-15,2.876891519037687e-14,0.15850478122283396,1.5904092
siPRRX1/mmMYOD1,MTF2,23.390406,1.5882565,5.351131328066988e-121,1.740299100226669e-119,0.4682700666473486,1.5882565
siPRRX1/mmMYOD1,ZNF440,6.77757,1.5876148,1.2221429932057095e-11,6.507528138604587e-11,0.132135612865836,1.5876148
siPRRX1/mmMYOD1,PCK2,-19.938576,-1.5755895,1.8835365893350105e-88,4.445572410002576e-87,0.13937988988698927,1.5755895
siPRRX1/mmMYOD1,ZNF100,8.000753,1.5739276,1.2366045792289957e-15,7.726310347567993e-15,0.16140249203129528,1.5739276
siPRRX1/mmMYOD1,ZNF383,3.8265343,1.5710318,0.00012996001776966308,0.0004421818974168346,0.07418139669660968,1.5710318
siPRRX1/mmMYOD1,DPF1,3.1338532,1.5684484,0.0017252718330985199,0.0051828523565802705,0.061141698058533755,1.5684484
siPRRX1/mmMYOD1,GADD45A,24.053364,1.5661417,7.697954103409897e-128,2.6443369911878003e-126,0.7122573167197913,1.5661417
siPRRX1/mmMYOD1,ZNF3,6.451203,1.5518554,1.1096571923571046e-10,5.633090494832072e-10,0.12865835989568242,1.5518554
siPRRX1/mmMYOD1,ZNF425,4.656935,1.5470616,3.209515199871972e-06,1.2615394700234487e-05,0.08982903506230078,1.5470616
siPRRX1/mmMYOD1,RFX7,26.434122,1.5461043,5.555794968417446e-154,2.3343660670991557e-152,0.5383946682121125,1.5461043
siPRRX1/mmMYOD1,ZNF91,11.616994,1.5414013,3.37815643472438e-31,3.320086084708317e-30,0.2323964068385975,1.5414013
siPRRX1/mmMYOD1,ZBTB40,7.641826,1.5399271,2.14162206608546e-14,1.277829396686016e-13,0.15212981744421908,1.5399271
siPRRX1/mmMYOD1,YOD1,4.2782416,1.535082,1.8837527071248628e-05,6.963822747537765e-05,0.08895972181976239,1.535082
siPRRX1/mmMYOD1,PPP1R10,28.22802,1.5312567,2.6498708334325174e-175,1.2935295401718733e-173,0.6088090408577224,1.5312567
siPRRX1/mmMYOD1,HIVEP2,16.783684,1.5249431,3.2126877528590266e-63,5.586953243548315e-62,0.3630831643002028,1.5249431
siPRRX1/mmMYOD1,NFKB1,19.770409,1.5121124,5.35413534413086e-87,1.2437686204798237e-85,0.4390031874818893,1.5121124
siPRRX1/mmMYOD1,ZNF542P,10.438372,1.506531,1.6562753381761716e-25,1.4078902586085436e-24,0.22254419008982904,1.506531
siPRRX1/mmMYOD1,ZNF140,5.7335916,1.5038725,9.832600422278622e-09,4.4973146990813013e-08,0.11822660098522167,1.5038725
siPRRX1/mmMYOD1,ZNF202,2.5645456,1.494823,0.010331100246089119,0.027723040330321875,0.05331787887568821,1.494823
siPRRX1/mmMYOD1,ZNF16,5.268248,1.4839041,1.3773186878185882e-07,5.906972868702362e-07,0.10895392639814547,1.4839041
siPRRX1/mmMYOD1,ZNF92,8.24172,1.4807996,1.6975252229321063e-16,1.097867423364303e-15,0.17212402202260216,1.4807996
siPRRX1/mmMYOD1,MITF,15.575661,1.4795651,1.0654618096725455e-54,1.6358856307676202e-53,0.3332367429730513,1.4795651
siPRRX1/mmMYOD1,ZNF430,10.893612,1.4783317,1.2363757730055366e-27,1.1022186581560928e-26,0.2248623587365981,1.4783317
siPRRX1/mmMYOD1,ZNF669,5.122805,1.4748316,3.0102372196702266e-07,1.2599425113652317e-06,0.10547667342799188,1.4748316
siPRRX1/mmMYOD1,ZNF35,9.555852,1.4705223,1.2257135792864707e-21,9.298491200391336e-21,0.19849319037960012,1.4705223
siPRRX1/mmMYOD1,ZFP14,5.851441,1.4674151,4.8733258575659014e-09,2.2730084955329725e-08,0.12141408287452912,1.4674151
siPRRX1/mmMYOD1,NCOA2,25.120201,1.4638165,2.9922921033606268e-139,1.1336305423957158e-137,0.5343378730802666,1.4638165
siPRRX1/mmMYOD1,GTPBP1,17.790987,1.4482985,8.300388835727298e-71,1.5830794914263748e-69,0.38075920023181686,1.4482985
siPRRX1/mmMYOD1,ZNF419,4.096023,1.4472153,4.203079286368012e-05,0.00015010483669313714,0.08577223993045494,1.4472153
siPRRX1/mmMYOD1,ZNF836,3.2926273,1.4462509,0.0009925593135746574,0.0030712554467486187,0.06635757751376413,1.4462509
siPRRX1/mmMYOD1,IRF1,36.446373,1.4416734,7.852181552143072e-291,6.780494152716097e-289,0.8725007244277021,1.4416734
siPRRX1/mmMYOD1,POU2F2,18.931507,1.435297,6.274076763884294e-80,1.3337472862579836e-78,0.4123442480440452,1.435297
siPRRX1/mmMYOD1,ZBTB43,10.162139,1.4339983,2.9258500371524017e-24,2.402266774766244e-23,0.2248623587365981,1.4339983
siPRRX1/mmMYOD1,EDN1,11.199412,1.4326452,4.104484989158096e-29,3.808244279307041e-28,0.2619530570849029,1.4326452
siPRRX1/mmMYOD1,ZNF484,5.0261073,1.4309254,5.005361651175212e-07,2.0700952348262537e-06,0.10605621558968414,1.4309254
siPRRX1/mmMYOD1,ZNF567,6.882808,1.4304065,5.868396394382619e-12,3.1705799893879085e-11,0.14546508258475804,1.4304065
siPRRX1/mmMYOD1,ETS2,11.602841,1.4283718,3.986182645277099e-31,3.913053147903924e-30,0.29411764705882354,1.4283718
siPRRX1/mmMYOD1,ZNF730,5.6272306,1.4274346,1.8312591637383457e-08,8.271715724808019e-08,0.11851637206606781,1.4274346
siPRRX1/mmMYOD1,FOXN2,19.220417,1.4255536,2.497579444130603e-82,5.4911663248392065e-81,0.42016806722689076,1.4255536
siPRRX1/mmMYOD1,AEBP2,12.73959,1.4252291,3.5626248578152625e-37,4.0332392264651814e-36,0.35960591133004927,1.4252291
siPRRX1/mmMYOD1,MEF2C,9.942909,1.4204081,2.707999875879701e-23,2.157611609665271e-22,0.22138510576644452,1.4204081
siPRRX1/mmMYOD1,ZNF382,3.3211598,1.4185272,0.0008964420893226557,0.0027907387867749807,0.07910750507099391,1.4185272
siPRRX1/mmMYOD1,BCL6,8.322866,1.418179,8.586111395506077e-17,5.592026048537404e-16,0.22283396117067517,1.418179
siPRRX1/mmMYOD1,ZNF565,3.6951046,1.4178964,0.0002197963321460885,0.0007311083698865605,0.07418139669660968,1.4178964
siPRRX1/mmMYOD1,TIGD1,7.3444214,1.4010513,2.0665096013170265e-13,1.183658129830306e-12,0.1558968414952188,1.4010513
siPRRX1/mmMYOD1,MGA,14.321409,1.400648,1.6082773141044044e-46,2.164131139161875e-45,0.3120834540712837,1.400648
siPRRX1/mmMYOD1,ZNF613,3.0359292,1.3923731,0.0023979557221674853,0.007056358072211301,0.06374963778614894,1.3923731
siPRRX1/mmMYOD1,ZSCAN23,4.4976482,1.3907504,6.870923203826898e-06,2.6361522731765467e-05,0.09620399884091568,1.3907504
siPRRX1/mmMYOD1,ZNF585B,9.375181,1.3883123,6.905697667420547e-21,5.143738280414793e-20,0.20052158794552305,1.3883123
siPRRX1/mmMYOD1,ZNF615,3.2302253,1.3831282,0.0012369270343302763,0.0037883090563404207,0.066067806432918,1.3831282
siPRRX1/mmMYOD1,GTF2I,10.435895,1.3816506,1.7000387200896175e-25,1.4441102316310788e-24,0.22399304549405968,1.3816506
siPRRX1/mmMYOD1,RUNX1,28.105843,1.3777452,8.3108027091668e-174,4.0022907969799035e-172,0.6922631121414082,1.3777452
siPRRX1/mmMYOD1,ZSCAN20,2.4410715,1.3740472,0.014643756350913952,0.038406885896479594,0.05186902347145755,1.3740472
siPRRX1/mmMYOD1,ZNF43,10.535443,1.3730648,5.930319536257058e-26,5.096330193100524e-25,0.23355549116198204,1.3730648
siPRRX1/mmMYOD1,ZNF697,4.848232,1.368678,1.2456685017063899e-06,5.028051357145618e-06,0.11967545638945233,1.368678
siPRRX1/mmMYOD1,ZKSCAN7,2.4194696,1.3631741,0.015543161642450764,0.04057034123934251,0.0486815415821501,1.3631741
siPRRX1/mmMYOD1,ZNF776,3.4007998,1.3625214,0.000671890382448983,0.002123814131704318,0.07563025210084033,1.3625214
siPRRX1/mmMYOD1,ZNF557,7.882814,1.3617257,3.2009006802715503e-15,1.9713958395317305e-14,0.17212402202260216,1.3617257
siPRRX1/mmMYOD1,MAF,-10.977838,-1.3591517,4.884773286426267e-28,4.396998297580394e-27,0.10084033613445378,1.3591517
siPRRX1/mmMYOD1,ZBTB34,3.5623171,1.3580245,0.0003675960927850834,0.0011956541571014495,0.07331208345407128,1.3580245
siPRRX1/mmMYOD1,ZNF622,26.741026,1.3570833,1.57023332351705e-157,6.814867051562213e-156,0.6218487394957983,1.3570833
siPRRX1/mmMYOD1,FOSL1,33.70027,1.352329,5.728052021238317e-249,4.075053372609373e-247,0.7623877137061721,1.352329
siPRRX1/mmMYOD1,ZNF573,4.7242794,1.3516183,2.3093249266450737e-06,9.1633837447387e-06,0.1046073601854535,1.3516183
siPRRX1/mmMYOD1,ZNF714,14.003518,1.3512641,1.4834145547781548e-44,1.93679182902787e-43,0.31266299623297594,1.3512641
siPRRX1/mmMYOD1,RREB1,18.490734,1.3428321,2.4519215346117245e-76,4.996014570361823e-75,0.4120544769631991,1.3428321
siPRRX1/mmMYOD1,CCNT2,12.864959,1.3423613,7.087990046591775e-38,8.16080214927592e-37,0.29527673138220806,1.3423613
siPRRX1/mmMYOD1,ZNF492,2.4044101,1.3404107,0.016198584713109,0.04215368994967012,0.05273833671399594,1.3404107
siPRRX1/mmMYOD1,PRDM15,3.1806002,1.3382845,0.0014697033934948595,0.0044600475496725965,0.07041437264560997,1.3382845
siPRRX1/mmMYOD1,ZNF197,10.0228195,1.329402,1.2100079639983495e-23,9.733648118255259e-23,0.2196464792813677,1.329402
siPRRX1/mmMYOD1,ZNF559,6.2392325,1.3214078,4.3972229980892895e-10,2.1731844941415433e-09,0.13561286583598955,1.3214078
siPRRX1/mmMYOD1,ZNF709,4.2238026,1.3190678,2.40214661462895e-05,8.793240099917872e-05,0.08924949290060852,1.3190678
siPRRX1/mmMYOD1,ZNF793,4.408321,1.3164403,1.0417510770299457e-05,3.938929559260743e-05,0.09446537235583889,1.3164403
siPRRX1/mmMYOD1,KDM4C,10.421525,1.3153378,1.9775651290205836e-25,1.675310756459183e-24,0.23993045494059692,1.3153378
siPRRX1/mmMYOD1,ZNF397,6.2945104,1.3147445,3.0837165584995405e-10,1.5361533729450068e-09,0.13793103448275862,1.3147445
siPRRX1/mmMYOD1,GTF2IRD1,12.188532,1.3137318,3.5781045731167357e-34,3.767993890663973e-33,0.2726745870762098,1.3137318
siPRRX1/mmMYOD1,ZNF343,5.0422816,1.3127735,4.600131922060223e-07,1.9065955576337653e-06,0.11069255288322226,1.3127735
siPRRX1/mmMYOD1,ZNF85,7.296109,1.3025751,2.9620900736401906e-13,1.6896733399566664e-12,0.16545928716314112,1.3025751
siPRRX1/mmMYOD1,KLF12,22.53616,1.2961242,1.8356953956440536e-112,5.558583324996178e-111,0.5383946682121125,1.2961242
siPRRX1/mmMYOD1,PBX1,-31.514471,-1.2950343,5.503449257082015e-218,3.4197860123039164e-216,0.43639524775427413,1.2950343
siPRRX1/mmMYOD1,ZNF134,3.8948936,1.2866406,9.82418223330013e-05,0.00033784286114570426,0.09069834830483918,1.2866406
siPRRX1/mmMYOD1,PHF1,-8.684045,-1.2844429,3.8193820030269666e-18,2.6261659560626386e-17,0.07910750507099391,1.2844429
siPRRX1/mmMYOD1,SREBF2,11.289533,1.2825574,1.4782069144207337e-29,1.3911032525713645e-28,0.25586786438713416,1.2825574
siPRRX1/mmMYOD1,MXD1,5.845484,1.2811724,5.050986484890488e-09,2.3519301516293713e-08,0.15212981744421908,1.2811724
siPRRX1/mmMYOD1,TRPS1,21.42501,1.2798203,7.81184464459261e-102,2.1240414070563317e-100,0.541871921182266,1.2798203
siPRRX1/mmMYOD1,ZNF439,5.9597173,1.2782006,2.5267496665796902e-09,1.1997509509004286e-08,0.13242538394668213,1.2782006
siPRRX1/mmMYOD1,ZNF525,3.3861594,1.2769365,0.0007087818785783849,0.002231776160362117,0.07360185453491741,1.2769365
siPRRX1/mmMYOD1,ZNF516,9.801207,1.2714268,1.1124836160183974e-22,8.700441821465555e-22,0.24862358736598086,1.2714268
siPRRX1/mmMYOD1,ZNF200,5.1008635,1.2675927,3.381071731124961e-07,1.410676412709618e-06,0.1138800347725297,1.2675927
siPRRX1/mmMYOD1,ZNF718,9.56749,1.2611389,1.0953330270983307e-21,8.327058185973406e-21,0.22080556360475226,1.2611389
siPRRX1/mmMYOD1,FOXO1,4.073171,1.2554253,4.6377366393060856e-05,0.00016473503676808933,0.09388583019414662,1.2554253
siPRRX1/mmMYOD1,SOX6,2.6524115,1.2506968,0.00799191022104105,0.02183432421506764,0.060851926977687626,1.2506968
siPRRX1/mmMYOD1,FOXF1,6.557453,1.248163,5.473450647492773e-11,2.827272093946246e-10,0.16777745580991016,1.248163
siPRRX1/mmMYOD1,ZNF20,2.9261084,1.2469857,0.0034323138421196346,0.009880676311571432,0.06751666183714865,1.2469857
siPRRX1/mmMYOD1,ZNF721,20.161472,1.2456439,2.1343359405297464e-90,5.1244526004550245e-89,0.47986090988119384,1.2456439
siPRRX1/mmMYOD1,SNAI1,-3.2324939,-1.2411096,0.0012271475573462673,0.003760429409087766,0.02607939727615184,1.2411096
siPRRX1/mmMYOD1,HLX,3.728704,1.2366538,0.00019246702537867617,0.0006443528408466322,0.09098811938568531,1.2366538
siPRRX1/mmMYOD1,ZNF790,4.1384583,1.2365286,3.496477557668657e-05,0.00012589330122090368,0.09214720370906984,1.2365286
siPRRX1/mmMYOD1,ZNF486,8.4691725,1.2348512,2.4714326204275625e-17,1.6481921619373373e-16,0.19820341929875399,1.2348512
siPRRX1/mmMYOD1,ZNF112,4.0681386,1.2337414,4.739022695604223e-05,0.00016811815603247053,0.09678354100260794,1.2337414
siPRRX1/mmMYOD1,MSI2,12.855257,1.229705,8.035803370443607e-38,9.23508894000224e-37,0.30599826137351493,1.229705
siPRRX1/mmMYOD1,ZNF688,-7.0101337,-1.2277678,2.380901765033696e-12,1.310385538460963e-11,0.06490872210953347,1.2277678
siPRRX1/mmMYOD1,MSANTD3,18.356533,1.2254535,2.9270409069348727e-75,5.8592292878867375e-74,0.502173283106346,1.2254535
siPRRX1/mmMYOD1,ZNF829,4.4993834,1.2222385,6.815080869313528e-06,2.615528814242902e-05,0.10634598667053029,1.2222385
siPRRX1/mmMYOD1,ZKSCAN5,6.1156893,1.2166947,9.614044920850584e-10,4.6676020338879474e-09,0.14285714285714285,1.2166947
siPRRX1/mmMYOD1,ZNF432,4.002169,1.2152297,6.276445293031166e-05,0.0002201326933166477,0.09388583019414662,1.2152297
siPRRX1/mmMYOD1,ZNF254,6.1855726,1.2151113,6.187745156927288e-10,3.0282101664993774e-09,0.1469139379889887,1.2151113
siPRRX1/mmMYOD1,ZNF502,3.5506692,1.2144741,0.00038425298388005774,0.0012470792149202185,0.08780063749637786,1.2144741
siPRRX1/mmMYOD1,ZNF529,6.357785,1.211483,2.0468336061066638e-10,1.0263677846240102e-09,0.15995363662706463,1.211483
siPRRX1/mmMYOD1,ZNF235,4.4037213,1.2015996,1.0640959245280162e-05,4.019775251475423e-05,0.10257896261953058,1.2015996
siPRRX1/mmMYOD1,ZNF33B,10.46386,1.201231,1.2659179946750945e-25,1.0801062494941642e-24,0.2497826716893654,1.201231
siPRRX1/mmMYOD1,POU6F1,2.4265802,1.196594,0.01524188342697892,0.03983377632836632,0.05592581860330339,1.196594
siPRRX1/mmMYOD1,MAFF,7.4324985,1.1964743,1.0656527662021548e-13,6.161643170453558e-13,0.22747029846421327,1.1964743
siPRRX1/mmMYOD1,ZNF592,7.8446493,1.19215,4.341650583193347e-15,2.6595795964855137e-14,0.18777166038829324,1.19215
siPRRX1/mmMYOD1,CAT,-18.38247,-1.1832174,1.8151710958593033e-75,3.642268796675375e-74,0.226890756302521,1.1832174
siPRRX1/mmMYOD1,GTF2B,17.77573,1.1819736,1.0896824502403654e-70,2.0703966554566944e-69,0.44682700666473485,1.1819736
siPRRX1/mmMYOD1,ZFY,10.110762,1.177642,4.9497995339673816e-24,4.0336114523140634e-23,0.24775427412344248,1.177642
siPRRX1/mmMYOD1,PML,26.732212,1.1773607,1.9881935772819522e-157,8.613900270293192e-156,0.6490872210953347,1.1773607
siPRRX1/mmMYOD1,PPARG,7.7173963,1.1764297,1.1872988155485763e-14,7.147196379559483e-14,0.1892205157925239,1.1764297
siPRRX1/mmMYOD1,ZNF786,3.8350303,1.1647875,0.00012554879186162655,0.00042763776466252067,0.09156766154737757,1.1647875
siPRRX1/mmMYOD1,PRDM4,7.4725122,1.1634754,7.867790807364142e-14,4.585180763277004e-13,0.18835120254998552,1.1634754
siPRRX1/mmMYOD1,ZNF646,3.1810055,1.1580068,0.0014676491408101948,0.004454353385549496,0.07823819182845553,1.1580068
siPRRX1/mmMYOD1,ZSCAN9,3.139859,1.1564505,0.0016902924845905488,0.005083259805346046,0.08055636047522458,1.1564505
siPRRX1/mmMYOD1,ZNF791,13.461011,1.1561944,2.652604816629164e-41,3.243482901270875e-40,0.3416401043175891,1.1561944
siPRRX1/mmMYOD1,ETV6,12.481794,1.1542537,9.384806990386779e-36,1.0253679609653828e-34,0.30425963488843816,1.1542537
siPRRX1/mmMYOD1,ZNF530,3.107354,1.1533778,0.00188770317988218,0.005640360700466478,0.07360185453491741,1.1533778
siPRRX1/mmMYOD1,ZNF665,4.7016006,1.1506532,2.581300919975767e-06,1.0216680518102285e-05,0.11127209504491452,1.1506532
siPRRX1/mmMYOD1,NFATC4,-13.047285,-1.149453,6.585287074247326e-39,7.706016771649604e-38,0.13561286583598955,1.149453
siPRRX1/mmMYOD1,SIX5,-4.0097923,-1.1470771,6.0772222879730256e-05,0.00021341438863472234,0.0376702405099971,1.1470771
siPRRX1/mmMYOD1,GATAD2A,15.25227,1.1455083,1.5900889599724287e-52,2.356154303883406e-51,0.3842364532019704,1.1455083
siPRRX1/mmMYOD1,ZNF320,8.014687,1.1431059,1.1041796251546767e-15,6.916174630596152e-15,0.19124891335844682,1.1431059
siPRRX1/mmMYOD1,ZNF726,3.139859,1.1429602,0.0016902924845905488,0.005083259805346046,0.07736887858591712,1.1429602
siPRRX1/mmMYOD1,ZFP82,4.6475315,1.1420131,3.3593048348110664e-06,1.3183468370684646e-05,0.11098232396406839,1.1420131
siPRRX1/mmMYOD1,DPF2,-10.346218,-1.1371433,4.353452683089539e-25,3.65345717459545e-24,0.09649376992176181,1.1371433
siPRRX1/mmMYOD1,SOX9,5.7907186,1.1358533,7.008591606751989e-09,3.239969559096978e-08,0.13706172124022023,1.1358533
siPRRX1/mmMYOD1,ZNF429,7.185166,1.1356695,6.712566316404904e-13,3.785947876022784e-12,0.1756012749927557,1.1356695
siPRRX1/mmMYOD1,ZFP91,-31.298122,-1.1340146,4.949016418885808e-215,3.037580126513197e-213,0.5056505360764996,1.1340146
siPRRX1/mmMYOD1,CD59,-57.530964,-1.1328332,0.0,0.0,0.9507389162561576,1.1328332
siPRRX1/mmMYOD1,ZNF250,3.0509574,1.1310996,0.0022811287176217813,0.006737912874107649,0.0779484207476094,1.1310996
siPRRX1/mmMYOD1,ZNF649,4.530912,1.1308867,5.872964094646711e-06,2.2615833747215584e-05,0.11648797450014489,1.1308867
siPRRX1/mmMYOD1,JUND,-30.396578,-1.1296076,6.095804381251585e-203,3.477246772558136e-201,0.4685598377281947,1.1296076
siPRRX1/mmMYOD1,ZNF195,9.8800745,1.127914,5.0795139389115486e-23,4.018994883356177e-22,0.24717473196175022,1.127914
siPRRX1/mmMYOD1,ZNF506,7.795187,1.1255591,6.4313204288069115e-15,3.9128553493241656e-14,0.19124891335844682,1.1255591
siPRRX1/mmMYOD1,NFKB2,6.4236784,1.1224279,1.3301998096655466e-10,6.722676818091749e-10,0.19849319037960012,1.1224279
siPRRX1/mmMYOD1,ZNF629,5.7487235,1.1163088,8.991970637520267e-09,4.1256307934185144e-08,0.1434366850188351,1.1163088
siPRRX1/mmMYOD1,ZNF141,4.9355016,1.1054459,7.994495302806831e-07,3.2685412469043047e-06,0.12141408287452912,1.1054459
siPRRX1/mmMYOD1,CBFA2T2,11.85387,1.1050783,2.054774947772802e-32,2.087451287713043e-31,0.30889597218197623,1.1050783
siPRRX1/mmMYOD1,ZBTB26,2.8910506,1.1047375,0.0038395618242756968,0.010989862521832438,0.07649956534337873,1.1047375
siPRRX1/mmMYOD1,ZNF276,5.359113,1.1029382,8.36313989686658e-08,3.6315166989957915e-07,0.1350333236742973,1.1029382
siPRRX1/mmMYOD1,MXD3,-11.1664915,-1.1014552,5.948439905166123e-29,5.490631481945081e-28,0.1440162271805274,1.1014552
siPRRX1/mmMYOD1,RFX3,9.82913,1.0977551,8.434448139955439e-23,6.625327801780555e-22,0.2628223703274413,1.0977551
siPRRX1/mmMYOD1,MECOM,6.0491624,1.0924748,1.45600966513702e-09,7.007763604528398e-09,0.15821501014198783,1.0924748
siPRRX1/mmMYOD1,ZNF689,4.587703,1.0919788,4.481495208628203e-06,1.7434457513510556e-05,0.11648797450014489,1.0919788
siPRRX1/mmMYOD1,ZNF317,3.4247465,1.0919719,0.0006153735115602831,0.001954614849884907,0.09243697478991597,1.0919719
siPRRX1/mmMYOD1,FOXK2,8.537635,1.0919026,1.3699649058100772e-17,9.234632885947767e-17,0.2184873949579832,1.0919026
siPRRX1/mmMYOD1,WDR83,3.6971064,1.0918931,0.0002180709143215599,0.0007258016794843837,0.09243697478991597,1.0918931
siPRRX1/mmMYOD1,ZNF26,4.6667647,1.0914382,3.059795815923153e-06,1.203824144891557e-05,0.12170385395537525,1.0914382
siPRRX1/mmMYOD1,TEAD3,-10.975853,-1.0909259,4.9932417063685035e-28,4.493020438766801e-27,0.1257606490872211,1.0909259
siPRRX1/mmMYOD1,ZNF431,9.620197,1.0884122,6.57052429443036e-22,5.028700164459813e-21,0.2657200811359026,1.0884122
siPRRX1/mmMYOD1,ZNF420,3.3597467,1.086323,0.0007801395791372657,0.002445394334804783,0.0854824688496088,1.086323
siPRRX1/mmMYOD1,ZNF528,7.686585,1.0836514,1.511141830231208e-14,9.068299475832713e-14,0.19298753984352363,1.0836514
siPRRX1/mmMYOD1,CHD2,23.288918,1.0819848,5.741644612706706e-120,1.848101084722382e-118,0.6798029556650246,1.0819848
siPRRX1/mmMYOD1,ZNF678,3.5241318,1.0818442,0.000424872799110241,0.0013730371190242168,0.09417560127499276,1.0818442
siPRRX1/mmMYOD1,TAF7,30.318272,1.0756184,6.5848605732801375e-202,3.747683601729118e-200,0.7838307736887858,1.0756184
siPRRX1/mmMYOD1,NPAS2,6.4196954,1.0753777,1.3654721359552043e-10,6.896763458771728e-10,0.16748768472906403,1.0753777
siPRRX1/mmMYOD1,IRF9,24.524511,1.0750278,8.091854014532556e-133,2.8906734412542695e-131,0.6595189800057955,1.0750278
siPRRX1/mmMYOD1,BHLHE41,3.1721666,1.0749071,0.0015130624109832155,0.0045788651233645535,0.10837438423645321,1.0749071
siPRRX1/mmMYOD1,PAX3,12.179388,1.0668505,4.002743324016078e-34,4.2027965752625e-33,0.3297594900028977,1.0668505
siPRRX1/mmMYOD1,PRDX5,-43.891926,-1.0642332,0.0,0.0,0.8362793393219357,1.0642332
siPRRX1/mmMYOD1,ZNF574,3.5207133,1.0634469,0.00043038760422049136,0.001389782899405486,0.09417560127499276,1.0634469
siPRRX1/mmMYOD1,ZSCAN5A,3.4795635,1.0607892,0.0005022315436757544,0.0016113878688953545,0.09533468559837728,1.0607892
siPRRX1/mmMYOD1,HDX,12.599578,1.0605042,2.1227847928139788e-36,2.363662818214658e-35,0.34946392350043465,1.0605042
siPRRX1/mmMYOD1,ZNF507,7.2751927,1.0576798,3.4592592489225376e-13,1.9687902298072315e-12,0.2028397565922921,1.0576798
siPRRX1/mmMYOD1,PRDM5,7.8360286,1.0558149,4.650198840540672e-15,2.845803503539088e-14,0.22370327441321355,1.0558149
siPRRX1/mmMYOD1,POU2F1,8.98822,1.0545594,2.512651802224668e-19,1.7855228839758836e-18,0.25181106925528834,1.0545594
siPRRX1/mmMYOD1,IRF7,20.705439,1.0534735,3.0941062759879814e-95,7.81074691162208e-94,0.583888727904955,1.0534735
siPRRX1/mmMYOD1,E2F6,6.4654036,1.0530628,1.0102891234015134e-10,5.141162411749786e-10,0.18255578093306288,1.0530628
siPRRX1/mmMYOD1,HOXC10,-7.851999,-1.0525293,4.09458162906889e-15,2.5113032857002972e-14,0.09330628803245436,1.0525293
siPRRX1/mmMYOD1,ZNF526,3.313443,1.052119,0.0009215487026656484,0.0028635590783165615,0.08606201101130108,1.052119
siPRRX1/mmMYOD1,TERF2,9.341946,1.0503391,9.458001662237725e-21,7.013540942426922e-20,0.2564474065488264,1.0503391
siPRRX1/mmMYOD1,ZNF282,4.919064,1.0495346,8.695905460413193e-07,3.5466264583007684e-06,0.13010721529991306,1.0495346
siPRRX1/mmMYOD1,ID4,-3.9684587,-1.0491111,7.233901905785612e-05,0.00025229996034078453,0.03911909591422776,1.0491111
siPRRX1/mmMYOD1,LCOR,16.51114,1.0485836,3.050603382548538e-61,5.154737510511504e-60,0.4416111272095045,1.0485836
siPRRX1/mmMYOD1,BACH1,21.606768,1.0476812,1.551353923485565e-103,4.3069850279296586e-102,0.6566212691973341,1.0476812
siPRRX1/mmMYOD1,ZNF587B,4.856378,1.0462191,1.1955244871561484e-06,4.8334394910178025e-06,0.12981744421906694,1.0462191
siPRRX1/mmMYOD1,TCF7,2.3954606,1.0456593,0.016599502368234893,0.0431297715610436,0.060562155896841496,1.0456593
siPRRX1/mmMYOD1,ZNF93,7.9048347,1.0453987,2.6828932976265036e-15,1.6597088428646963e-14,0.21703853955375255,1.0453987
siPRRX1/mmMYOD1,SP110,47.355488,1.0420234,0.0,0.0,0.9658070124601564,1.0420234
siPRRX1/mmMYOD1,ZBTB21,9.202463,1.035418,3.498373610442959e-20,2.5489168447108694e-19,0.26919733410605623,1.035418
siPRRX1/mmMYOD1,NF1,22.231731,1.0324656,1.6947403799896012e-109,4.992904540670541e-108,0.5986670530281077,1.0324656
siPRRX1/mmMYOD1,SCMH1,16.733225,1.0228597,7.506185443077116e-63,1.292777825760228e-61,0.4789915966386555,1.0228597
siPRRX1/mmMYOD1,ZNF875,6.1304164,1.0165378,8.764947716388771e-10,4.264461253425444e-09,0.16545928716314112,1.0165378
siPRRX1/mmMYOD1,SMAD6,-8.308275,-1.0151936,9.710348208514732e-17,6.309458739948779e-16,0.0973630831643002,1.0151936
siPRRX1/mmMYOD1,PHLDA2,-33.211914,-1.0139863,7.245741173479862e-242,5.026256245603399e-240,0.7154447986090988,1.0139863
siPRRX1/mmMYOD1,ZNF468,2.6389592,1.0093246,0.008316100952369818,0.022660696414498912,0.07157345696899449,1.0093246
siPRRX1/mmMYOD1,ABL1,12.4315,1.006606,1.7629420971993599e-35,1.9103243616644904e-34,0.35873659808751085,1.006606
siPRRX1/mmMYOD1,NCOA3,19.84765,1.0059983,1.1547416239256706e-87,2.6974850509651717e-86,0.5601274992755723,1.0059983
siPRRX1/mmMYOD1,ZNF490,4.6397147,1.0037304,3.488907417593308e-06,1.3679226483696825e-05,0.12807881773399016,1.0037304
siPRRX1/mmMYOD1,ZNF551,2.4951646,1.0016872,0.012589872460537888,0.03332370639010567,0.06838597507968705,1.0016872
siPRRX1/mmMYOD1,ZNF417,3.271365,1.0007646,0.0010702972297768998,0.0032995670599622216,0.08924949290060852,1.0007646
siPRRX1/mmMYOD1,RAB2A,-42.81302,-0.9979767,0.0,0.0,0.8461315560707041,0.9979767
siPRRX1/mmMYOD1,ZNF569,5.6095076,0.99677014,2.029029082617241e-08,9.128808172278288e-08,0.15270935960591134,0.99677014
siPRRX1/mmMYOD1,PHTF1,16.237074,0.9941544,2.7576980428431275e-59,4.516564708232675e-58,0.45609968125181105,0.9941544
siPRRX1/mmMYOD1,TRIM21,26.573406,0.99387914,1.3779652103642133e-155,5.868538230942283e-154,0.7189220515792524,0.99387914
siPRRX1/mmMYOD1,ZNF69,8.504826,0.9931418,1.8186895313746216e-17,1.2183954854115377e-16,0.23761228629382788,0.9931418
siPRRX1/mmMYOD1,ZNF600,4.2210975,0.991806,2.431158337470051e-05,8.896838679953971e-05,0.1147493480150681,0.991806
siPRRX1/mmMYOD1,ID2,-29.7989,-0.9885572,4.036854159845483e-195,2.18811475910932e-193,0.7041437264560997,0.9885572
siPRRX1/mmMYOD1,ZNF512,5.210685,0.9881202,1.8814509509601756e-07,7.991210035978111e-07,0.14488554042306578,0.9881202
siPRRX1/mmMYOD1,NFX1,13.7327795,0.98533994,6.460694292890448e-43,8.167022033445866e-42,0.3906114169805853,0.98533994
siPRRX1/mmMYOD1,GPBP1L1,13.367136,0.98344004,9.409412572217676e-41,1.1383116407414252e-39,0.39408866995073893,0.98344004
siPRRX1/mmMYOD1,ZDHHC24,-8.639944,-0.9834211,5.6240609853164426e-18,3.8490772121971673e-17,0.12199362503622138,0.9834211
siPRRX1/mmMYOD1,ZNF579,2.9243455,0.9828092,0.003451814808694655,0.009934530104508855,0.08229498696030137,0.9828092
siPRRX1/mmMYOD1,ZNF566,3.328433,0.98242086,0.0008733596927641219,0.0027202330132088484,0.09504491451753115,0.98242086
siPRRX1/mmMYOD1,C19orf25,12.668491,0.9812242,8.839856102237878e-37,9.944639555805972e-36,0.3601854534917415,0.9812242
siPRRX1/mmMYOD1,ZNF121,6.1968603,0.97996974,5.760062899013591e-10,2.823874219207094e-09,0.1845841784989858,0.97996974
siPRRX1/mmMYOD1,ZNF616,-5.978105,-0.9793067,2.2574838459111477e-09,1.0753644753529954e-08,0.06780643291799478,0.9793067
siPRRX1/mmMYOD1,U2AF1,2.6875937,0.9780024,0.00719689022782847,0.019785324962705075,0.0762097942625326,0.9780024
siPRRX1/mmMYOD1,HDAC8,18.256552,0.97707015,1.8351852231616878e-74,3.638694248488914e-73,0.5247754274123443,0.97707015
siPRRX1/mmMYOD1,ZBTB17,4.20866,0.975291,2.5688964633291592e-05,9.380330305437272e-05,0.12286293827875978,0.975291
siPRRX1/mmMYOD1,ZNF37A,12.554355,0.9752333,3.762370430730185e-36,4.1560335388771634e-35,0.3636627064618951,0.9752333
siPRRX1/mmMYOD1,FOXO3,13.827763,0.9747241,1.7332863634458967e-43,2.2247543369252766e-42,0.43842364532019706,0.9747241
siPRRX1/mmMYOD1,ZNF23,4.2764235,0.97286963,1.899197539915799e-05,7.017810947996377e-05,0.1303969863807592,0.97286963
siPRRX1/mmMYOD1,ZNF81,3.2754934,0.97214323,0.001054775874935779,0.003254521619041619,0.09504491451753115,0.97214323
siPRRX1/mmMYOD1,FOXC1,-5.608382,-0.97107846,2.0422673516818756e-08,9.183418750371256e-08,0.06635757751376413,0.97107846
siPRRX1/mmMYOD1,MTF1,6.2353573,0.9690392,4.5074869772509147e-10,2.2259216896927115e-09,0.17878875688206317,0.9690392
siPRRX1/mmMYOD1,BATF3,4.4600034,0.96800536,8.195834785771366e-06,3.124849188570136e-05,0.11706751666183715,0.96800536
siPRRX1/mmMYOD1,JUN,12.159303,0.96788263,5.119357059661968e-34,5.357247784707688e-33,0.5882352941176471,0.96788263
siPRRX1/mmMYOD1,FLI1,6.2326107,0.9645217,4.5872567715741204e-10,2.264421132934341e-09,0.18197623877137062,0.9645217
siPRRX1/mmMYOD1,SATB2,4.2943196,0.96163964,1.7522998843300127e-05,6.497052665589603e-05,0.1341640104317589,0.96163964
siPRRX1/mmMYOD1,ZNF761,8.42876,0.9613594,3.493475942371685e-17,2.3137694934903926e-16,0.23268617791944363,0.9613594
siPRRX1/mmMYOD1,CREM,15.934712,0.9613257,3.6387012059676474e-57,5.7671111139140395e-56,0.48449724717473197,0.9613257
siPRRX1/mmMYOD1,ZNF614,2.5797193,0.9573947,0.009888067031645903,0.02660831448597429,0.07476093885830194,0.9573947
siPRRX1/mmMYOD1,ZNF766,5.933336,0.9541561,2.9684131091676653e-09,1.4028118716696864e-08,0.1643002028397566,0.9541561
siPRRX1/mmMYOD1,NCOA1,11.411216,0.9521425,3.675544262108002e-30,3.5265509353145055e-29,0.3352651405389742,0.9521425
siPRRX1/mmMYOD1,ZNF699,2.8550544,0.94864625,0.004302945343997649,0.012230914563494793,0.09301651695160823,0.94864625
siPRRX1/mmMYOD1,MEF2A,18.356817,0.9485967,2.9117758788110115e-75,5.833335324574828e-74,0.5404230657780353,0.9485967
siPRRX1/mmMYOD1,STAT5B,6.232268,0.9475566,4.5973116549957066e-10,2.2689372972881845e-09,0.1816864676905245,0.9475566
siPRRX1/mmMYOD1,ZNF532,10.656001,0.9453846,1.6347610710285257e-26,1.4249107810893263e-25,0.31614024920312955,0.9453846
siPRRX1/mmMYOD1,FOXN3,13.112935,0.9448676,2.7764015905015344e-39,3.271842288439502e-38,0.3972761518400464,0.9448676
siPRRX1/mmMYOD1,ZNF568,4.978564,0.9429335,6.405789566851483e-07,2.6340522550590285e-06,0.14488554042306578,0.9429335
siPRRX1/mmMYOD1,MYC,8.543696,0.94145626,1.2999521997320302e-17,8.776867885060528e-17,0.32570269487105186,0.94145626
siPRRX1/mmMYOD1,PRDM1,7.9727263,0.939637,1.5521148360378148e-15,9.666267029111903e-15,0.26745870762097945,0.939637
siPRRX1/mmMYOD1,ZNF611,10.979527,0.9394612,4.794240422539872e-28,4.318610383497967e-27,0.31787887568820633,0.9394612
siPRRX1/mmMYOD1,NKX3-1,3.8191986,0.93397814,0.00013388591567451097,0.00045516849040471135,0.12083454071283686,0.93397814
siPRRX1/mmMYOD1,SETDB1,8.617282,0.92582095,6.856201389934829e-18,4.675735163582462e-17,0.25586786438713416,0.92582095
siPRRX1/mmMYOD1,MLLT10,12.601998,0.92376494,2.0586132966748773e-36,2.2952713346096294e-35,0.37815126050420167,0.92376494
siPRRX1/mmMYOD1,ZNF251,6.5030622,0.92205477,7.870125257507308e-11,4.031165405982778e-10,0.18719211822660098,0.92205477
siPRRX1/mmMYOD1,ZGPAT,4.1032825,0.92204756,4.0732909222610825e-05,0.00014576071917013722,0.11909591422776007,0.92204756
siPRRX1/mmMYOD1,ETV3,6.7515655,0.91843843,1.4625828341629488e-11,7.764680799895816e-11,0.22399304549405968,0.91843843
siPRRX1/mmMYOD1,JAZF1,7.9132786,0.9177881,2.506971563225636e-15,1.5516456224986747e-14,0.35612865835989566,0.9177881
siPRRX1/mmMYOD1,ZNF544,8.036167,0.91487545,9.269197013412106e-16,5.829212245350728e-15,0.2396406838597508,0.91487545
siPRRX1/mmMYOD1,ZNF131,20.755974,0.9118994,1.0826633542704076e-95,2.7441351940930715e-94,0.6296725586786439,0.9118994
siPRRX1/mmMYOD1,CLK1,6.479074,0.9114477,9.228730078134112e-11,4.706840297691129e-10,0.22283396117067517,0.9114477
siPRRX1/mmMYOD1,ZBTB2,4.294915,0.90831393,1.7476011789231887e-05,6.480590659350583e-05,0.1303969863807592,0.90831393
siPRRX1/mmMYOD1,ZBTB37,2.4309096,0.9070928,0.015060974617388166,0.039410337133608614,0.07041437264560997,0.9070928
siPRRX1/mmMYOD1,E2F8,-5.2294984,-0.90354383,1.699706088015449e-07,7.246176345945332e-07,0.06548826427122573,0.90354383
siPRRX1/mmMYOD1,USF1,4.57805,0.9031366,4.693300212203608e-06,1.8232954376978397e-05,0.1367719501593741,0.9031366
siPRRX1/mmMYOD1,P4HB,-29.646393,-0.9026665,3.774916613875318e-193,2.0242283050249616e-191,0.6543031005505651,0.9026665
siPRRX1/mmMYOD1,RLF,7.744069,0.90224224,9.628473173422177e-15,5.819846131036402e-14,0.2590553462764416,0.90224224
siPRRX1/mmMYOD1,RUNX2,7.2984366,0.90207326,2.9113093077413565e-13,1.6618419804982688e-12,0.23674297305128947,0.90207326
siPRRX1/mmMYOD1,RCOR1,6.918278,0.89881146,4.571660553550406e-12,2.482296695186671e-11,0.21790785279629094,0.89881146
siPRRX1/mmMYOD1,ZNF480,11.742435,0.89875335,7.723033433130811e-32,7.714407787493488e-31,0.35496957403651114,0.89875335
siPRRX1/mmMYOD1,MTERF1,8.855364,0.8970978,8.341125689133533e-19,5.857500547035388e-18,0.26948710518690233,0.8970978
siPRRX1/mmMYOD1,REL,6.43924,0.89443344,1.200731561453568e-10,6.085553483489222e-10,0.24862358736598086,0.89443344
siPRRX1/mmMYOD1,DMC1,3.5722435,0.8918957,0.00035393614866435715,0.0011531705744018776,0.11011301072152999,0.8918957
siPRRX1/mmMYOD1,HMBOX1,8.437835,0.8891773,3.2327153205733345e-17,2.1456044807261448e-16,0.2564474065488264,0.8891773
siPRRX1/mmMYOD1,ZNF415,3.6662118,0.8867218,0.00024616992590038134,0.0008163934954836909,0.10634598667053029,0.8867218
siPRRX1/mmMYOD1,ZNF514,3.6770353,0.8860923,0.00023596029532473034,0.0007837800391990844,0.11822660098522167,0.8860923
siPRRX1/mmMYOD1,SRF,-7.5089245,-0.8860027,5.961515906641025e-14,3.4864147906143046e-13,0.10026079397276152,0.8860027
siPRRX1/mmMYOD1,FUBP1,26.23472,0.8855821,1.0679613799680619e-151,4.4351391172736657e-150,0.7844103158504782,0.8855821
siPRRX1/mmMYOD1,HOXC9,-8.506352,-0.8849677,1.7949008348797636e-17,1.20342454369636e-16,0.11851637206606781,0.8849677
siPRRX1/mmMYOD1,MXI1,-4.488948,-0.88406837,7.157577642898116e-06,2.7419314568373048e-05,0.07012460156476384,0.88406837
siPRRX1/mmMYOD1,RB1,-21.973276,-0.88257474,5.188719606834826e-107,1.493516280394916e-105,0.4482758620689655,0.88257474
siPRRX1/mmMYOD1,ZNF84,4.742352,0.8820905,2.1125092936603963e-06,8.406397224192538e-06,0.1405389742103738,0.8820905
siPRRX1/mmMYOD1,SOX11,-4.409644,-0.8812182,1.0354070089837749e-05,3.916124802744554e-05,0.04259634888438134,0.8812182
siPRRX1/mmMYOD1,TGIF2,3.1410398,0.87682074,0.0016834908498499033,0.005065238238849126,0.09939148073022312,0.87682074
siPRRX1/mmMYOD1,HMG20B,-15.734151,-0.8702614,8.823211797701255e-56,1.3732937179816272e-54,0.2857142857142857,0.8702614
siPRRX1/mmMYOD1,KDM2A,16.715267,0.86993307,1.0146538993034122e-62,1.745121081480498e-61,0.535207186322805,0.86993307
siPRRX1/mmMYOD1,MSX1,6.2679176,0.86967593,3.6590844093626093e-10,1.8159094684751975e-09,0.19994204578383076,0.86967593
siPRRX1/mmMYOD1,E2F7,13.07936,0.8682099,4.3206119176213154e-39,5.077276566920365e-38,0.44508838017965807,0.8682099
siPRRX1/mmMYOD1,ZNF7,3.8995972,0.86807054,9.635288994199682e-05,0.00033171144761169705,0.1193856853086062,0.86807054
siPRRX1/mmMYOD1,ZNF426,5.715138,0.86802286,1.0961510835730816e-08,4.998145563517318e-08,0.18777166038829324,0.86802286
siPRRX1/mmMYOD1,SOX4,-11.48378,-0.8658654,1.5916629712528033e-30,1.5383413402590776e-29,0.20892494929006086,0.8658654
siPRRX1/mmMYOD1,ZNF358,-4.4311075,-0.86271065,9.375040004041567e-06,3.554424705241619e-05,0.06317009562445668,0.86271065
siPRRX1/mmMYOD1,ZNF136,2.5206594,0.8615504,0.01171351492491774,0.03116220554018804,0.08403361344537816,0.8615504
siPRRX1/mmMYOD1,JRK,3.8843853,0.86009353,0.00010258908157564152,0.00035240545690222425,0.12778904665314403,0.86009353
siPRRX1/mmMYOD1,XPA,9.268564,0.8582946,1.886686535225775e-20,1.386338151852226e-19,0.3906114169805853,0.8582946
siPRRX1/mmMYOD1,ING3,7.988901,0.8580688,1.3614692825813731e-15,8.493750317489474e-15,0.28977108084613157,0.8580688
siPRRX1/mmMYOD1,ZNF41,3.010462,0.8565418,0.0026085047666362256,0.007624860087090506,0.09156766154737757,0.8565418
siPRRX1/mmMYOD1,ZNF487,3.0612788,0.8529407,0.0022039381085055087,0.006519137504511569,0.09446537235583889,0.8529407
siPRRX1/mmMYOD1,ZNF626,5.4277325,0.85206234,5.7074539262296916e-08,2.5004559345808944e-07,0.1671979136482179,0.85206234
siPRRX1/mmMYOD1,KIF22,-18.39431,-0.85139406,1.4590549983828756e-75,2.9323960890452625e-74,0.3671399594320487,0.85139406
siPRRX1/mmMYOD1,KDM2B,6.5811954,0.8504068,4.666804979590368e-11,2.4185871336693293e-10,0.20950449145175312,0.8504068
siPRRX1/mmMYOD1,KMT2A,19.005163,0.8474927,1.5456611954888559e-80,3.305418245724332e-79,0.6128658359895682,0.8474927
siPRRX1/mmMYOD1,ZNF226,9.805522,0.8447132,1.0659397107705097e-22,8.339038499567355e-22,0.31237322515212984,0.8447132
siPRRX1/mmMYOD1,ZNF234,3.1127672,0.83940065,0.0018534209967293702,0.005545205328565936,0.10141987829614604,0.83940065
siPRRX1/mmMYOD1,TAF9,16.183712,0.83896077,6.571140176516994e-59,1.0713183092469958e-57,0.5624456679223413,0.83896077
siPRRX1/mmMYOD1,ZNF189,5.194874,0.8370406,2.0485892509857204e-07,8.672996115500324e-07,0.16806722689075632,0.8370406
siPRRX1/mmMYOD1,ZNF451,14.219787,0.83578944,6.906308846336506e-46,9.214053603087842e-45,0.48101999420457836,0.83578944
siPRRX1/mmMYOD1,MBNL2,-17.178425,-0.8302438,3.8523309833359727e-66,6.965348193841114e-65,0.3416401043175891,0.8302438
siPRRX1/mmMYOD1,ZNF410,-7.6903048,-0.8281186,1.4678478901260397e-14,8.816945757864305e-14,0.11735728774268328,0.8281186
siPRRX1/mmMYOD1,ZFX,8.413524,0.82727456,3.978731544277438e-17,2.625438612168527e-16,0.2810779484207476,0.82727456
siPRRX1/mmMYOD1,ZNF708,5.259447,0.82564175,1.444890053550226e-07,6.188290870703739e-07,0.1756012749927557,0.82564175
siPRRX1/mmMYOD1,LRRFIP1,-28.942822,-0.82408446,3.4552542787878223e-184,1.7409754054206167e-182,0.7319617502173283,0.82408446
siPRRX1/mmMYOD1,ZNF701,4.440947,0.82318014,8.956377864685534e-06,3.400843282599775e-05,0.14923210663575776,0.82318014
siPRRX1/mmMYOD1,SNAPC4,3.94943,0.8207935,7.833748787318173e-05,0.000271858006003356,0.13068675746160532,0.8207935
siPRRX1/mmMYOD1,BANP,4.228021,0.81739736,2.3575581816516366e-05,8.633806958894456e-05,0.15212981744421908,0.81739736
siPRRX1/mmMYOD1,ZNF674,3.0251162,0.8161354,0.002485375889114432,0.007297313051378075,0.0982323964068386,0.8161354
siPRRX1/mmMYOD1,RNF114,24.03941,0.81403875,1.0773482383926804e-127,3.685649533583265e-126,0.781802376122863,0.81403875
siPRRX1/mmMYOD1,PATZ1,2.565453,0.8123102,0.010304116758404454,0.027656558613501005,0.08461315560707042,0.8123102
siPRRX1/mmMYOD1,TBPL1,4.6591516,0.8119921,3.175150341945974e-06,1.248423847747073e-05,0.1634308895972182,0.8119921
siPRRX1/mmMYOD1,TRMO,3.3194523,0.8098118,0.0009019422956127701,0.002806466074395501,0.1138800347725297,0.8098118
siPRRX1/mmMYOD1,RBM17,-23.525095,-0.80967104,2.2584337310929453e-122,7.441539143951255e-121,0.5421616922631122,0.80967104
siPRRX1/mmMYOD1,ZFP30,4.40333,0.8064642,1.0660182392879625e-05,4.0264296754523616e-05,0.14807302231237324,0.8064642
siPRRX1/mmMYOD1,TFCP2,9.252095,0.7992661,2.201347359892553e-20,1.613290622956667e-19,0.3170095624456679,0.7992661
siPRRX1/mmMYOD1,SP100,42.034706,0.79833907,0.0,0.0,0.9840625905534628,0.79833907
siPRRX1/mmMYOD1,HES4,2.360815,0.79824764,0.01823482388369815,0.04696939515486207,0.09301651695160823,0.79824764
siPRRX1/mmMYOD1,ACO1,14.971078,0.79818636,1.1346791031552343e-50,1.6386755537031935e-49,0.5612865835989568,0.79818636
siPRRX1/mmMYOD1,ZFHX3,12.780491,0.7974093,2.1073627211984885e-37,2.3976636648910745e-36,0.5462184873949579,0.7974093
siPRRX1/mmMYOD1,OTUD4,8.964998,0.7964222,3.102869995049331e-19,2.2005684060046825e-18,0.2975949000289771,0.7964222
siPRRX1/mmMYOD1,ZNF333,3.0194604,0.7953463,0.002532254564246369,0.007421032041879177,0.0982323964068386,0.7953463
siPRRX1/mmMYOD1,GZF1,4.406499,0.79246,1.0505473984466414e-05,3.971589364719323e-05,0.1735728774268328,0.79246
siPRRX1/mmMYOD1,BDP1,24.828026,0.7898037,4.4671583487301146e-136,1.6354763065628587e-134,0.8171544479860909,0.7898037
siPRRX1/mmMYOD1,FOXF2,-6.731855,-0.78169453,1.6751387127555296e-11,8.86492469248182e-11,0.10895392639814547,0.78169453
siPRRX1/mmMYOD1,ZNF787,3.0323758,0.7810478,0.0024263696010179956,0.007132427227220642,0.11243117936829905,0.7810478
siPRRX1/mmMYOD1,TAF1,8.76126,0.7801284,1.9307935847774234e-18,1.3397321404820237e-17,0.31527093596059114,0.7801284
siPRRX1/mmMYOD1,KLF9,-7.541956,-0.7790487,4.629745058587568e-14,2.7234690100340585e-13,0.11040278180237613,0.7790487
siPRRX1/mmMYOD1,TBX15,4.1123605,0.77864563,3.916340816328245e-05,0.00014028676655176327,0.13532309475514342,0.77864563
siPRRX1/mmMYOD1,ODC1,7.277659,0.7781373,3.3966291124829974e-13,1.93490414546859e-12,0.2816574905824399,0.7781373
siPRRX1/mmMYOD1,HTATIP2,4.977005,0.77692115,6.45756486879256e-07,2.654906246007278e-06,0.18864097363083165,0.77692115
siPRRX1/mmMYOD1,RBM22,14.443114,0.77327806,2.77037772345917e-47,3.776581325577819e-46,0.4949290060851927,0.77327806
siPRRX1/mmMYOD1,CXXC5,-9.008309,-0.76920485,2.092580243476913e-19,1.4916707787403602e-18,0.1460446247464503,0.76920485
siPRRX1/mmMYOD1,MSRB3,-20.81156,-0.7654735,3.40097825814322e-96,8.681681706465089e-95,0.5273833671399595,0.7654735
siPRRX1/mmMYOD1,GTF3C2,4.6964364,0.75944763,2.647395366684631e-06,1.0460093842303018e-05,0.16372066067806432,0.75944763
siPRRX1/mmMYOD1,CDK2AP1,-20.392385,-0.7576761,1.953850241982338e-92,4.7921956669658867e-91,0.4995653433787308,0.7576761
siPRRX1/mmMYOD1,STAT6,16.358875,0.7562648,3.7601146803402487e-60,6.23994644301395e-59,0.5511445957693423,0.7562648
siPRRX1/mmMYOD1,UQCRB,-47.5563,-0.7561111,0.0,0.0,0.962619530570849,0.7561111
siPRRX1/mmMYOD1,GLIS2,-3.5909326,-0.7498056,0.0003294969043519016,0.001077047575875254,0.05331787887568821,0.7498056
siPRRX1/mmMYOD1,RFC2,8.672099,0.74931556,4.242259367738794e-18,2.914531113495607e-17,0.30454940596928426,0.74931556
siPRRX1/mmMYOD1,PHF8,3.57845,0.7483386,0.0003456378918627962,0.0011273071226918655,0.1240220226021443,0.7483386
siPRRX1/mmMYOD1,CERS2,-10.404111,-0.74777853,2.3746345754406546e-25,2.005585127763402e-24,0.20486815415821502,0.74777853
siPRRX1/mmMYOD1,ZNF329,2.545278,0.74773294,0.010919073939430365,0.02919759205458785,0.09011880614314692,0.74773294
siPRRX1/mmMYOD1,LUZP1,11.479233,0.7438401,1.6776312319032548e-30,1.620178993803367e-29,0.41900898290350624,0.7438401
siPRRX1/mmMYOD1,HIF1A,-28.63156,-0.7435324,2.7202017610773065e-180,1.3488968812058993e-178,0.8551144595769342,0.7435324
siPRRX1/mmMYOD1,PHF21A,10.925137,0.742818,8.74087042647012e-28,7.820252848148079e-27,0.40828745291219937,0.742818
siPRRX1/mmMYOD1,ZNF655,9.385658,0.7417146,6.252455057532108e-21,4.666884636385069e-20,0.352361634308896,0.7417146
siPRRX1/mmMYOD1,ZNF808,3.6510973,0.7413461,0.00026112240054567147,0.0008636939842114258,0.13068675746160532,0.7413461
siPRRX1/mmMYOD1,EWSR1,17.989038,0.73964113,2.374436817291355e-72,4.612928376928636e-71,0.6270646189510287,0.73964113
siPRRX1/mmMYOD1,TAF1A,3.3796654,0.7270316,0.0007257413300519834,0.0022828808425024204,0.1295276731382208,0.7270316
siPRRX1/mmMYOD1,ZNF207,24.963526,0.7262253,1.5227968387277007e-137,5.68314134656022e-136,0.8452622428281658,0.7262253
siPRRX1/mmMYOD1,ZNF764,2.7153711,0.726219,0.006620154722650679,0.018308328499681756,0.10895392639814547,0.726219
siPRRX1/mmMYOD1,YY1,-22.554104,-0.72585267,1.2239344875693379e-112,3.724151572018391e-111,0.5975079687047232,0.72585267
siPRRX1/mmMYOD1,ZNF76,2.4849334,0.7250973,0.012957568786905483,0.034231821664910546,0.09388583019414662,0.7250973
siPRRX1/mmMYOD1,ZNF260,4.9887257,0.7244923,6.077892580950758e-07,2.502920342249118e-06,0.176180817154448,0.7244923
siPRRX1/mmMYOD1,ZNF236,3.1465745,0.7218785,0.0016519511018668882,0.004976920054493577,0.11851637206606781,0.7218785
siPRRX1/mmMYOD1,RPS10,-51.764275,-0.7215913,0.0,0.0,0.9834830483917705,0.7215913
siPRRX1/mmMYOD1,ZNF142,3.5882242,0.721482,0.00033293808042866933,0.0010874442950430073,0.1396696609678354,0.721482
siPRRX1/mmMYOD1,SMARCA5,37.49447,0.71936566,1.133468936482719e-307,1.0435415113014799e-305,0.9692842654303101,0.71936566
siPRRX1/mmMYOD1,ZNF710,5.0832376,0.71722233,3.710546801980013e-07,1.5440264708405365e-06,0.17849898580121704,0.71722233
siPRRX1/mmMYOD1,ZNF561,4.107612,0.7136676,3.9977085124442265e-05,0.00014311739323606622,0.14952187771660388,0.7136676
siPRRX1/mmMYOD1,HMGB1,-28.680447,-0.7094735,6.690379016534125e-181,3.3374595882878004e-179,0.9530570849029267,0.7094735
siPRRX1/mmMYOD1,RUFY3,12.167709,0.7069681,4.61864389106996e-34,4.841359578073417e-33,0.4897131266299623,0.7069681
siPRRX1/mmMYOD1,ZNF521,5.334117,0.70381784,9.601052885165766e-08,4.152496828157532e-07,0.2205157925239061,0.70381784
siPRRX1/mmMYOD1,OSR2,-11.14811,-0.7003322,7.314301916941781e-29,6.748885357555493e-28,0.325992465951898,0.7003322
siPRRX1/mmMYOD1,MXD4,-5.4665895,-0.69998145,4.587768951692851e-08,2.0212334639038068e-07,0.10084033613445378,0.69998145
siPRRX1/mmMYOD1,ASPSCR1,3.8394082,0.6997564,0.00012333122011556742,0.00042042749988211803,0.14024920312952768,0.6997564
siPRRX1/mmMYOD1,METTL14,12.205604,0.6997111,2.901499923882056e-34,3.0645027875940296e-33,0.4618951028687337,0.6997111
siPRRX1/mmMYOD1,PPARD,5.3791323,0.69883263,7.484565847876479e-08,3.257360061913848e-07,0.19617502173283105,0.69883263
siPRRX1/mmMYOD1,NRF1,4.989453,0.69423795,6.055054392447632e-07,2.4939255278893684e-06,0.19849319037960012,0.69423795
siPRRX1/mmMYOD1,ZNF580,-6.716262,-0.6929341,1.8644545003838228e-11,9.839761769991925e-11,0.12865835989568242,0.6929341
siPRRX1/mmMYOD1,ZNF664,-6.5598674,-0.6926496,5.385572076606388e-11,2.783601567438125e-10,0.12170385395537525,0.6926496
siPRRX1/mmMYOD1,RFX8,7.9385867,0.6903884,2.0449807321441017e-15,1.2682121717274046e-14,0.33004926108374383,0.6903884
siPRRX1/mmMYOD1,APEX2,2.658133,0.6895585,0.007857485273606857,0.02148112950018154,0.09562445667922341,0.6895585
siPRRX1/mmMYOD1,USP39,7.139451,0.68585163,9.370444093223097e-13,5.247197249161288e-12,0.2738336713995943,0.68585163
siPRRX1/mmMYOD1,BRF1,3.1320002,0.6842113,0.0017361978247098183,0.005213798528166839,0.11822660098522167,0.6842113
siPRRX1/mmMYOD1,HIC1,3.0443423,0.68308455,0.0023318974193500706,0.006876516153481449,0.12112431179368299,0.68308455
siPRRX1/mmMYOD1,XBP1,-23.728985,-0.68071795,1.8110879815276604e-124,6.039049964502752e-123,0.5427412344248044,0.68071795
siPRRX1/mmMYOD1,CHAMP1,-9.433819,-0.6799728,3.954252708318602e-21,2.965630318110645e-20,0.20515792523906115,0.6799728
siPRRX1/mmMYOD1,TRIM69,10.254113,0.67338043,1.1341269664447943e-24,9.432350545901873e-24,0.42161692263112144,0.67338043
siPRRX1/mmMYOD1,PTPMT1,-17.097717,-0.672544,1.543308265772558e-65,2.772419339417245e-64,0.4665314401622718,0.672544
siPRRX1/mmMYOD1,GLIS1,3.0050175,0.66918623,0.0026556557900232606,0.007757253271172575,0.15444798609098812,0.66918623
siPRRX1/mmMYOD1,DDX20,4.793494,0.6682744,1.6390103496184493e-06,6.571261155162537e-06,0.1926977687626775,0.6682744
siPRRX1/mmMYOD1,TBX18,2.8240871,0.6671268,0.004741548440203299,0.01338494600829343,0.14024920312952768,0.6671268
siPRRX1/mmMYOD1,JUNB,-21.01013,-0.6669665,5.298981416592764e-98,1.3982833786545417e-96,0.39177050130396984,0.6669665
siPRRX1/mmMYOD1,PSMA6,35.06452,0.66598004,2.3427265381424704e-269,1.8506800620871843e-267,0.9411764705882353,0.66598004
siPRRX1/mmMYOD1,ZNF24,8.522407,0.6640687,1.562721119382764e-17,1.0508502221155526e-16,0.35670820052158797,0.6640687
siPRRX1/mmMYOD1,ZBTB20,19.011225,0.65705746,1.3770221147209218e-80,2.9498193153842026e-79,0.8380179658070125,0.65705746
siPRRX1/mmMYOD1,HLTF,-16.060095,-0.6569821,4.8580609077746246e-58,7.788448223591046e-57,0.4665314401622718,0.6569821
siPRRX1/mmMYOD1,CLOCK,12.187326,0.6539147,3.631409789138188e-34,3.820914451243634e-33,0.49174152419588524,0.6539147
siPRRX1/mmMYOD1,IKZF5,2.4110255,0.65274024,0.01590773526338943,0.04146575481063788,0.10489713126629963,0.65274024
siPRRX1/mmMYOD1,FOXM1,-6.384049,-0.65234953,1.724658259971659e-10,8.677695830060335e-10,0.12170385395537525,0.65234953
siPRRX1/mmMYOD1,PRRX2,-9.972318,-0.6520648,2.0147066073852296e-23,1.6100613409837763e-22,0.22254419008982904,0.6520648
siPRRX1/mmMYOD1,SMAD1,-7.5542407,-0.65147555,4.2130969493086276e-14,2.481288189195359e-13,0.14285714285714285,0.65147555
siPRRX1/mmMYOD1,NFIA,4.193729,0.64982927,2.7440607263263524e-05,9.992259518491279e-05,0.215879455230368,0.64982927
siPRRX1/mmMYOD1,BPTF,19.018276,0.64913,1.2037816985043794e-80,2.5831277886843764e-79,0.7490582439872501,0.64913
siPRRX1/mmMYOD1,ZNF28,4.1019387,0.6489486,4.0970261524264276e-05,0.0001465472488345416,0.1587945523036801,0.6489486
siPRRX1/mmMYOD1,ZNF880,5.3782387,0.644739,7.521800797032957e-08,3.2729962738366516e-07,0.1964647928136772,0.644739
siPRRX1/mmMYOD1,MNT,-4.13789,-0.642341,3.5051425039694244e-05,0.00012616900759580612,0.07592002318168647,0.642341
siPRRX1/mmMYOD1,TRIB3,-5.911796,-0.64170754,3.383975253693403e-09,1.5922868903230024e-08,0.09359605911330049,0.64170754
siPRRX1/mmMYOD1,CHD1,12.155503,0.63703525,5.3630292962028755e-34,5.605216178443756e-33,0.5111561866125761,0.63703525
siPRRX1/mmMYOD1,RIOK2,7.9684386,0.6352415,1.6069164528400075e-15,1.0000099853881578e-14,0.33033903216459,0.6352415
siPRRX1/mmMYOD1,ZZZ3,11.139999,0.63412184,8.012025925171587e-29,7.381793716635279e-28,0.45986670530281076,0.63412184
siPRRX1/mmMYOD1,NUCB1,-13.894501,-0.6337241,6.839871929780687e-44,8.842750277004025e-43,0.38075920023181686,0.6337241
siPRRX1/mmMYOD1,NFYC,5.2620034,0.6324115,1.42494129439085e-07,6.104940957080524e-07,0.22718052738336714,0.6324115
siPRRX1/mmMYOD1,NFIB,-2.4983857,-0.6319373,0.012476039163432174,0.0330328793329106,0.03998840915676616,0.6319373
siPRRX1/mmMYOD1,ZNF814,3.348234,0.628216,0.0008132830666206915,0.0025416491394378332,0.13995943204868155,0.628216
siPRRX1/mmMYOD1,DAB2,-24.151869,-0.62242943,7.136495832581844e-129,2.4821128977710355e-127,0.8484497247174732,0.62242943
siPRRX1/mmMYOD1,HMG20A,4.7345214,0.6209847,2.1957280279540316e-06,8.727844646988073e-06,0.19704433497536947,0.6209847
siPRRX1/mmMYOD1,STUB1,-8.634943,-0.61928207,5.875651627273259e-18,4.019067687795055e-17,0.20428861199652273,0.61928207
siPRRX1/mmMYOD1,RXRA,-5.175942,-0.6171507,2.2676377263074406e-07,9.56962991947943e-07,0.1092436974789916,0.6171507
siPRRX1/mmMYOD1,CEBPD,-10.584175,-0.61555034,3.5287592165451514e-26,3.049247353372108e-25,0.23123732251521298,0.61555034
siPRRX1/mmMYOD1,TIMM8A,6.7861385,0.6144195,1.1517474694018346e-11,6.137914477284686e-11,0.2891915386844393,0.6144195
siPRRX1/mmMYOD1,PIK3C3,8.096377,0.6141914,5.662006963322543e-16,3.5904780545840244e-15,0.35757751376412633,0.6141914
siPRRX1/mmMYOD1,ASCC1,5.288752,0.60857767,1.2315367211075175e-07,5.290811900836242e-07,0.23007823819182846,0.60857767
siPRRX1/mmMYOD1,HIVEP1,5.0014334,0.608459,5.690569842202692e-07,2.346891468847823e-06,0.2662996232975949,0.608459
siPRRX1/mmMYOD1,JDP2,-5.9489455,-0.60785556,2.6987532665647453e-09,1.27934694289344e-08,0.12923790205737468,0.60785556
siPRRX1/mmMYOD1,CNOT4,11.431703,0.60766447,2.903585774469131e-30,2.792303954080491e-29,0.530860620110113,0.60766447
siPRRX1/mmMYOD1,GTF2A1,-7.991963,-0.6067554,1.3280713878844242e-15,8.29158905395207e-15,0.1845841784989858,0.6067554
siPRRX1/mmMYOD1,TRMT1,3.1846733,0.6063614,0.0014491755225737963,0.004405007805049013,0.14111851637206607,0.6063614
siPRRX1/mmMYOD1,EZR,22.495708,0.6056946,4.572179080742055e-112,1.379476006505332e-110,0.8861199652274703,0.6056946
siPRRX1/mmMYOD1,ZNF275,-2.6203184,-0.60527664,0.008784767724596862,0.02384695429369698,0.058823529411764705,0.60527664
siPRRX1/mmMYOD1,DTL,6.632937,0.60280347,3.290725914103903e-11,1.718947816875051e-10,0.29266879165459286,0.60280347
siPRRX1/mmMYOD1,THAP1,5.88086,0.60014296,4.0814050172321635e-09,1.9129055669385706e-08,0.3022312373225152,0.60014296
siPRRX1/mmMYOD1,TIA1,12.334543,0.59127784,5.902298378941127e-35,6.327284075575501e-34,0.5253549695740365,0.59127784
siPRRX1/mmMYOD1,ZRSR2,6.701466,0.590055,2.0633904846908313e-11,1.086447109285698e-10,0.30454940596928426,0.590055
siPRRX1/mmMYOD1,RAD21,-19.196417,-0.5876716,3.965139461422443e-82,8.679634824557765e-81,0.7681831353230948,0.5876716
siPRRX1/mmMYOD1,SMARCC1,-13.145645,-0.5874043,1.8026204502284992e-39,2.1333280394433872e-38,0.39524775427412345,0.5874043
siPRRX1/mmMYOD1,EXOSC3,8.102376,0.58671933,5.389605879462356e-16,3.4220717655551807e-15,0.35757751376412633,0.58671933
siPRRX1/mmMYOD1,ZBTB11,4.2625523,0.5859027,2.0210529402271334e-05,7.450494292531705e-05,0.1863228049840626,0.5859027
siPRRX1/mmMYOD1,CREB1,6.837239,0.58041507,8.073403065000957e-12,4.335710048332704e-11,0.3170095624456679,0.58041507
siPRRX1/mmMYOD1,CREB3L1,-16.25003,-0.5802271,2.2325334068292615e-59,3.658841726035233e-58,0.552883222254419,0.5802271
siPRRX1/mmMYOD1,LCORL,8.044293,0.57790995,8.674478495539102e-16,5.4606910629786376e-15,0.3906114169805853,0.57790995
siPRRX1/mmMYOD1,KDM5A,12.395417,0.5773727,2.767009675832599e-35,2.9854138863507088e-34,0.5647638365691104,0.5773727
siPRRX1/mmMYOD1,DNAJC21,-12.434922,-0.576614,1.6890504088973685e-35,1.8318406383546082e-34,0.3830773688785859,0.576614
siPRRX1/mmMYOD1,SMAD7,-6.016079,-0.5763239,1.786926078877229e-09,8.549522901651427e-09,0.12923790205737468,0.5763239
siPRRX1/mmMYOD1,ZNF800,5.9624705,0.5761199,2.484523722677917e-09,1.18059664256737e-08,0.29411764705882354,0.5761199
siPRRX1/mmMYOD1,VAMP3,-16.493391,-0.5745919,4.093214356798305e-61,6.907161315562207e-60,0.539553752535497,0.5745919
siPRRX1/mmMYOD1,ZNF644,10.580192,0.56608355,3.6820346214505097e-26,3.1805971366113717e-25,0.5097073312083454,0.56608355
siPRRX1/mmMYOD1,MBTPS2,-4.2912164,-0.5653954,1.776972179053448e-05,6.583656947456199e-05,0.10779484207476094,0.5653954
siPRRX1/mmMYOD1,DEAF1,3.265051,0.56216115,0.001094444096971142,0.0033706886085784456,0.14546508258475804,0.56216115
siPRRX1/mmMYOD1,SFPQ,14.968105,0.5605715,1.1865283303066893e-50,1.7105954201232073e-49,0.6913937988988699,0.5605715
siPRRX1/mmMYOD1,RARG,-8.650137,-0.55862135,5.143761940500216e-18,3.5261452645498605e-17,0.23471457548536656,0.55862135
siPRRX1/mmMYOD1,JRKL,5.724427,0.5579643,1.0378341150723458e-08,4.741733608765131e-08,0.2535496957403651,0.5579643
siPRRX1/mmMYOD1,ZNF264,3.539444,0.5563083,0.0004009708145956929,0.0012989794487846497,0.1643002028397566,0.5563083
siPRRX1/mmMYOD1,ZNF362,-2.3825867,-0.55405265,0.017191486031465218,0.04451547856477634,0.058533758330918575,0.55405265
siPRRX1/mmMYOD1,NFE2L1,-16.22,-0.5534214,3.642042161598424e-59,5.9571534820867234e-58,0.592581860330339,0.5534214
siPRRX1/mmMYOD1,ZNF524,-2.7208538,-0.5523705,0.006511355018290041,0.018021369625112645,0.06577803535207186,0.5523705
siPRRX1/mmMYOD1,BNC2,13.174839,0.5513533,1.2248873118580304e-39,1.4544157450710668e-38,0.6392350043465662,0.5513533
siPRRX1/mmMYOD1,ZNF518A,5.938718,0.5494944,2.8725976421847912e-09,1.3595840135246937e-08,0.3013619240799768,0.5494944
siPRRX1/mmMYOD1,PQBP1,9.948538,0.5494471,2.5591591849602097e-23,2.0403204173757902e-22,0.4589973920602724,0.5494471
siPRRX1/mmMYOD1,ZNF652,5.304854,0.54827243,1.1276324375439727e-07,4.858597987091563e-07,0.2619530570849029,0.54827243
siPRRX1/mmMYOD1,ZKSCAN8,2.7714522,0.5477716,0.0055806860582961245,0.015602494169013235,0.14807302231237324,0.5477716
siPRRX1/mmMYOD1,ZNF706,-17.092308,-0.545268,1.6933803488081309e-65,3.039830157337148e-64,0.6186612576064908,0.545268
siPRRX1/mmMYOD1,CREBZF,3.160581,0.5440709,0.0015745479634355765,0.004755738764968484,0.16603882932483338,0.5440709
siPRRX1/mmMYOD1,DHX36,19.366282,0.5430209,1.486089853559427e-83,3.3197736050700424e-82,0.8385975079687047,0.5430209
siPRRX1/mmMYOD1,SMARCA1,-15.766749,-0.542891,5.269263918652067e-56,8.226490464519018e-55,0.5989568241089539,0.542891
siPRRX1/mmMYOD1,ZNF496,2.8014705,0.5424848,0.005087029676313439,0.014318241784224025,0.12344248044045204,0.5424848
siPRRX1/mmMYOD1,KLF16,-2.362391,-0.5409942,0.018157484386163828,0.046784620228245144,0.060851926977687626,0.5409942
siPRRX1/mmMYOD1,MAFG,2.4923418,0.54034585,0.012690384602836606,0.03357910093240007,0.1643002028397566,0.54034585
siPRRX1/mmMYOD1,PSMC2,11.299192,0.5367201,1.3243039038195813e-29,1.2472064068992085e-28,0.5236163430889598,0.5367201
siPRRX1/mmMYOD1,ZHX1,9.094263,0.5359184,9.523018053495303e-20,6.864577377536827e-19,0.4239350912778905,0.5359184
siPRRX1/mmMYOD1,CPSF4,2.371874,0.53265357,0.017698124763568586,0.0457233509057345,0.12518110692552883,0.53265357
siPRRX1/mmMYOD1,WRNIP1,-4.9428616,-0.5315094,7.698408332876084e-07,3.149543235939926e-06,0.1341640104317589,0.5315094
siPRRX1/mmMYOD1,TFAP2C,-3.0328019,-0.5310124,0.002422947076985231,0.007124875610834212,0.06172124022022602,0.5310124
siPRRX1/mmMYOD1,FEZ1,-4.7787952,-0.52946144,1.7634864815980418e-06,7.059019896447916e-06,0.09939148073022312,0.52946144
siPRRX1/mmMYOD1,MAX,9.683257,0.526952,3.5521540984010537e-22,2.737859123796836e-21,0.4775427412344248,0.526952
siPRRX1/mmMYOD1,ARID3A,5.7984667,0.5261341,6.6924080664690715e-09,3.0978055970520976e-08,0.29962329759490003,0.5261341
siPRRX1/mmMYOD1,POLR2A,13.697804,0.52512985,1.0464056724724853e-42,1.3174505203648053e-41,0.6673427991886409,0.52512985
siPRRX1/mmMYOD1,AR,-8.773061,-0.5245472,1.7387457683951326e-18,1.2088193096099641e-17,0.25325992465951896,0.5245472
siPRRX1/mmMYOD1,SMC3,-16.98869,-0.5218281,9.958891255278684e-65,1.7712397358997783e-63,0.7029846421327152,0.5218281
siPRRX1/mmMYOD1,AFF4,14.5459,0.5203878,6.200949091580207e-48,8.555601495942234e-47,0.7757171834250942,0.5203878
siPRRX1/mmMYOD1,ADNP2,2.3615425,0.5203531,0.018199092963742104,0.046887004732307586,0.14807302231237324,0.5203531
siPRRX1/mmMYOD1,NELFA,3.6543252,0.51866764,0.0002578592933500457,0.0008533517145595142,0.18835120254998552,0.51866764
siPRRX1/mmMYOD1,ILF3,15.414019,0.51671416,1.3175675463259512e-53,1.98642543618871e-52,0.7281947261663286,0.51671416
siPRRX1/mmMYOD1,UTP18,8.84567,0.51657116,9.098115729190098e-19,6.381933167797715e-18,0.4381338742393509,0.51657116
siPRRX1/mmMYOD1,TEAD1,19.419724,0.51268214,5.257166254089547e-84,1.1828387900710732e-82,0.8710518690234714,0.51268214
siPRRX1/mmMYOD1,MIEF1,4.912182,0.51236403,9.006840482688882e-07,3.668064715685396e-06,0.2552883222254419,0.51236403
siPRRX1/mmMYOD1,ZNF407,4.778373,0.5122819,1.767195751939341e-06,7.072737097661016e-06,0.2500724427702115,0.5122819
siPRRX1/mmMYOD1,ZNF181,2.3805847,0.5067571,0.017285185323888473,0.044734974253908134,0.12460156476383658,0.5067571
siPRRX1/mmMYOD1,ZFP90,2.5341256,0.5050433,0.011272832033693397,0.030092128748294433,0.1854534917415242,0.5050433
siPRRX1/mmMYOD1,NMI,19.76588,0.50483316,5.856684439783945e-87,1.359250155153564e-85,0.8675746160533179,0.50483316
siPRRX1/mmMYOD1,SSBP3,5.5420003,0.50205505,2.990354884505134e-08,1.333650347600669e-07,0.2773109243697479,0.50205505
siPRRX1/mmMYOD1,ATF2,6.2035584,0.50126153,5.520047211178591e-10,2.7093889114530434e-09,0.3144016227180527,0.50126153
